ENCODED_MCT,MCT_BSE_AR,MCT_NM,MCT_BRD_NUM,MCT_SIGUNGU_NM,HPSN_MCT_ZCD_NM,HPSN_MCT_BZN_CD_NM,ARE_D,MCT_ME_D,DISTRICT_CATEGORY
16184E93D9,서울 성동구 마장동,성우**,,서울 성동구,축산물,마장동,20130320,,마장동
4D039EA8B7,서울 성동구 마장동,대보**,,서울 성동구,축산물,마장동,20131122,,마장동
0074C4990A,서울 성동구 마장동,대용**,,서울 성동구,축산물,마장동,20140512,,마장동
68308F2746,서울 성동구 마장동,통일**,,서울 성동구,축산물,마장동,20151124,,마장동
4117EDDE9C,서울 성동구 마장동,한울**,,서울 성동구,축산물,마장동,20151211,,마장동
281CA527F1,서울 성동구 마장동,대광**,,서울 성동구,축산물,마장동,20170222,,마장동
9A71D71270,서울 성동구 마장동,미림**,,서울 성동구,식품 제조,,20170817,,마장동
761947ABD9,서울 성동구 마장동,호남*,,서울 성동구,한식-육류/고기,마장동,20130531,,마장동
145BA84596,서울 성동구 사근동,고향***,,서울 성동구,한식-찌개/전골,한양대,20140618,,한양대
27C88660A5,서울 성동구 송정동,북*,,서울 성동구,중식당,,20141217,,송정동
BAACCE3A2C,서울 성동구 용답동,좋은**,,서울 성동구,식료품,장한평자동차,20130305,,장한평자동차
BE3EAEA415,서울 성동구 용답동,별난**,,서울 성동구,한식-국수/만두,답십리,20140107,,답십리
01AAD3CFFA,서울 성동구 행당동,행당**,,서울 성동구,식료품,왕십리,20160513,,왕십리
C3E6D8B14F,서울 성동구 행당동,이혜*******,,서울 성동구,인삼제품,행당,20131216,,행당
E606947836,서울 성동구 홍익동,정*,,서울 성동구,중식당,왕십리,20150918,,왕십리
E863289A7D,서울 성동구 홍익동,조은**,,서울 성동구,한식-단품요리일반,,20150116,,왕십리
B584924DB0,서울 성동구 행당1동,왕십****,,서울 성동구,식품 제조,왕십리,20140828,,왕십리
2344622681,서울  성동구  도선동,광한******,,서울 성동구,한식-해물/생선,왕십리,20110502,,왕십리
3E35A71757,서울  성동구  마장동,멕시*****,치킨19,서울 성동구,치킨,,20050830,,마장동
5017C6924A,서울  성동구  마장동,도미********,피자2,서울 성동구,피자,,20100723,,마장동
888828B4FB,서울  성동구  마장동,현대**,,서울 성동구,식료품,,20070420,,마장동
06C463E9D9,서울  성동구  마장동,청계**,,서울 성동구,식료품,,20070704,,마장동
5AEEA3B4EF,서울  성동구  마장동,한양**,,서울 성동구,식료품,,20101008,,마장동
1400634946,서울  성동구  마장동,한일**,,서울 성동구,중식당,,20040728,,마장동
3E61C339E2,서울  성동구  마장동,세화**,,서울 성동구,축산물,,20020924,,마장동
B81D338DB6,서울  성동구  마장동,대성**,축산물2,서울 성동구,축산물,마장동,20030819,,마장동
8941E2A3A0,서울  성동구  마장동,광*,,서울 성동구,축산물,,20090304,,마장동
D5CFCB32BA,서울  성동구  마장동,희망**,,서울 성동구,축산물,,20110720,,마장동
319880C87E,서울  성동구  마장동,한일**,,서울 성동구,축산물,마장동,20120312,,마장동
A6277E8E47,서울  성동구  마장동,세계**,,서울 성동구,축산물,마장동,20120911,,마장동
57AEEDF72B,서울  성동구  마장동,파리**********,베이커리10,서울 성동구,베이커리,마장동,20110112,,마장동
99730CC7C5,서울  성동구  마장동,진*,,서울 성동구,요리주점,왕십리,20000420,,마장동
1900B33A12,서울  성동구  마장동,삼대**,한식-냉면1,서울 성동구,한식-냉면,,20081008,,마장동
112C9E0C52,서울  성동구  마장동,대구*,,서울 성동구,백반/가정식,마장동,20140211,,마장동
87569153FF,서울  성동구  마장동,원조***,,서울 성동구,한식-육류/고기,,20050201,,마장동
AC6B3827B8,서울  성동구  마장동,훈희***,,서울 성동구,한식-육류/고기,마장동,20090122,,마장동
8425C2D133,서울  성동구  마장동,몽실******,,서울 성동구,한식-육류/고기,마장동,20110506,,마장동
21C4BDD140,서울  성동구  마장동,순대**,,서울 성동구,한식-국밥/설렁탕,마장동,20051223,,마장동
11B0AA1C3B,서울  성동구  마장동,동원**,,서울 성동구,한식-단품요리일반,왕십리,20011022,,마장동
E6AE130DD5,서울  성동구  마장로,마장*****,,서울 성동구,한식-육류/고기,,20111109,,마장동
EE8D458B93,서울  성동구  무학로,와이***********,,서울 성동구,축산물,,20121109,,왕십리
1F5C564B04,서울  성동구  상원길,맛드*,,서울 성동구,반찬,뚝섬,20130410,,뚝섬
69EE47A25B,서울  성동구  상원길,피자********,피자8,서울 성동구,피자,뚝섬,20121231,,뚝섬
6E87D8EF74,서울  성동구  상원길,담바*,,서울 성동구,한식-육류/고기,뚝섬,20140318,,뚝섬
82F292A867,서울  성동구  송정동,델리**,,서울 성동구,식료품,,20090904,,송정동
BDEBB09D4F,서울  성동구  송정동,본토****,,서울 성동구,한식-육류/고기,,20100817,,송정동
9D085B6A2F,서울  성동구  용답동,동부**,,서울 성동구,백반/가정식,장한평자동차,20110329,,장한평자동차
6D8F7BBA89,서울  성동구  용답동,고향**,,서울 성동구,한식-단품요리일반,장한평자동차,20030421,,장한평자동차
5B646D947B,서울  성동구  응봉동,풀무*********,식료품3,서울 성동구,식료품,,20120608,,행당
875116B12A,서울  성동구  응봉동,단아**,,서울 성동구,떡/한과 제조,,20070417,,행당
21752D89FB,서울  성동구  행당동,영*,,서울 성동구,건강식품,행당,20090316,,행당
80E637212D,서울  성동구  행당동,에스******,,서울 성동구,커피전문점,행당,20110808,,행당
CEF3D93273,서울  성동구  행당동,종로**,,서울 성동구,떡/한과 제조,행당,20061026,,행당
33361C935B,서울  성동구  행당동,만두**,,서울 성동구,한식-국수/만두,행당,20101112,,행당
E1C897591D,서울  성동구  행당동,코페*,,서울 성동구,한식-단품요리일반,한양대,20061023,,한양대
1F7ECE7D49,서울  성동구  행당동,아폴*********,,서울 성동구,한식-단품요리일반,왕십리,20110105,,왕십리
25D2E98F3A,서울  성동구  행당동,무탁****,,서울 성동구,한식-단품요리일반,왕십리,20111107,,왕십리
66A39F4442,서울  성동구  홍익동,정은****,,서울 성동구,한식-육류/고기,왕십리,20100408,,왕십리
3E96264C22,서울  성동구  홍익동,맛나**,,서울 성동구,한식-찌개/전골,왕십리,20060216,,왕십리
C1C06DF70A,서울 성동구 마조로 9,설빙****,아이스크림/빙수2,서울 성동구,아이스크림/빙수,한양대,20140623,,한양대
8ABD74319E,서울 성동구 무학로 8,70******,,서울 성동구,룸살롱/단란주점,,20151116,,왕십리
8749D150F3,서울  성동구  상원6길,오가******,,서울 성동구,한식-해물/생선,뚝섬,20111103,,뚝섬
5BE883AA16,서울  성동구  옥수2동,극동*****,,서울 성동구,축산물,,19941128,,옥수
94C8165F35,서울  성동구  옥수2동,전주*******,,서울 성동구,백반/가정식,옥수,19981207,,옥수
ED815EC186,서울  성동구  옥수2동,양지***,,서울 성동구,한식-육류/고기,옥수,20000607,,옥수
FBDA2A8798,서울  성동구  옥수2동,장군**,,서울 성동구,한식-육류/고기,옥수,20021109,,옥수
147235F3A5,서울  성동구  옥수2동,돈까*,,서울 성동구,일식-덮밥/돈가스,옥수,20070314,,옥수
167F268F8E,서울  성동구  행당1동,돔카*,,서울 성동구,카페,왕십리,20110525,,왕십리
7C3795DF2D,서울  성동구  행당1동,한양***********,,서울 성동구,식료품,한양대,20090311,,한양대
E9EB56D7EC,서울  성동구  행당1동,한양***,,서울 성동구,한식-육류/고기,한양대,20100719,,한양대
55B4F11C0E,서울  성동구  행당2동,김밥**,,서울 성동구,분식,행당,20101011,,행당
C75AC23756,서울  성동구  행당2동,대림****,,서울 성동구,축산물,행당,20000627,,행당
4DEDE7CD03,서울 성동구 금호동2가,닭한*****,,서울 성동구,한식-육류/고기,신금호,20041102,,신금호
8F1003CA95,서울 성동구 금호동3가,귀일**,,서울 성동구,분식,금남시장,20160315,,금남시장
04BACBFB49,서울 성동구 금호로 56,해장***,,서울 성동구,백반/가정식,금남시장,20070125,,신금호
5946F40892,서울 성동구 금호로 62,교촌******,치킨6,서울 성동구,치킨,금남시장,20130325,,신금호
17FF425166,서울 성동구 금호로 66,광주**,,서울 성동구,한식-해물/생선,,20020708,,신금호
AB0716250B,서울 성동구 동일로 83,와규**,,서울 성동구,한식-육류/고기,,20080515,,건대입구
E9D4FB94A0,서울 성동구 동일로 83,참나*****,,서울 성동구,한식-단품요리일반,,20100223,,건대입구
149BA1B7C7,서울 성동구 마조로 11,써브******,샌드위치/토스트2,서울 성동구,샌드위치/토스트,한양대,20020121,,한양대
2AECA02B3A,서울 성동구 마조로 17,대*,,서울 성동구,축산물,한양대,20020430,,한양대
11A66B8033,서울 성동구 마조로 17,돼지*,,서울 성동구,한식-육류/고기,한양대,20020321,,한양대
CE3D519C06,서울 성동구 마조로 17,장어**,,서울 성동구,한식-해물/생선,한양대,20090617,,한양대
03A222EE9D,서울 성동구 마조로 17,놀란*,,서울 성동구,한식-단품요리일반,한양대,20140609,,한양대
946BE40BF1,서울 성동구 마조로 25,토리********,,서울 성동구,일식당,한양대,20150911,,한양대
B2378AFA3D,서울 성동구 마조로 29,성일***,,서울 성동구,한식-감자탕,한양대,20100217,,한양대
F512DF538E,서울 성동구 마조로 31,맘스*******,햄버거2,서울 성동구,햄버거,한양대,20150831,,한양대
C2207433F7,서울 성동구 마조로 33,한솥***********,도시락3,서울 성동구,도시락,한양대,20100712,,한양대
9350A78BD7,서울 성동구 마조로 33,동방***,,서울 성동구,꼬치구이,한양대,20140721,,한양대
661C7C734C,서울 성동구 마조로 35,크로*******,,서울 성동구,베이커리,한양대,20020925,,한양대
43CE48A1CD,서울 성동구 마조로 39,스마*,,서울 성동구,분식,한양대,20090303,,한양대
0E2AE2C4F1,서울 성동구 마조로 7.,철*,,서울 성동구,백반/가정식,한양대,20160823,,한양대
7102ACD438,서울 성동구 매봉길 2.,인덕***,,서울 성동구,양식,옥수,20180117,,옥수
F80F79F599,서울 성동구 매봉길 2.,파파*****,피자7,서울 성동구,피자,옥수,20051130,,옥수
FCBC740B1D,서울 성동구 무학로 33,왕십**********,베이커리10,서울 성동구,베이커리,,20160419,,왕십리
D427F7C6AB,서울 성동구 무학로 42,벽산****,,서울 성동구,포장마차,,20091202,,왕십리
7D6F493369,서울 성동구 상원6길 5,춘천***,한식-육류/고기25,서울 성동구,한식-육류/고기,뚝섬,20000318,,뚝섬
98BA99BFE9,서울 성동구 상원8길 1,가든***,,서울 성동구,축산물,뚝섬,20090717,,뚝섬
54529B6426,서울 성동구 상원길 52,둘둘***********,치킨14,서울 성동구,치킨,뚝섬,20101101,,뚝섬
3DD6585AD5,서울 성동구 상원길 54,이흥***,,서울 성동구,한식-육류/고기,뚝섬,19990205,,뚝섬
2B89D787CB,서울 성동구 상원길 60,왕짜*,중식당3,서울 성동구,중식당,뚝섬,20181205,,뚝섬
3B0F367222,서울 성동구 성수동2가,맛닭******,치킨18,서울 성동구,치킨,성수,20000906,,성수
4208C4C0A7,서울 성동구 성수동2가,삼오***,,서울 성동구,식품 제조,성수,20160729,,성수
838461E308,서울 성동구 성수동2가,찐짜**,,서울 성동구,백반/가정식,성수,20150824,,성수
E8E75C90BA,서울 성동구 성수동2가,20****,,서울 성동구,한식-해물/생선,성수,20090804,,성수
37FE3D6CC0,서울 성동구 성수동2가,빙아********,,서울 성동구,아이스크림/빙수,성수,20230421,,성수
BEFB51F3ED,서울 성동구 장터3길 8,뚱이***,,서울 성동구,한식-감자탕,금남시장,20150407,,금남시장
4349A8302A,서울 성동구 장터길 23,롯데******,햄버거1,서울 성동구,햄버거,금남시장,20150812,20250818.0,금남시장
9AE54FE931,서울 성동구 장터길 25,두레******,베이커리2,서울 성동구,베이커리,금남시장,20080325,,금남시장
4EE6AA4F0F,서울 성동구 장터길 30,먹거****,,서울 성동구,한식-육류/고기,금남시장,20110303,,금남시장
0D30BE35C0,서울 성동구 장터길 37,온달***,,서울 성동구,한식-육류/고기,금남시장,20150811,,금남시장
99A8865F14,서울 성동구 장터길 47,백미*,,서울 성동구,떡/한과 제조,금남시장,20011229,,금남시장
D0ECE18966,서울 성동구 장터길 47,진미**,,서울 성동구,한식-육류/고기,금남시장,20070214,,금남시장
D333ECD384,서울 성동구 장터길 49,은하*,,서울 성동구,룸살롱/단란주점,금남시장,20050913,,금남시장
C64FD46BFC,서울 성동구 행당로 38,덕흥***,,서울 성동구,축산물,,20001012,,행당
A4369EE806,서울 성동구 행당로 79,비타***,,서울 성동구,반찬,행당,20151112,,행당
3C97811992,서울  성동구  무수막길,강정***,,서울 성동구,치킨,신금호,20091029,,신금호
1527B8DFD5,서울  성동구  무수막길,미스***,치킨21,서울 성동구,치킨,신금호,20121023,,신금호
224AE94A24,서울  성동구  상원12길,예*,,서울 성동구,백반/가정식,뚝섬,20121022,,뚝섬
F1823DF685,서울 성동구 금호로 151,포마***,분식19,서울 성동구,분식,신금호,20100624,,신금호
1361C9B25C,서울 성동구 금호로 168,사와**,,서울 성동구,분식,신금호,20081229,,신금호
0616E5FFD3,서울 성동구 금호로 17.,마테****,,서울 성동구,양식,금남시장,20150320,,신금호
F20A9C3F30,서울 성동구 금호로 17.,해*,,서울 성동구,한식-육류/고기,금남시장,20120402,,신금호
E014ED20D7,서울 성동구 금호로 17.,유어***,,서울 성동구,한식-단품요리일반,금남시장,20131016,,신금호
77E78C7C26,서울 성동구 금호로 40.,금호**************,,서울 성동구,요리주점,,20161202,,신금호
88B36E48D9,서울 성동구 금호로 45.,필라*******,,서울 성동구,룸살롱/단란주점,금남시장,20020124,,신금호
69BC027D6D,서울 성동구 금호로 56.,만족********,한식-육류/고기8,서울 성동구,한식-육류/고기,금남시장,20160822,,신금호
A7F9CAA110,서울 성동구 금호로 66.,대중*****,,서울 성동구,한식-육류/고기,,20151030,,신금호
0286E31425,서울 성동구 금호로 84.,장미**,,서울 성동구,백반/가정식,,20150902,,신금호
C26F430D81,서울 성동구 금호로 86.,삼덕**,,서울 성동구,미곡상,,20130605,,신금호
AE28C5ED57,서울 성동구 난계로 32.,지코*******,치킨27,서울 성동구,치킨,,20230727,,왕십리
572B665575,서울 성동구 난계로 35.,이디***********,커피전문점6,서울 성동구,커피전문점,,20161123,,왕십리
93F595E5D2,서울 성동구 난계로 97.,삼미**,,서울 성동구,한식-단품요리일반,,20150121,,왕십리
66FA72C189,서울 성동구 둘레5길 15,지성**,,서울 성동구,백반/가정식,성수,20081103,,성수
81FB160AA4,서울 성동구 뚝섬로 404,풍년**,,서울 성동구,미곡상,성수,20070710,,성수
6D19A5E92A,서울 성동구 뚝섬로 404,중국*,,서울 성동구,중식당,성수,20070808,,성수
721715F255,서울 성동구 마장로 137,퍼멘*****,,서울 성동구,베이커리,,20200831,,마장동
43F46BD63A,서울 성동구 마장로 192,수원**,,서울 성동구,한식-육류/고기,,20130605,,마장동
0400611A92,서울 성동구 마장로 199,겨울**,,서울 성동구,백반/가정식,,20131031,,마장동
EC38BD01D9,서울 성동구 마장로 211,소대**,,서울 성동구,백반/가정식,왕십리,20140806,,마장동
571F96C27E,서울 성동구 마장로 223,김밥**,분식4,서울 성동구,분식,왕십리,20080619,,마장동
C18835BA2E,서울 성동구 마장로 227,달리***,,서울 성동구,포장마차,왕십리,20050701,,마장동
44EA134147,서울 성동구 마장로 232,권가*,,서울 성동구,한식-육류/고기,왕십리,20131024,,마장동
D86773997F,서울 성동구 마장로 283,세계********,주류1,서울 성동구,주류,,20080613,,마장동
F3D0744667,서울 성동구 마장로 296,비어**,호프/맥주3,서울 성동구,호프/맥주,,20060925,,마장동
43195F0299,서울 성동구 마장로 321,나*,,서울 성동구,백반/가정식,,20020403,,마장동
41CD6D7430,서울 성동구 마장로 326,들창*,,서울 성동구,한식-육류/고기,,20080520,,마장동
E6D7A15FD3,서울 성동구 마조로 17.,레드**,,서울 성동구,분식,한양대,20100218,,한양대
149F54EBF0,서울 성동구 마조로 17.,금*,,서울 성동구,중식당,한양대,20110808,,한양대
1F43B61BB2,서울 성동구 마조로 17.,든든****,,서울 성동구,호프/맥주,한양대,20130830,,한양대
2C264531BC,서울 성동구 마조로 17.,주물****,,서울 성동구,한식-육류/고기,한양대,20080812,,한양대
D1138B8FD3,서울 성동구 마조로 17.,올레*******,,서울 성동구,한식-육류/고기,한양대,20110906,,한양대
73F46BB8A3,서울 성동구 마조로 17.,육지**,,서울 성동구,한식-육류/고기,한양대,20131018,,한양대
FF37DA45D4,서울 성동구 마조로 17.,꼬지***,,서울 성동구,한식-육류/고기,한양대,20131118,,한양대
7A6A7EB10A,서울 성동구 마조로 17.,이모*****,,서울 성동구,한식-육류/고기,한양대,20141125,,한양대
55B960CBD0,서울 성동구 마조로 17.,더구**,,서울 성동구,한식-육류/고기,한양대,20150624,,한양대
0E559E84F4,서울 성동구 마조로 17.,양대*,,서울 성동구,한식-육류/고기,한양대,20160401,,한양대
42326C1AF5,서울 성동구 마조로 21.,금*,,서울 성동구,중식당,한양대,20011218,,한양대
3BCE6D8224,서울 성동구 마조로 21.,쏘러*,,서울 성동구,호프/맥주,한양대,20140722,,한양대
FCAF2BC53E,서울 성동구 마조로 21.,빽다******,커피전문점4,서울 성동구,커피전문점,한양대,20150731,20250818.0,한양대
87EDA03BF6,서울 성동구 마조로 25.,뉴스*****,호프/맥주7,서울 성동구,호프/맥주,한양대,20150820,,한양대
E10B522E89,서울 성동구 마조로 25.,이가**,,서울 성동구,한식-육류/고기,한양대,20050207,,한양대
9DB8C036CD,서울 성동구 마조로 27.,달포*,,서울 성동구,포장마차,한양대,20151229,,한양대
3AE3E04CCF,서울 성동구 마조로 29.,쥬*,주스1,서울 성동구,주스,한양대,20150526,,한양대
13CF34E13D,서울 성동구 마조로 29.,행컵*****,백반/가정식23,서울 성동구,백반/가정식,한양대,20220420,,한양대
1AEC503D19,서울 성동구 마조로 31.,교촌*******,치킨6,서울 성동구,치킨,한양대,20181113,,한양대
27751D8C2E,서울 성동구 마조로 33.,악어***,,서울 성동구,분식,한양대,20110517,,한양대
B3E898AB24,서울 성동구 마조로 34.,본도*********,도시락2,서울 성동구,도시락,한양대,20141120,,한양대
77F596FCF5,서울 성동구 마조로 35.,본죽*********,한식-죽2,서울 성동구,한식-죽,한양대,20140523,,한양대
64E401B0CC,서울 성동구 마조로 55.,청담**,,서울 성동구,반찬,,20160325,,한양대
05992E2BE5,서울 성동구 매봉길 13.,락앤*****,중식당1,서울 성동구,중식당,,20140507,,옥수
2324CB55B4,서울 성동구 매봉길 16.,래미***,,서울 성동구,한식-단품요리일반,옥수,20110314,,옥수
CF7D4E4D69,서울 성동구 매봉길 22.,함흥***,,서울 성동구,한식-국밥/설렁탕,옥수,20130802,,옥수
69013447B1,서울 성동구 무학로 10.,냉삼*********,,서울 성동구,한식-육류/고기,,20210420,,왕십리
765AA249BB,서울 성동구 무학로 33.,좋은******,,서울 성동구,식료품,,20231120,,왕십리
158EC80184,서울 성동구 무학로 33.,푸른**,,서울 성동구,축산물,,20241210,,왕십리
56F352C52C,서울 성동구 무학로 33.,퀸타*****,,서울 성동구,베이커리,,20161118,,왕십리
5FCE089938,서울 성동구 무학로 33.,이디******,커피전문점6,서울 성동구,커피전문점,,20161117,,왕십리
A8B5572DE8,서울 성동구 무학로 33.,애정***,,서울 성동구,백반/가정식,,20081215,,왕십리
3CAACEBFFD,서울 성동구 무학로 36.,한국***,,서울 성동구,백반/가정식,,20140217,,왕십리
52BE681A0A,서울 성동구 사근동 178,미네***,,서울 성동구,일식-우동/소바/라면,한양대,20161014,,한양대
8532D4C362,서울 성동구 사근동11길,그린******,,서울 성동구,카페,,20230223,,한양대
50832A2B37,서울 성동구 사근동길 4,비*,,서울 성동구,한식-찌개/전골,한양대,20090729,,한양대
3D05D0CBE9,서울 성동구 상왕십리동,일미**********,한식-육류/고기21,서울 성동구,한식-육류/고기,,20140812,,왕십리
E961D9800C,서울 성동구 상왕십리동,옐로************,,서울 성동구,한식-단품요리일반,,20211109,,왕십리
7FD59667F6,서울 성동구 상원10길 6,풍년*****,,서울 성동구,백반/가정식,뚝섬,20090520,,뚝섬
B0B5E9F0A8,서울 성동구 상원10길 8,미락******,,서울 성동구,한식-국수/만두,뚝섬,20100610,,뚝섬
F425FD13E4,서울 성동구 상원1길 15,돈벼***,,서울 성동구,한식-육류/고기,뚝섬,19991015,,뚝섬
BD237E8126,서울 성동구 상원2길 5.,페로************,,서울 성동구,카페,뚝섬,20200407,,뚝섬
87CD1EAFC6,서울 성동구 상원6길 4.,호남**,,서울 성동구,백반/가정식,뚝섬,20121122,,뚝섬
A194A2CDE5,서울 성동구 상원8길 1.,좋은**,,서울 성동구,농산물,뚝섬,20150206,,뚝섬
AEE017222D,서울 성동구 상원길 11.,연탄****,,서울 성동구,한식-해물/생선,뚝섬,20130507,,뚝섬
6B31815A9D,서울 성동구 상원길 19.,개인****************,,서울 성동구,카페,뚝섬,20150630,,뚝섬
968834B420,서울 성동구 상원길 24.,백채*********,한식-찌개/전골1,서울 성동구,한식-찌개/전골,뚝섬,20111205,,뚝섬
B7564CFF4B,서울 성동구 상원길 24.,미사*,,서울 성동구,한식-단품요리일반,뚝섬,20131210,,뚝섬
9092940228,서울 성동구 상원길 39.,하이***,,서울 성동구,분식,뚝섬,20150708,,뚝섬
CD0848A352,서울 성동구 상원길 39.,쥬씨*****,주스1,서울 성동구,주스,뚝섬,20160718,,뚝섬
DA1B23659C,서울 성동구 상원길 51.,종로**,,서울 성동구,떡/한과 제조,뚝섬,20131204,,뚝섬
EC5DF75B11,서울 성동구 상원길 59.,신전***,분식12,서울 성동구,분식,뚝섬,20160622,,뚝섬
7727CDA849,서울 성동구 상원길 64.,코너*,,서울 성동구,양식,뚝섬,20191011,,뚝섬
735CDC10F9,서울 성동구 상원길 66.,일로*******,,서울 성동구,한식-단품요리일반,뚝섬,20160610,,뚝섬
F42D0B483B,서울 성동구 성수1가1동,동부**,,서울 성동구,축산물,성수,20140212,,성수
3DEF9DCDB9,서울 성동구 아차산로 6,김밥**,분식4,서울 성동구,분식,뚝섬,20060427,,건대입구
D9C37DB102,서울 성동구 용답19길 5,로데***,,서울 성동구,한식-육류/고기,답십리,20050525,,용답
F5F6298388,서울 성동구 용답동 5-3,동호**,,서울 성동구,일식당,답십리,19960112,,답십리
D10F02182E,서울 성동구 장터길 37.,과일**,,서울 성동구,청과물,금남시장,20240118,,금남시장
B3301EF2AC,서울 성동구 장터길 39.,부원**,,서울 성동구,한식-냉면,금남시장,20070822,,금남시장
747B2FF05E,서울 성동구 장터길 46.,장군**,,서울 성동구,백반/가정식,금남시장,20090511,,금남시장
BD1FD7F407,서울 성동구 행당로 103,바르********,분식10,서울 성동구,분식,행당,20141204,,행당
9977D38E3F,서울 성동구 행당로 119,이삭***,샌드위치/토스트3,서울 성동구,샌드위치/토스트,행당,20150430,,행당
88375A5971,서울 성동구 행당로 129,김밥**,,서울 성동구,분식,왕십리,20080328,,행당
3114F5BFDA,서울 성동구 행당로 76.,도담**,,서울 성동구,인삼제품,행당,20131028,,행당
EB66B019B5,서울 성동구 행당로 79.,카페*********,,서울 성동구,카페,행당,20160621,,행당
CA28FD6B8A,서울 성동구 행당로 82.,왕십***,,서울 성동구,미곡상,행당,20140818,,행당
66317DF98C,서울 성동구 행당로 84.,치치****,,서울 성동구,주류,행당,20210506,,행당
D731C6D372,서울 성동구 행당로 84.,커피********,커피전문점9,서울 성동구,커피전문점,행당,20150910,,행당
1F08E8119D,서울 성동구 행당로 87.,비타***,청과물1,서울 성동구,청과물,행당,20160108,,행당
DFC09E5F2A,서울 성동구 행당로 87.,빵굼*,베이커리6,서울 성동구,베이커리,행당,20130304,,행당
5B3DE5F17F,서울 성동구 행당로 87.,방가*****,,서울 성동구,한식-육류/고기,행당,20150821,,행당
17725DC7CA,서울  성동구  금호동1가,종로**,,서울 성동구,떡/한과 제조,,20090206,,신금호
3849F9A089,서울  성동구  금호동1가,우촌****,,서울 성동구,한식-육류/고기,,20060704,,신금호
E2AF8DDCAD,서울  성동구  금호동1가,태능****,,서울 성동구,한식-육류/고기,,20071005,,신금호
C21A5454F4,서울  성동구  금호동2가,우리**,,서울 성동구,미곡상,신금호,20110314,,신금호
15EE2AE836,서울  성동구  금호동3가,조아*******,,서울 성동구,담배,금남시장,20110127,,금남시장
9676392FCC,서울  성동구  금호동3가,은진***,,서울 성동구,건어물,금남시장,20090324,,금남시장
4B2AF6047C,서울  성동구  금호동3가,은성**,,서울 성동구,한식-육류/고기,금남시장,20031013,,금남시장
DA3D8B1FB0,서울  성동구  금호동4가,브레*****,,서울 성동구,건강식품,,19980124,,금남시장
E4313DDAAD,서울  성동구  금호동4가,곽가*****,,서울 성동구,백반/가정식,금남시장,20110520,,금남시장
AC70EA0FCD,서울  성동구  금호산2길,중화*,,서울 성동구,중식당,금남시장,20150619,,금남시장
6E584F4319,서울  성동구  마조로5길,시선*****,,서울 성동구,포장마차,한양대,20121228,,한양대
FF39E0223D,서울  성동구  무학로2길,오븐******,치킨25,서울 성동구,치킨,왕십리,20121017,,왕십리
BE646F48C4,서울  성동구  무학로8길,카페***,,서울 성동구,카페,왕십리,20140627,,왕십리
2889D57BC9,서울  성동구  성수동2가,영남***,,서울 성동구,식품 제조,성수,20111214,20250731.0,성수
15E95AF364,서울 강남구 선릉로 711.,잭슨******,,서울 성동구,피자,,20211025,,
BCE250D47B,서울 성동구 금호로 100.,한*,,서울 성동구,농산물,,20141112,,신금호
921F25CC9D,서울 성동구 금호로 100.,현준**,,서울 성동구,청과물,,20160309,,신금호
55F3EC2326,서울 성동구 금호로 102.,가츠**,,서울 성동구,양식,,20130827,,신금호
D66D8AD118,서울 성동구 금호로 164.,청과****,,서울 성동구,청과물,신금호,20050117,,신금호
AB0A569DCA,서울 성동구 금호로 168.,먹태**,,서울 성동구,호프/맥주,신금호,20150812,,신금호
6DF56DD3F4,서울 성동구 금호로 40 .,커스*******,,서울 성동구,커피전문점,,20160202,,신금호
5468EE06CF,서울 성동구 금호로 47-1,금수*,,서울 성동구,중식당,금남시장,20020604,,신금호
13920AE06B,서울 성동구 금호산길 62,해마******,,서울 성동구,한식-육류/고기,신금호,20040901,,신금호
4EFDFC6E78,서울 성동구 금호산길 71,전주**,,서울 성동구,백반/가정식,신금호,20011207,,신금호
E32B3F96D3,서울 성동구 동일로 143.,우마************,,서울 성동구,일식당,,20090720,,건대입구
EADA92CB95,서울 성동구 동일로 143.,밥내*,,서울 성동구,한식-단품요리일반,,20160119,,건대입구
94864656C3,서울 성동구 동일로 265.,싱싱***,,서울 성동구,한식-육류/고기,,20150506,,건대입구
19DC3A560D,서울 성동구 동호로 102.,더건***************,,서울 성동구,식품 제조,,20150312,20250717.0,금남시장
E1B7CDD2A1,서울 성동구 동호로 93 .,비에***************,치킨3,서울 성동구,치킨,,20061019,,금남시장
96A00BF6D0,서울 성동구 동호로 93 .,파리********,베이커리10,서울 성동구,베이커리,,20240426,,금남시장
E23D8D8DEC,서울 성동구 둘레11길 26,우*,,서울 성동구,축산물,성수,20020715,,성수
23B6250706,서울 성동구 둘레15길 14,행복**,,서울 성동구,백반/가정식,성수,20110408,,성수
9635DC4359,서울 성동구 둘레15길 16,농우*,,서울 성동구,축산물,성수,20070525,,성수
3F320BF290,서울 성동구 뚝섬로 321.,국수***,,서울 성동구,한식-국수/만두,,20091103,,성수
5BF5A99836,서울 성동구 뚝섬로 337.,성수**,,서울 성동구,분식,성수,20141127,,성수
9CAEFAC424,서울 성동구 뚝섬로 338.,뚝섬***,,서울 성동구,한식-육류/고기,성수,20080801,,성수
B08C05B8DC,서울 성동구 뚝섬로 389.,한촌*********,한식-국밥/설렁탕14,서울 성동구,한식-국밥/설렁탕,성수,20141230,,성수
FB073006C3,서울 성동구 뚝섬로 392.,또래**,치킨15,서울 성동구,치킨,성수,20160127,,성수
B8DFA92D86,서울 성동구 뚝섬로 392.,규리******,,서울 성동구,호프/맥주,성수,20180618,,성수
4CE4BD3DBE,서울 성동구 뚝섬로 426.,홍정*,,서울 성동구,중식당,,20150210,,성수
5AF3D76D12,서울 성동구 뚝섬로 447.,스*,,서울 성동구,한식-단품요리일반,,20150427,,성수
5B4244B007,서울 성동구 마장로 137.,웃긴****,,서울 성동구,분식,,20210312,,마장동
D5D2A1D534,서울 성동구 마장로 137.,낀부**********,치킨8,서울 성동구,치킨,,20140811,,마장동
1777C724B3,서울 성동구 마장로 137.,고고***,,서울 성동구,치킨,,20150818,,마장동
0B68902965,서울 성동구 마장로 137.,서오***,,서울 성동구,피자,,20200901,,마장동
D218E37580,서울 성동구 마장로 137.,본도*******,도시락2,서울 성동구,도시락,,20211230,,마장동
C02F2D3CAA,서울 성동구 마장로 137.,안수*,,서울 성동구,일식당,,20210709,,마장동
582A075088,서울 성동구 마장로 137.,고(********,,서울 성동구,축산물,,20230512,,마장동
3D65A21626,서울 성동구 마장로 137.,컴포***********,커피전문점11,서울 성동구,커피전문점,,20240119,,마장동
E508B2FACD,서울 성동구 마장로 137.,유림****,,서울 성동구,한식-국수/만두,,20141024,,마장동
4ED49525EB,서울 성동구 마장로 137.,누들************,,서울 성동구,한식-육류/고기,,20150402,,마장동
8ED47EF2DD,서울 성동구 마장로 137.,나마*****,,서울 성동구,한식-해물/생선,,20190722,,마장동
A0FFF7EBFF,서울 성동구 마장로 185.,태평***,,서울 성동구,일식당,,20141229,,마장동
40F6DE923B,서울 성동구 마장로 223.,야미*,,서울 성동구,치킨,왕십리,20151007,,마장동
57B4E2F996,서울 성동구 마장로 228.,장충********,,서울 성동구,한식-육류/고기,왕십리,20151123,20250811.0,마장동
4C021A3A21,서울 성동구 마장로 228.,대게******,,서울 성동구,한식-해물/생선,왕십리,20151130,,마장동
64AC3356A0,서울 성동구 마장로 231.,목포**,,서울 성동구,백반/가정식,왕십리,20110413,,마장동
AA2334143C,서울 성동구 마장로 244.,잼(******,,서울 성동구,한식-찌개/전골,왕십리,20181211,,마장동
93DD2BDC37,서울 성동구 마장로 274.,우리******,,서울 성동구,한식-해물/생선,,20080319,,마장동
475ED601EB,서울 성동구 마장로 280.,지에************,커피전문점10,서울 성동구,커피전문점,,20130905,,마장동
58ABFB3565,서울 성동구 마장로 283.,김밥**,분식4,서울 성동구,분식,,20081226,,마장동
CC80B4E678,서울 성동구 마장로 283.,하은***,,서울 성동구,분식,,20101026,,마장동
8884E46F9D,서울 성동구 마장로 284.,대성*,,서울 성동구,중식당,,20130628,,마장동
CF178591B8,서울 성동구 마장로 285.,조개****,,서울 성동구,한식-찌개/전골,,20070601,,마장동
B170208380,서울 성동구 마장로 299.,피자******,피자8,서울 성동구,피자,,20130611,,마장동
6C51945707,서울 성동구 마장로 327.,군산**,,서울 성동구,백반/가정식,,20160802,,마장동
2BB4EF9F37,서울 성동구 마장로 328.,별바*,,서울 성동구,일식당,,20031001,,마장동
BE7D01F20E,서울 성동구 마조로 15-2,구이**,,서울 성동구,한식-육류/고기,한양대,20061030,,한양대
48731DE9B9,서울 성동구 마조로 17 .,우리******,,서울 성동구,치킨,한양대,20120201,20250707.0,한양대
51DB10788F,서울 성동구 마조로 35 .,버거*,,서울 성동구,햄버거,한양대,20160901,,한양대
8580604818,서울 성동구 마조로3길 6,알촌*****,분식13,서울 성동구,분식,한양대,20150227,,한양대
7E6F88E6D1,서울 성동구 마조로3길 8,이모****,,서울 성동구,한식-단품요리일반,한양대,20050831,,한양대
56B02A07FC,서울 성동구 마조로5길 3,황소**,,서울 성동구,한식-육류/고기,한양대,20010129,,한양대
C74C8A6CB8,서울 성동구 마조로5길 5,청년*************,,서울 성동구,한식-단품요리일반,한양대,20100330,,한양대
1E4D38A262,서울 성동구 마조로5길 7,김종******,,서울 성동구,치킨,한양대,20081128,,한양대
3B5C32604B,서울 성동구 마조로7길 6,싱싱*****,한식-해물/생선5,서울 성동구,한식-해물/생선,한양대,20080417,,한양대
D511E3D8B1,서울 성동구 무수막길 3.,참나******,,서울 성동구,한식-육류/고기,금남시장,20010905,,금남시장
6D023B142B,서울 성동구 무수막길 94,착한******,,서울 성동구,축산물,신금호,20150612,,신금호
6402B38CAE,서울 성동구 무수막길 95,우리**,,서울 성동구,축산물,신금호,20070420,,신금호
45653EE08D,서울 성동구 무학로 10-1,케이****,,서울 성동구,베이커리,,20200925,,왕십리
F5B18447D1,서울 성동구 무학로6길 5,고향**,,서울 성동구,백반/가정식,,20081208,,왕십리
6F2F34ACCC,서울 성동구 무학봉길 83,여수****,,서울 성동구,한식-단품요리일반,왕십리,20011024,,왕십리
ECD810DC58,서울 성동구 무학봉길 88,토상**,,서울 성동구,일식당,왕십리,20000925,,왕십리
E73D1C3E58,서울 성동구 사근동8길 8,다시***,,서울 성동구,치킨,한양대,20100316,,한양대
19AB11C6B4,서울 성동구 사근동길 4.,피자*******,피자10,서울 성동구,피자,한양대,20170628,,한양대
97FAE8D665,서울 성동구 사근동길 4.,우리**,,서울 성동구,한식-육류/고기,한양대,20091204,,한양대
1184FDF48F,서울 성동구 사근동길 55,사*,,서울 성동구,축산물,한양대,20061002,,한양대
2F5708B372,서울 성동구 사근동길 58,우리**,,서울 성동구,식료품,한양대,20060102,,한양대
5106B234F1,서울 성동구 사근동길 6.,투고***,백반/가정식22,서울 성동구,백반/가정식,한양대,20160504,,한양대
2BBA95E499,서울 성동구 살곶이길 40,고깃****,,서울 성동구,한식-육류/고기,마장동,20140612,,마장동
9EE29A7918,서울 성동구 상원12길 12,강북**,,서울 성동구,수산물,뚝섬,20140225,,뚝섬
3593B2D487,서울 성동구 상원1길 13.,스테************,,서울 성동구,카페,뚝섬,20230126,,뚝섬
5B875E9A9E,서울 성동구 상원1길 26.,대성**,,서울 성동구,한식-육류/고기,뚝섬,20240207,,뚝섬
20A41DB343,서울 성동구 상원1길 33.,야끼****,,서울 성동구,일식당,뚝섬,20190531,,뚝섬
AA062AE1FC,서울 성동구 상원6길 6-1,호타*,,서울 성동구,일식-덮밥/돈가스,뚝섬,20100517,,뚝섬
561E2A96EF,서울 성동구 성덕정길 25,영구********,피자5,서울 성동구,피자,,20010723,,송정동
A54A81ABB2,서울 성동구 성덕정길 37,얼큰****,,서울 성동구,한식-냉면,성수,20060612,,송정동
F43CAD08EC,서울 성동구 성덕정길 46,백두**,한식-단품요리일반6,서울 성동구,한식-단품요리일반,성수,20031009,,송정동
F0892BD2A8,서울 성동구 성덕정길 75,옛날*****,,서울 성동구,한식-단품요리일반,성수,20101209,,송정동
426E9843AA,서울 성동구 성덕정길 78,피자****,피자8,서울 성동구,피자,성수,20060906,,송정동
90B44E35DE,서울 성동구 성덕정길 90,싱싱**,,서울 성동구,한식-해물/생선,성수,20050928,,송정동
8960400ECA,서울 성동구 성덕정길 91,떡마*,,서울 성동구,베이커리,성수,20070712,,송정동
1112ACEF8D,서울 성동구 성덕정길 99,신화***,,서울 성동구,건강원,성수,20030716,,송정동
5F35F67E3F,서울 성동구 성수일로 59,장흥**,,서울 성동구,백반/가정식,뚝섬,20081009,,성수
6A690D39D5,서울 성동구 아차산로 87,삼천*,,서울 성동구,한식-해물/생선,성수,20000609,,건대입구
C83F9C3B91,서울 성동구 아차산로 87,다도**,,서울 성동구,한식-단품요리일반,성수,20000318,,건대입구
0B20C4C788,서울 성동구 아차산로 93,펀비**,치킨36,서울 성동구,치킨,성수,20061211,,건대입구
77F053DC44,서울 성동구 아차산로 96,행*,,서울 성동구,호프/맥주,성수,20011012,,건대입구
D3E9691832,서울 성동구 연무장길 17,외가*,,서울 성동구,한식-육류/고기,성수,20030711,,성수
170B8F1903,서울 성동구 왕십리로 78,승리*,,서울 성동구,중식당,뚝섬,20160830,,뚝섬
7DF4881E0F,서울 성동구 용답19길 5.,조개****,,서울 성동구,한식-해물/생선,답십리,20080701,,용답
D6F7A9FA64,서울 성동구 용답19길 9.,애솔*****,,서울 성동구,한식-육류/고기,답십리,20000727,,용답
8BB9732BBC,서울 성동구 용답29길 13,한길**,,서울 성동구,식료품,답십리,20090417,,답십리
242ECF834A,서울 성동구 용답동 14-2,동수******,,서울 성동구,한식-육류/고기,답십리,20161213,,답십리
937948A121,서울 성동구 용답동 47-1,소문*******,,서울 성동구,백반/가정식,답십리,20131209,,답십리
DA72A54F82,서울 성동구 장터길 25-1,명가****,,서울 성동구,분식,금남시장,20130212,,금남시장
A61BA685E8,서울 성동구 장터길 38-1,박재*****,,서울 성동구,한식-해물/생선,금남시장,20050708,,금남시장
8985D82F2F,서울 성동구 장터길 39-1,경북**,,서울 성동구,미곡상,금남시장,19990806,,금남시장
E12C68864A,서울 성동구 장터길 43-3,짱구*****,,서울 성동구,한식-국밥/설렁탕,금남시장,20100618,,금남시장
F147CC2C63,서울 성동구 한림말길 17,옥수*****,,서울 성동구,백반/가정식,옥수,20150724,,옥수
5AE55ECD0E,서울 성동구 행당동 17-7,카페********,아이스크림/빙수6,서울 성동구,아이스크림/빙수,한양대,20130329,,한양대
3BB8C1A3AD,서울 성동구 행당로 109.,행당**,한식-육류/고기31,서울 성동구,한식-육류/고기,행당,20140806,,행당
8234005757,서울 성동구 행당로 129.,폰아*************,,서울 성동구,담배,왕십리,20150121,,행당
107D13BB20,서울 성동구 행당로 129.,곽선****,,서울 성동구,분식,왕십리,20220808,,행당
DAD6A93B87,서울 성동구 행당로 129.,봉구************,햄버거3,서울 성동구,햄버거,왕십리,20131031,,행당
382A324F7A,서울 성동구 행당로 87 .,낙원**,,서울 성동구,떡/한과 제조,행당,20160516,,행당
0E33FFCD65,서울 성동구 행당로 89 .,이영******,,서울 성동구,분식,행당,20210617,,행당
103335BDCE,서울  성동구  마조로  17,원조****,,서울 성동구,한식-냉면,한양대,20120417,,한양대
58B096EF00,서울  성동구  마조로  55,신선***,,서울 성동구,축산물,,20120405,,한양대
C45BC175C8,서울  성동구  매봉길  12,이디***,커피전문점6,서울 성동구,커피전문점,옥수,20120808,,옥수
B7A05D56C7,서울  성동구  상원길  49,뚝섬**,,서울 성동구,한식-육류/고기,뚝섬,20120522,,뚝섬
424AAC4582,서울  성동구  상원길  64,한우***,,서울 성동구,축산물,뚝섬,20120514,,뚝섬
6F97F23CDB,서울  성동구  성수1가1동,한*,,서울 성동구,양식,성수,20020425,,성수
314D411B19,서울  성동구  성수1가1동,비어**,,서울 성동구,치킨,성수,20030507,,성수
BBE10BA891,서울  성동구  성수1가1동,초원**,,서울 성동구,백반/가정식,,20071120,,성수
C9EC8F7695,서울  성동구  성수1가1동,장원**,,서울 성동구,백반/가정식,성수,20090304,,성수
B2A570260C,서울  성동구  성수1가2동,청록***,,서울 성동구,식품 제조,뚝섬,19981111,,뚝섬
00BC189C4B,서울  성동구  성수1가2동,땅끝******,,서울 성동구,한식-해물/생선,뚝섬,20030221,,뚝섬
A7CC40BE1E,서울  성동구  성수1가2동,죽변*,,서울 성동구,한식-해물/생선,뚝섬,20040715,,뚝섬
811AC91E1F,서울  성동구  성수2가1동,김밥**,,서울 성동구,분식,성수,20080220,,성수
B3116E5135,서울  성동구  성수2가1동,장미***,,서울 성동구,치킨,성수,20100305,,성수
E5E8F3F456,서울  성동구  성수2가1동,뚝섬***,,서울 성동구,건강원,성수,20040823,,성수
91988A5415,서울  성동구  성수2가1동,파리***,베이커리10,서울 성동구,베이커리,성수,20011217,,성수
87EDAB1CB3,서울  성동구  성수2가1동,머니**,,서울 성동구,호프/맥주,성수,20000705,,성수
B3517137A0,서울  성동구  성수2가1동,명원***,,서울 성동구,한식-육류/고기,,20100506,,성수
995EDF27A3,서울  성동구  성수2가3동,파리*********,베이커리10,서울 성동구,베이커리,성수,20030624,,성수
8219FA9E99,서울  성동구  성수2가3동,동맛******,,서울 성동구,한식-국수/만두,성수,20071220,,성수
A117CDA53E,서울  성동구  성수2가3동,옛골***,,서울 성동구,한식-단품요리일반,성수,19900228,,성수
0B4FFAC06D,서울  성동구  장터5길  1,금호**,,서울 성동구,한식-육류/고기,금남시장,20120531,,금남시장
14FE0A442F,서울  성동구  하왕십리동,엘림****,,서울 성동구,떡/한과 제조,,20090224,,왕십리
C76DAFE8C1,서울  성동구  행당로  98,더리*,,서울 성동구,카페,행당,20120720,,행당
F7C857EF14,서울 성동구 고산자로 263,거창**,,서울 성동구,한식-육류/고기,왕십리,20020531,,왕십리
EAC2034A91,서울 성동구 고산자로 287,왕십******,,서울 성동구,한식-육류/고기,왕십리,20100901,,왕십리
AA315D04DD,서울 성동구 고산자로 344,서울**,,서울 성동구,식료품,마장동,20030807,,왕십리
4080EC9ECB,서울 성동구 고산자로 346,미성****,,서울 성동구,한식-육류/고기,마장동,20021008,,왕십리
B977CB2FBC,서울 성동구 광나루로 287,싸리*,,서울 성동구,한식-육류/고기,,20021227,,뚝섬
88714937FD,서울 성동구 광나루로 289,닭한*****,,서울 성동구,한식-국수/만두,,20010726,,뚝섬
D7B0E38FA8,서울 성동구 광나루로 290,진지****,한식-육류/고기24,서울 성동구,한식-육류/고기,,20070627,,뚝섬
9070B8640F,서울 성동구 광나루로 290,완산***,한식-국밥/설렁탕8,서울 성동구,한식-국밥/설렁탕,,20080226,,뚝섬
F1039455F0,서울 성동구 금호로 127 .,목포**,,서울 성동구,한식-육류/고기,신금호,20160622,,신금호
870775BC01,서울 성동구 금호로 127 .,육장*******,한식-육류/고기20,서울 성동구,한식-육류/고기,신금호,20160707,,신금호
68B6CAE65F,서울 성동구 금호로 62-1.,더 **,,서울 성동구,식료품,금남시장,20180801,,신금호
A149A462C3,서울 성동구 금호로 62-1.,요거**********,,서울 성동구,아이스크림/빙수,금남시장,20240426,,신금호
DC17B81D3E,서울 성동구 금호로11길 1,튜니**,,서울 성동구,호프/맥주,신금호,20110131,,신금호
BA01E62E84,서울 성동구 금호로11길 4,해물**,,서울 성동구,한식-해물/생선,신금호,20090918,20250117.0,신금호
31DE46AC2D,서울 성동구 금호산2길 19,맛있*****,,서울 성동구,떡/한과 제조,금남시장,20111010,,금남시장
F717FD0621,서울 성동구 금호산2길 5.,유쾌**,,서울 성동구,포장마차,금남시장,20150313,,금남시장
C8E1C54769,서울 성동구 금호산길 55.,막퍼*******,,서울 성동구,한식-국수/만두,신금호,20151221,,신금호
F6F4BCEF5D,서울 성동구 금호산길 56.,코끼******,,서울 성동구,한식-냉면,신금호,20140327,,신금호
F2A06B9694,서울 성동구 금호산길 64.,이디*************,커피전문점6,서울 성동구,커피전문점,신금호,20140603,,신금호
F7AD65B492,서울 성동구 금호산길 65.,파리*********,베이커리10,서울 성동구,베이커리,신금호,20150203,,신금호
0B5B2332CF,서울 성동구 금호산길 67.,남원***,한식-해물/생선2,서울 성동구,한식-해물/생선,신금호,20130605,,신금호
E47826B7B5,서울 성동구 독서당로 287,페리****,치킨37,서울 성동구,치킨,금남시장,20080124,,옥수
6ED0C81CE7,서울 성동구 독서당로 326,비비**********,치킨2,서울 성동구,치킨,금남시장,20111101,,옥수
90A718A704,서울 성동구 독서당로 384,파리********,베이커리10,서울 성동구,베이커리,,20100129,,옥수
C04BD1DD58,서울 성동구 동일로 123 .,이디*********,,서울 성동구,식료품,,20160721,,건대입구
2D0E5434C1,서울 성동구 동일로 143 .,명동*******,한식-국수/만두7,서울 성동구,한식-국수/만두,,20200803,,건대입구
69506949A8,서울 성동구 동일로 143 .,본가*********,,서울 성동구,한식-육류/고기,,20160315,,건대입구
3EC80135EF,서울 성동구 동일로 75-33,마포****,,서울 성동구,한식-육류/고기,,20010723,,건대입구
A690F78364,서울 성동구 동호로 104 .,용남***,,서울 성동구,수산물,금남시장,20160127,,금남시장
5C14F5FBA3,서울 성동구 뚝섬로 327 .,도미********,피자2,서울 성동구,피자,,20140410,,성수
D395BA1A40,서울 성동구 뚝섬로 341-8,10**,,서울 성동구,일식당,성수,20100607,,성수
A256E0BDFC,서울 성동구 뚝섬로 401-2,칠성**,,서울 성동구,한식-육류/고기,성수,20020404,,성수
098A971F35,서울 성동구 뚝섬로 408-7,생태***,,서울 성동구,한식-해물/생선,성수,20090220,,성수
C8DB619114,서울 성동구 뚝섬로3길 9.,고흥*,,서울 성동구,백반/가정식,성수,20141202,,성수
05354D332D,서울 성동구 마장로 220-5,정원**,,서울 성동구,한식-단품요리일반,왕십리,20010727,,마장동
E45CC78273,서울 성동구 마장로 230-1,시온**,,서울 성동구,식료품,왕십리,20100107,,마장동
B0FAF5B316,서울 성동구 마장로 296 .,달무*,,서울 성동구,떡/한과 제조,,20191108,,마장동
0B2BB3D26D,서울 성동구 마장로 309 .,70*****,,서울 성동구,룸살롱/단란주점,,20170116,,마장동
6D320602C6,서울 성동구 마장로27길 2,삼겹****,,서울 성동구,한식-육류/고기,왕십리,20110221,,마장동
BFA11D536A,서울 성동구 마장로27길 6,풀코*,,서울 성동구,호프/맥주,,20040420,,마장동
6E3F359ACF,서울 성동구 마장로42길 2,마장*,,서울 성동구,백반/가정식,,20040513,,마장동
AF2688FD34,서울 성동구 마조로 15-10,장모**,한식-육류/고기22,서울 성동구,한식-육류/고기,한양대,20061121,,한양대
F8A9873648,서울 성동구 마조로 15-2.,돈쫄******,,서울 성동구,일식-덮밥/돈가스,한양대,20170221,,한양대
8532370698,서울 성동구 마조로 15-3.,싸구**,,서울 성동구,포장마차,한양대,20160610,,한양대
0BD65CD437,서울 성동구 마조로 15-6.,블랙****,,서울 성동구,호프/맥주,한양대,20161122,,한양대
F293AC18EB,서울 성동구 마조로 15-6.,짱*,,서울 성동구,한식-육류/고기,한양대,20040915,,한양대
95EBE36D82,서울 성동구 마조로 19-10,한양***,,서울 성동구,식품 제조,한양대,20060202,,한양대
F88A12BCAB,서울 성동구 마조로19길 7,한우**,,서울 성동구,한식-육류/고기,,20241112,,마장동
80012F987D,서울 성동구 마조로1길 2.,타로*******,,서울 성동구,카페,한양대,20090608,,한양대
E8BDFFAD07,서울 성동구 마조로1길 2.,도스**,기타세계요리1,서울 성동구,기타세계요리,한양대,20140220,,한양대
98C1A0A96B,서울 성동구 마조로1길 2.,행*,,서울 성동구,일식-덮밥/돈가스,한양대,20140205,,한양대
582577A831,서울 성동구 마조로1길 4.,나그***,,서울 성동구,요리주점,한양대,20080414,,한양대
79423CC5CA,서울 성동구 마조로1길 4.,토속***,,서울 성동구,한식-단품요리일반,한양대,20080828,,한양대
9643B485DF,서울 성동구 마조로1길 6.,카페***,,서울 성동구,커피전문점,한양대,20171221,,한양대
7B396AAF59,서울 성동구 마조로3길 8.,전도*,,서울 성동구,한식-단품요리일반,한양대,20160420,,한양대
4F68679BB6,서울 성동구 마조로5길 4.,더벤*,커피전문점1,서울 성동구,커피전문점,한양대,20150515,,한양대
9E2D544C88,서울 성동구 마조로5길 9.,당나**********,,서울 성동구,포장마차,한양대,20160809,,한양대
E4C7CD6FBB,서울 성동구 마조로7길 11,치킨*******,치킨33,서울 성동구,치킨,한양대,20140924,,한양대
1BC90B10EC,서울 성동구 마조로7길 12,곱창***,,서울 성동구,한식-육류/고기,한양대,20010927,,한양대
28BE1401AB,서울 성동구 마조로7길 5.,육회***,백반/가정식18,서울 성동구,백반/가정식,한양대,20150724,,한양대
0732DD7F6A,서울 성동구 마조로7길 5.,내가***,한식-육류/고기5,서울 성동구,한식-육류/고기,한양대,20150804,,한양대
41BCC06E83,서울 성동구 마조로7길 8.,압구***********,,서울 성동구,한식-육류/고기,한양대,20160314,,한양대
6C1F093FD7,서울 성동구 마조로9길 5.,뺑드*,,서울 성동구,베이커리,한양대,20230105,,한양대
9A2D5845EB,서울 성동구 마조로9길 8.,무한**,,서울 성동구,한식-육류/고기,한양대,20130625,,한양대
0AE494A908,서울 성동구 매봉길 16-32,소마*****,,서울 성동구,농산물,옥수,20160321,,옥수
4FF64DE415,서울 성동구 무수막길 89.,신금********,,서울 성동구,한식-육류/고기,신금호,20100609,20250710.0,신금호
0D76004886,서울 성동구 무수막길 90.,멋진*,,서울 성동구,치킨,신금호,20021203,,신금호
5779AEFA66,서울 성동구 무수막길 92.,미소**,,서울 성동구,분식,신금호,20151104,,신금호
A6EDA7FB67,서울 성동구 무수막길 94.,든든****,,서울 성동구,떡/한과 제조,신금호,20161017,,신금호
4E530BFB48,서울 성동구 무학로 20-1.,치킨***,,서울 성동구,호프/맥주,,20160704,,왕십리
537EED164B,서울 성동구 무학로2길 23,다*,,서울 성동구,백반/가정식,왕십리,20050829,,왕십리
2816E24ED9,서울 성동구 무학로2길 31,호호***,,서울 성동구,한식-육류/고기,왕십리,20110530,,왕십리
6B4688F13F,서울 성동구 무학로2길 37,달인***,,서울 성동구,한식-육류/고기,왕십리,19990116,,왕십리
08AFA3AAA2,서울 성동구 무학로2길 43,헤라******,,서울 성동구,일반 유흥주점,왕십리,20160602,,왕십리
8634C80463,서울 성동구 무학로2길 44,싼타*,,서울 성동구,룸살롱/단란주점,왕십리,20080326,,왕십리
5DEA8CA245,서울 성동구 무학로2길 46,조마****,한식-감자탕1,서울 성동구,한식-감자탕,왕십리,19980818,,왕십리
EAC8D706B1,서울 성동구 무학로2길 48,바다**,,서울 성동구,한식-해물/생선,왕십리,20070724,,왕십리
5B33B06965,서울 성동구 무학로6길 29,진성**,,서울 성동구,농산물,왕십리,20130611,,왕십리
88F30EBFE9,서울 성동구 무학봉16길 1,함흥*****,,서울 성동구,한식-냉면,왕십리,20080417,,왕십리
C0CA103816,서울 성동구 무학봉길 82.,농부**,,서울 성동구,미곡상,왕십리,20151231,,왕십리
5DA080BB02,서울 성동구 무학봉길 95.,깜장***,,서울 성동구,한식-육류/고기,왕십리,20141112,,왕십리
C0A51FB362,서울 성동구 사근동8길 3.,타이******************,,서울 성동구,동남아/인도음식,한양대,20161017,,한양대
9F2544F7AA,서울 성동구 사근동길 18.,7번********,피자1,서울 성동구,피자,한양대,20160608,,한양대
D72BC9D1A2,서울 성동구 사근동길 59.,카페****,,서울 성동구,카페,한양대,20211125,,한양대
41D474F092,서울 성동구 사근동길 59.,행복***,,서울 성동구,베이커리,한양대,20091127,,한양대
5B1438B461,서울 성동구 사근동길 66.,영희*******,,서울 성동구,한식-국수/만두,한양대,20160401,,한양대
9C3495D73F,서울 성동구 사근동길 68.,한솥************,도시락3,서울 성동구,도시락,한양대,20110228,,한양대
8ACE476158,서울 성동구 사근동길 68.,하이*,,서울 성동구,호프/맥주,한양대,20110304,,한양대
498B5C1AB7,서울 성동구 사근동길 68.,셰프*****,,서울 성동구,일식-덮밥/돈가스,한양대,20160627,,한양대
3B8E59372C,서울 성동구 살곶이길 18.,충청**,,서울 성동구,식료품,마장동,20220330,,마장동
F959F7E85C,서울 성동구 살곶이길 18.,전봇**,,서울 성동구,백반/가정식,마장동,20060302,,마장동
479160DAA8,서울 성동구 살곶이길 18.,남원*,,서울 성동구,한식-육류/고기,마장동,20060302,,마장동
EC917AB57E,서울 성동구 살곶이길 18.,쌍둥**,,서울 성동구,한식-육류/고기,마장동,20060302,,마장동
E9DBF3BFCA,서울 성동구 살곶이길 18.,마장***,,서울 성동구,한식-육류/고기,마장동,20090306,,마장동
0D5913A247,서울 성동구 살곶이길 18.,빨간***,,서울 성동구,한식-육류/고기,마장동,20091030,,마장동
3A770A3C62,서울 성동구 살곶이길 18.,종필****,,서울 성동구,한식-육류/고기,마장동,20101223,,마장동
452A2E0AD8,서울 성동구 살곶이길 18.,전주***,,서울 성동구,한식-육류/고기,마장동,20120829,,마장동
2265D9F8B3,서울 성동구 살곶이길 18.,마장****,,서울 성동구,한식-육류/고기,마장동,20130710,,마장동
47ED27ED3A,서울 성동구 살곶이길 18.,손건************,,서울 성동구,한식-육류/고기,마장동,20200716,,마장동
DE7F19C8F6,서울 성동구 살곶이길 18.,청계****,,서울 성동구,한식-육류/고기,마장동,20231117,,마장동
F3B534E564,서울 성동구 살곶이길 18.,권영******,,서울 성동구,한식-단품요리일반,마장동,20060306,,마장동
243EFCA58C,서울 성동구 살곶이길 40.,경기*,,서울 성동구,한식-육류/고기,마장동,20060306,,마장동
74F5A7BE5E,서울 성동구 살곶이길 50.,빠삐*,,서울 성동구,베이커리,,20150917,,마장동
61A3133822,서울 성동구 상원12길 19.,낫띵***,,서울 성동구,카페,뚝섬,20200615,,뚝섬
F64BE13740,서울 성동구 상원12길 30.,성수*******************,,서울 성동구,한식-찌개/전골,뚝섬,20070829,,뚝섬
90825ECD46,서울 성동구 상원1길 25 .,짚랩***,,서울 성동구,식료품,뚝섬,20240502,,뚝섬
E4A9ECB7B9,서울 성동구 상원6나길 6.,커피******,카페11,서울 성동구,카페,뚝섬,20140310,,뚝섬
FD13D7996E,서울 성동구 상원길 47-1.,상원**,,서울 성동구,청과물,뚝섬,20160811,,뚝섬
DBD3191157,서울 성동구 서울숲6길 21,짬뽕******,,서울 성동구,중식당,뚝섬,20140415,,뚝섬
348CC434D7,서울 성동구 성덕정15길 2,뚝섬****,,서울 성동구,농산물,성수,20070705,,성수
66BFBD2ADE,서울 성동구 성덕정15길 5,강남***,,서울 성동구,한식-단품요리일반,성수,20090128,,성수
D6267FEEEA,서울 성동구 성덕정15길 5,숙영**,,서울 성동구,한식-단품요리일반,성수,20110411,,성수
B9BF272ED9,서울 성동구 성덕정15길 7,삼미*****,,서울 성동구,한식-국수/만두,성수,20130225,,성수
D2CDCFE2D4,서울 성동구 성덕정17길 6,뚝도***,,서울 성동구,한식-단품요리일반,성수,20080220,,성수
BEFFE2D107,서울 성동구 성덕정7길 13,홍보*,,서울 성동구,중식당,성수,20030307,,성수
641DC575A8,서울 성동구 성덕정9길 4.,미리*,,서울 성동구,백반/가정식,성수,20121123,,성수
04F03995B9,서울 성동구 성덕정길 111,순심**,,서울 성동구,한식-육류/고기,성수,20131017,,송정동
D44E72CCFC,서울 성동구 성덕정길 129,시골**,,서울 성동구,한식-육류/고기,,20080324,,송정동
8BF6153353,서울 성동구 성덕정길 132,불*,,서울 성동구,백반/가정식,,20090918,,송정동
D2DAE82D97,서울 성동구 성덕정길 140,카네*,,서울 성동구,호프/맥주,,20110523,,송정동
22EA4127C0,서울 성동구 성덕정길 142,유*,,서울 성동구,요리주점,,20110201,,송정동
A08E13694C,서울 성동구 성덕정길 150,무등*,,서울 성동구,백반/가정식,,20151218,,송정동
2CA32048EF,서울 성동구 성덕정길 32.,오복**,,서울 성동구,떡/한과 제조,성수,20070823,,송정동
2540E29770,서울 성동구 성덕정길 34.,홍도**,,서울 성동구,백반/가정식,성수,20150213,,송정동
62968F5FF3,서울 성동구 성덕정길 40.,두근****,,서울 성동구,축산물,성수,20140625,,송정동
A2E3C22A56,서울 성동구 성덕정길 53.,성연******,,서울 성동구,한식-국밥/설렁탕,성수,20111219,,송정동
3DE26BC841,서울 성동구 성덕정길 56.,BH*****,치킨3,서울 성동구,치킨,성수,20150605,,송정동
F305B5BE93,서울 성동구 성덕정길 59.,비비***,치킨2,서울 성동구,치킨,성수,20140609,,송정동
E03321589B,서울 성동구 성덕정길 74.,앙심*****,,서울 성동구,한식-육류/고기,성수,20150527,,송정동
6F0D9A7C86,서울 성동구 성덕정길 77.,압구**********,,서울 성동구,샌드위치/토스트,성수,20240725,,송정동
94128748C0,서울 성동구 성덕정길 95.,행닭*****,,서울 성동구,치킨,성수,20130821,,송정동
5998DB8346,서울 성동구 성덕정길 95.,십오***,,서울 성동구,떡/한과 제조,성수,20101213,,송정동
08A6BC229A,서울 성동구 성덕정길 99.,또치*******,,서울 성동구,한식-육류/고기,성수,20020416,,송정동
319DABE70F,서울 성동구 성수이로 126,풍년**,,서울 성동구,백반/가정식,성수,20050922,,성수
5424DBE00D,서울 성동구 성수이로 22.,DS*******,,서울 성동구,농산물,성수,20150130,,성수
2D7EEFFB71,서울 성동구 성수이로 31.,뚝도**,,서울 성동구,일식당,성수,20160511,,성수
FCA7A6787B,서울 성동구 성수이로 45.,로스*****,,서울 성동구,카페,성수,20210204,,성수
103A5AE48B,서울 성동구 성수이로 45.,성수*****,,서울 성동구,베이커리,성수,20230526,,성수
7A3D6D3CF9,서울 성동구 성수이로 45.,로스*****,,서울 성동구,식품 제조,성수,20200123,,성수
2DCB06D5D5,서울 성동구 성수이로 51.,김가***********,분식1,서울 성동구,분식,성수,20111108,,성수
D413A3CF88,서울 성동구 성수이로 69.,성수**,,서울 성동구,호프/맥주,성수,20160704,,성수
5D4EDA13E3,서울 성동구 성수이로 75.,건너*,,서울 성동구,한식-육류/고기,성수,20161102,,성수
71CEE18F61,서울 성동구 성수이로 87.,예빈*,,서울 성동구,식료품,성수,20120907,,성수
BDD7EBEC25,서울 성동구 성수일로 10.,전광***,카페8,서울 성동구,카페,성수,20040525,,성수
D9D5B30E21,서울 성동구 성수일로 20.,뺑드**,,서울 성동구,베이커리,성수,20180129,,성수
6E35613130,서울 성동구 성수일로 33.,토*,,서울 성동구,베이커리,성수,20180109,,성수
A462C0C36E,서울 성동구 성수일로 47.,룻의***,,서울 성동구,식료품,,20231030,,성수
431B6E7893,서울 성동구 성수일로 77.,라이*,,서울 성동구,중식당,뚝섬,20140212,,성수
16CBDF3A48,서울 성동구 성수일로 77.,강남**,백반/가정식1,서울 성동구,백반/가정식,뚝섬,20130711,,성수
FDC6438DD6,서울 성동구 성수일로 77.,이화***************,,서울 성동구,한식-국밥/설렁탕,뚝섬,20160802,,성수
1F0AAE3EBE,서울 성동구 성수일로 99.,윤*,,서울 성동구,일식-덮밥/돈가스,뚝섬,20191211,,성수
F789DAA8C6,서울 성동구 송정12길 15.,곱창**,,서울 성동구,한식-육류/고기,,20150921,,송정동
B2AFB01CC4,서울 성동구 아차산로 20.,종가***,,서울 성동구,한식-단품요리일반,뚝섬,20130522,,건대입구
82090124F0,서울 성동구 아차산로 49.,백억******,,서울 성동구,카페,뚝섬,20160518,,건대입구
314D6B5043,서울 성동구 아차산로 85.,하남********,한식-육류/고기30,서울 성동구,한식-육류/고기,성수,20160517,,건대입구
AD57E72BC9,서울 성동구 아차산로 92.,하루*******************,,서울 성동구,카페,성수,20161012,20250801.0,건대입구
C5BB2467D5,서울 성동구 아차산로 96.,황금**,,서울 성동구,일식당,성수,20090813,,건대입구
3530EB5DBA,서울 성동구 아차산로 96.,청춘****,,서울 성동구,한식-육류/고기,성수,20130319,,건대입구
7871F0B0DE,서울 성동구 연무장17길 6,장*,,서울 성동구,한식-단품요리일반,,20080508,,성수
297AE548DB,서울 성동구 연무장5길 6.,문츠***,,서울 성동구,한식-단품요리일반,성수,20170811,,성수
A62225962A,서울 성동구 연무장길 39.,에이***,,서울 성동구,피자,성수,20220711,,성수
FE3AAF5CCD,서울 성동구 연무장길 77.,세계*********,,서울 성동구,식료품,서면역,20220428,,성수
25FA6C0D0D,서울 성동구 연무장길 84.,플라*******,,서울 성동구,피자,,20220128,,성수
74D5125FD6,서울 성동구 왕십리로 102,베스****,,서울 성동구,담배,뚝섬,20100920,,뚝섬
6A4747F757,서울 성동구 왕십리로 104,에이********,,서울 성동구,호프/맥주,뚝섬,19990917,,뚝섬
3A286DF61F,서울 성동구 왕십리로 275,짱호***,,서울 성동구,치킨,,20060821,,왕십리
972280B725,서울 성동구 왕십리로 294,전주*,,서울 성동구,백반/가정식,왕십리,20050615,,왕십리
3842954B95,서울 성동구 왕십리로 330,은좌**,,서울 성동구,백반/가정식,왕십리,20010630,,왕십리
84C667217B,서울 성동구 왕십리로 355,시골****,,서울 성동구,한식-해물/생선,왕십리,20130104,,왕십리
AA429ED22A,서울 성동구 왕십리로 357,라빠*****,,서울 성동구,호프/맥주,,20150902,,왕십리
86EC52846C,서울 성동구 왕십리로 58.,팜티*****,,서울 성동구,동남아/인도음식,,20130603,,왕십리
BBC08E8D52,서울 성동구 왕십리로 78.,베트*********,동남아/인도음식6,서울 성동구,동남아/인도음식,건대입구,20210113,,건대입구
5EF2C0673B,서울 성동구 왕십리로 88.,블레*,,서울 성동구,식료품,뚝섬,20160108,,뚝섬
9DF1B9E016,서울 성동구 왕십리로 92.,파리********,베이커리10,서울 성동구,베이커리,뚝섬,20000131,,뚝섬
A9F6CC9185,서울 성동구 용답19길 13.,술사*,,서울 성동구,호프/맥주,답십리,20121218,,용답
E8E65B04C4,서울 성동구 용답19길 15.,북촌******,,서울 성동구,한식-육류/고기,답십리,20180411,,용답
F2357E23BC,서울 성동구 용답25길 15.,제*,,서울 성동구,농산물,답십리,20140103,,답십리
4E0A2F790E,서울 성동구 용답29길 11.,한가******,,서울 성동구,한식-육류/고기,답십리,20081024,,답십리
1E00B3CC15,서울 성동구 용답29길 28.,럼프**,,서울 성동구,한식-단품요리일반,답십리,20141029,20230504.0,답십리
0C5EE2823A,서울 성동구 장터1가길 51,옥수****,,서울 성동구,농산물,금남시장,20191218,,금남시장
35F921EEEC,서울 성동구 장터5길 3-1.,초가*,,서울 성동구,한식-단품요리일반,금남시장,20130619,,금남시장
278EA7FDDE,서울 성동구 장터5길 4-1.,중화*****,,서울 성동구,중식당,금남시장,20130910,,금남시장
63DAE9B5FE,서울 성동구 장터길 13-1.,만리**,,서울 성동구,중식당,,20070207,,금남시장
9C94746856,서울 성동구 장터길 22-1.,맛닭******,치킨18,서울 성동구,치킨,금남시장,20160518,,금남시장
6B2F3998CD,서울 성동구 장터길 38-1.,사또**,,서울 성동구,백반/가정식,금남시장,20110622,,금남시장
ACDE665CFC,서울 성동구 장터길 40-4.,지오****,,서울 성동구,치킨,동대문역사문화공원역,20220111,,금남시장
2AB52AC101,서울 성동구 장터길 44-1.,수구*,,서울 성동구,한식-육류/고기,금남시장,20121105,,금남시장
862A6A9582,서울 성동구 천호대로 276,일인**,,서울 성동구,한식-단품요리일반,답십리,20130212,,답십리
DDF9F33035,서울 성동구 천호대로 294,또바***,치킨16,서울 성동구,치킨,답십리,20110615,,답십리
9B0DD78098,서울 성동구 천호대로 296,장어**,,서울 성동구,한식-해물/생선,답십리,20220622,,답십리
E653603CB6,서울 성동구 천호대로 312,파리*******,베이커리10,서울 성동구,베이커리,답십리,20090528,,답십리
A7C2307794,서울 성동구 한림말1길 8.,콩물*****,,서울 성동구,한식-두부요리,옥수,20140508,,옥수
8194D2104C,서울 성동구 한림말3길 14,달*,,서울 성동구,청과물,옥수,20160627,,옥수
EF6C8B42CB,서울 성동구 한림말5길 7.,프로****,,서울 성동구,요리주점,옥수,20151028,,옥수
869C372EFC,서울 성동구 한림말길 40.,구*,,서울 성동구,카페,옥수,20081007,,옥수
D756AE959B,서울 성동구 행당동 19-54,소나***,,서울 성동구,한식-단품요리일반,한양대,20140801,,한양대
C506E14D73,서울 성동구 행당로 108-1,국수*******,한식-국수/만두3,서울 성동구,한식-국수/만두,행당,20110314,,행당
CFE1DBB894,서울 성동구 행당로17길 5,명랑*****,,서울 성동구,분식,왕십리,20120412,,행당
15136D3E9D,서울 성동구 행당로17길 5,우리*,,서울 성동구,백반/가정식,왕십리,20050902,,행당
052D57B40B,서울 성동구 행당로6길 2.,명품********,피자3,서울 성동구,피자,,20120816,,행당
F15C05A1D9,서울 성동구 행당로8길 5.,신사*******,,서울 성동구,이자카야,행당,20160719,,행당
A162796238,서울  성동구  광나루로6길,깡통*,,서울 성동구,한식-육류/고기,,20130502,,성수
1EE63C2F5D,서울  성동구  마장로  305,아씨***,,서울 성동구,호프/맥주,,20120621,,마장동
235FF4ABE1,서울  성동구  마장로  305,남원***,한식-해물/생선2,서울 성동구,한식-해물/생선,,20120831,,마장동
18FC952F28,서울  성동구  사근동길  2,카페***,,서울 성동구,카페,한양대,20120516,,한양대
29B5BE80D4,서울  성동구  성수이로7길,원할***********,한식-육류/고기19,서울 성동구,한식-육류/고기,성수,20140226,,성수
4FECCA34D6,서울  성동구  하왕십리1동,동순*,,서울 성동구,중식당,,20060425,,왕십리
25B2D74E6B,서울  성동구  하왕십리2동,멕시***,치킨20,서울 성동구,치킨,,20020130,,왕십리
B0E400DBAB,서울  성동구  하왕십리2동,기분****,,서울 성동구,한식-해물/생선,왕십리,20030124,,왕십리
C920395745,서울 성동구 고산자로 177.,치킨***,치킨32,서울 성동구,치킨,,20110527,,왕십리
133FADDC35,서울 성동구 고산자로 202.,메가***********,커피전문점2,서울 성동구,커피전문점,왕십리,20191218,,왕십리
B4A7FA3204,서울 성동구 고산자로 253.,김정********,건강식품1,서울 성동구,건강식품,왕십리,19961105,,왕십리
B2E0EBD449,서울 성동구 고산자로 269.,전주*******,,서울 성동구,한식-국밥/설렁탕,왕십리,20040320,,왕십리
3EDB2D7A36,서울 성동구 고산자로 281.,왕십***,,서울 성동구,포장마차,왕십리,20150204,,왕십리
99DD3929E7,서울 성동구 고산자로 281.,동막*,,서울 성동구,한식-해물/생선,왕십리,20151201,,왕십리
9174DFCA58,서울 성동구 고산자로 293.,월드*******,,서울 성동구,일반 유흥주점,왕십리,20020208,,왕십리
15418FA4F2,서울 성동구 고산자로 293.,양*,,서울 성동구,한식-육류/고기,왕십리,20140820,,왕십리
BC38E02E89,서울 성동구 고산자로 293.,곱창****,,서울 성동구,한식-찌개/전골,왕십리,20140605,,왕십리
20B0361789,서울 성동구 고산자로 293.,진국***,,서울 성동구,한식-국밥/설렁탕,왕십리,20140529,,왕십리
7638584FB7,서울 성동구 고산자로 297.,왕십*********,,서울 성동구,치킨,왕십리,20201006,,왕십리
708697C149,서울 성동구 고산자로 323.,통통***,,서울 성동구,한식-단품요리일반,마장동,20191017,,왕십리
75E89D6E30,서울 성동구 고산자로 331.,마장*********,,서울 성동구,축산물,마장동,20160715,,왕십리
4F98FE8D27,서울 성동구 고산자로 340.,운정**,,서울 성동구,한식-단품요리일반,마장동,20101109,20250801.0,왕십리
6A6D259BD3,서울 성동구 고산자로 344.,화신****,,서울 성동구,축산물,마장동,20090914,,왕십리
9911CB0D95,서울 성동구 고산자로 345.,둘*,,서울 성동구,카페,마장동,20160218,,왕십리
8F48DAD41C,서울 성동구 고산자로 345.,봉구*******,호프/맥주2,서울 성동구,호프/맥주,마장동,20160205,,왕십리
471640408B,서울 성동구 고산자로 349.,한우****,,서울 성동구,한식-육류/고기,마장동,20140221,,왕십리
92AE5ED1DA,서울 성동구 광나루로 156.,참새****,,서울 성동구,백반/가정식,뚝섬,20120109,,뚝섬
923C5B0B85,서울 성동구 광나루로 307.,문화****,,서울 성동구,중식당,,20060315,,뚝섬
85D8F9D9BB,서울 성동구 광나루로 319.,불백***,,서울 성동구,백반/가정식,,20131126,,뚝섬
97852377C5,서울 성동구 광나루로 323.,왕호***,,서울 성동구,치킨,,20130213,,뚝섬
6B516F9C6C,서울 성동구 광나루로9길 3,골목**,,서울 성동구,백반/가정식,,20100428,,뚝섬
53F5775D15,서울 성동구 금호동3가 207,바람*****,한식-해물/생선4,서울 성동구,한식-해물/생선,금남시장,20100202,,금남시장
4011B78273,서울 성동구 금호로11길 1.,이모*****,,서울 성동구,포장마차,신금호,20111018,,신금호
B88DBA7876,서울 성동구 금호로1길 43.,초코**,,서울 성동구,테마카페,금남시장,20151202,,신금호
C265B15B41,서울 성동구 금호산2길 13.,용가*,,서울 성동구,백반/가정식,금남시장,20150813,,금남시장
543E9DF72E,서울 성동구 금호산2길 23.,왕이***,,서울 성동구,백반/가정식,금남시장,20160705,,금남시장
92D902E4D5,서울 성동구 금호산2길 30.,금호**,,서울 성동구,축산물,금남시장,20140911,,금남시장
4F4CDEDF32,서울 성동구 금호산길 57-1,중앙***,,서울 성동구,건강원,신금호,20060904,,신금호
1ECD387AAF,서울 성동구 난계로 101-1.,신앙***,식료품1,서울 성동구,식료품,,20130404,,왕십리
5F6A947002,서울 성동구 독서당로 160.,신자**,,서울 성동구,중식당,옥수,20150911,,옥수
D9B4DCAFB9,서울 성동구 독서당로 160.,삼원***,,서울 성동구,한식-육류/고기,옥수,20000404,,옥수
39D9285E8D,서울 성동구 독서당로 187.,한우**************,,서울 성동구,한식-육류/고기,,20200403,,옥수
77912A90AA,서울 성동구 독서당로 187.,착한***,,서울 성동구,한식-단품요리일반,,20201030,,옥수
CA3624AE85,서울 성동구 독서당로 190.,탕끓****,,서울 성동구,반찬,옥수,20160421,,옥수
A902A53272,서울 성동구 독서당로 220.,바르********,분식10,서울 성동구,분식,옥수,20150216,,옥수
BF9A1F66F9,서울 성동구 독서당로 242.,문화**,,서울 성동구,식료품,옥수,20100119,,옥수
565439335B,서울 성동구 독서당로 270.,와우**,,서울 성동구,치킨,금남시장,20100629,,옥수
FCC01DA1A3,서울 성동구 독서당로 272.,대가******,,서울 성동구,식료품,금남시장,20130911,,옥수
25D5913CB4,서울 성동구 독서당로 274.,에그*******,,서울 성동구,양식,금남시장,20190926,,옥수
1E0C8CD39A,서울 성동구 독서당로 285.,술찾*,,서울 성동구,한식-단품요리일반,금남시장,20130326,,옥수
18185E33A8,서울 성동구 독서당로 287.,미스**,,서울 성동구,건강식품,압구정로데오,20220715,,옥수
18822DD6FB,서울 성동구 독서당로 302.,정희*******,,서울 성동구,건강식품,금남시장,20110623,,옥수
5DEC65272B,서울 성동구 독서당로 314.,허*,,서울 성동구,카페,금남시장,20150622,,옥수
D484C380BF,서울 성동구 독서당로 314.,배스**********,아이스크림/빙수1,서울 성동구,아이스크림/빙수,금남시장,20150416,,옥수
754D53A40B,서울 성동구 독서당로 316.,신앙***,식료품1,서울 성동구,식료품,금남시장,20091230,,옥수
29BB814FD2,서울 성동구 독서당로 344.,제부*,,서울 성동구,미곡상,,20230111,,옥수
082F14367D,서울 성동구 독서당로 375.,은지*,,서울 성동구,중식당,,20140331,,옥수
234A71B7B5,서울 성동구 독서당로 378.,돈앤*,,서울 성동구,일식-덮밥/돈가스,,20210714,,옥수
B1A8FD3571,서울 성동구 독서당로 434.,파파*********,피자7,서울 성동구,피자,,20140918,,옥수
420900C565,서울 성동구 동일로 261-1.,송정**,,서울 성동구,식료품,,20130103,,건대입구
15B7F02740,서울 성동구 동호로 76-30.,라피**,,서울 성동구,카페,옥수,20211119,,금남시장
78BFAC9BF1,서울 성동구 뚝섬로 360-5.,왕십*****,,서울 성동구,한식-찌개/전골,성수,20140129,,성수
E8829764C8,서울 성동구 뚝섬로 385-40,명국*,한식-국수/만두6,서울 성동구,한식-국수/만두,성수,20131023,,성수
050581F0EE,서울 성동구 뚝섬로 408-7.,성수****,,서울 성동구,요리주점,성수,20241113,,성수
A54C5C9D46,서울 성동구 뚝섬로4길 10.,덕수**,,서울 성동구,백반/가정식,성수,20001208,,성수
E9807AD4C2,서울 성동구 뚝섬로4길 11.,가마****,,서울 성동구,한식-해물/생선,성수,20081211,,성수
CD4571800C,서울 성동구 마장로 202-1.,유*,,서울 성동구,카페,,20121019,,마장동
29F6BB77B3,서울 성동구 마장로 228-12,우*,,서울 성동구,요리주점,왕십리,20020906,,마장동
92ACC6CE0C,서울 성동구 마장로 228-23,원조***,,서울 성동구,한식-국밥/설렁탕,왕십리,20130903,,마장동
DD5C3290AF,서울 성동구 마장로 293-1.,이디******,커피전문점6,서울 성동구,커피전문점,,20141202,,마장동
F1758BF01F,서울 성동구 마장로26길 9.,바오*********,,서울 성동구,커피전문점,왕십리,20160712,,마장동
2B60980E98,서울 성동구 마장로29길 45,화성***,,서울 성동구,베이커리,마장동,20080130,,마장동
AE9397E158,서울 성동구 마장로29길 54,맛자*,,서울 성동구,분식,마장동,20091113,,마장동
9869644D22,서울 성동구 마장로31길 40,우성**,,서울 성동구,축산물,마장동,20060922,,마장동
4636AC6E2B,서울 성동구 마장로35길 46,토박***,,서울 성동구,축산물,마장동,20100308,,마장동
B23694E88A,서울 성동구 마장로37길 40,남양**,,서울 성동구,축산물,,20000203,,마장동
A8709C1FC5,서울 성동구 마장로37길 40,우성****,,서울 성동구,축산물,,20090626,,마장동
C67A90C6B4,서울 성동구 마장로37길 40,이영**,,서울 성동구,축산물,,20150730,20230822.0,마장동
9313D39511,서울 성동구 마장로37길 43,한미**,,서울 성동구,농산물,마장동,20160722,,마장동
BD61CF1C6B,서울 성동구 마장로37길 43,신우**,,서울 성동구,축산물,마장동,20100812,,마장동
3A2AB3FD4F,서울 성동구 마장로37길 43,현대**,,서울 성동구,축산물,마장동,20120905,,마장동
E27BFF4C97,서울 성동구 마장로37길 43,한미****,,서울 성동구,축산물,마장동,20140514,,마장동
AAEED00881,서울 성동구 마장로37길 45,협*,,서울 성동구,축산물,마장동,20130910,,마장동
3A8F8A6B41,서울 성동구 마장로37길 55,동강**,,서울 성동구,축산물,마장동,20130701,,마장동
657E1184BB,서울 성동구 마장로37길 59,대한**,,서울 성동구,축산물,마장동,20020322,,마장동
AE9390EB40,서울 성동구 마장로37길 59,광장**,,서울 성동구,축산물,마장동,20071231,,마장동
A0BBC6838F,서울 성동구 마장로37길 59,현대**,,서울 성동구,축산물,마장동,20141028,,마장동
B4AE01B8FB,서울 성동구 마장로37길 59,태원**,,서울 성동구,축산물,마장동,20141029,,마장동
48BCC595D9,서울 성동구 마장로39길 34,충북**,,서울 성동구,축산물,,20110614,,마장동
AA673185F3,서울 성동구 마조로 19-10.,일번*,,서울 성동구,백반/가정식,한양대,20090520,,한양대
0815A0998B,서울 성동구 마조로 19-10.,장어**,,서울 성동구,한식-해물/생선,한양대,20100316,,한양대
6FD96578E7,서울 성동구 마조로19길 23,덴마******,유제품1,서울 성동구,유제품,,20101008,,마장동
FFD5654C3D,서울 성동구 마조로1가길 4,부대***,,서울 성동구,한식-찌개/전골,한양대,20110218,,한양대
52F80BA32C,서울 성동구 마조로1길 28.,와플*********,베이커리8,서울 성동구,베이커리,한양대,20130425,,한양대
23D97A4475,서울 성동구 마조로1길 39.,양심**,,서울 성동구,백반/가정식,오남,20230912,,한양대
6375E191B5,서울 성동구 마조로1길 46.,제육**,치킨15,서울 성동구,치킨,한양대,20070402,,한양대
D5CFD2B5BF,서울 성동구 마조로3길 7-1,베네********,,서울 성동구,피자,한양대,20110817,,한양대
C356A661EB,서울 성동구 마조로5길 10.,이찌*********,,서울 성동구,호프/맥주,한양대,20160308,,한양대
86C00477EB,서울 성동구 마조로5길 12.,헤븐********,,서울 성동구,룸살롱/단란주점,한양대,20100310,,한양대
E19118E99D,서울 성동구 마조로7길 15.,혜원****,,서울 성동구,한식-육류/고기,한양대,20200601,,한양대
5C86E37148,서울 성동구 마조로9길 18.,아리**,,서울 성동구,한식-단품요리일반,한양대,20150923,,한양대
7E27181707,서울 성동구 마조로9길 6-3,뺑드*,,서울 성동구,베이커리,한양대,20160704,20230105.0,한양대
F3C5C230B0,서울 성동구 무수막길 89-2,페리****,치킨37,서울 성동구,치킨,신금호,20020416,,신금호
D87C249A76,서울 성동구 무학로12길 13,특우*,,서울 성동구,한식-육류/고기,,19971006,,왕십리
C87781D0BD,서울 성동구 무학로2가길 2,왕십******,,서울 성동구,한식-육류/고기,왕십리,20090717,,왕십리
8BFD98E420,서울 성동구 무학로2길 15.,회동****,,서울 성동구,한식-해물/생선,왕십리,20150910,,왕십리
98320C58CB,서울 성동구 무학로2길 35.,미친***,호프/맥주1,서울 성동구,호프/맥주,왕십리,20140418,,왕십리
F701A56FBD,서울 성동구 무학로2길 36.,황*,,서울 성동구,룸살롱/단란주점,왕십리,20130215,,왕십리
60AF617267,서울 성동구 무학로2길 36.,시간*********,,서울 성동구,한식-단품요리일반,왕십리,20090108,,왕십리
349995B62A,서울 성동구 무학로2길 41.,실내**,,서울 성동구,포장마차,왕십리,20151028,,왕십리
5746FB77CC,서울 성동구 무학로2길 45.,둘둘**,치킨14,서울 성동구,치킨,왕십리,19990116,,왕십리
346EB91DC6,서울 성동구 무학로2나길 1,갈매*****,,서울 성동구,한식-육류/고기,왕십리,20080219,,왕십리
894B24DE7E,서울 성동구 무학로6길 18.,마산***,,서울 성동구,한식-해물/생선,왕십리,20160919,,왕십리
2E5E8F46A2,서울 성동구 무학로6길 26.,커피****************,,서울 성동구,커피전문점,왕십리,20160708,,왕십리
A92168F09C,서울 성동구 무학로6길 36.,열혈**,분식15,서울 성동구,분식,왕십리,20150202,,왕십리
4E5DEDBDDC,서울 성동구 무학로6길 50.,바리*******,,서울 성동구,커피전문점,왕십리,20090904,,왕십리
C1C2E714D4,서울 성동구 무학로6길 50.,친구**,,서울 성동구,백반/가정식,왕십리,20110309,,왕십리
F5D2297649,서울 성동구 무학로6길 50.,푸라******,한식-육류/고기29,서울 성동구,한식-육류/고기,왕십리,20240904,,왕십리
E530039112,서울 성동구 무학로6길 50.,리틀************************,,서울 성동구,동남아/인도음식,왕십리,20130110,,왕십리
80652DABB6,서울 성동구 무학봉15길 20,종가**,,서울 성동구,떡/한과 제조,왕십리,20080711,,왕십리
4F294B4053,서울 성동구 무학봉15길 23,페리**,치킨37,서울 성동구,치킨,,20080114,,왕십리
7AA4E7D85E,서울 성동구 무학봉15길 25,무학**,,서울 성동구,청과물,,20100722,,왕십리
B0A495C967,서울 성동구 무학봉15길 8.,교촌*********,치킨6,서울 성동구,치킨,왕십리,20121129,,왕십리
B1EF04652A,서울 성동구 무학봉16길 1.,명*,,서울 성동구,한식-육류/고기,왕십리,20140514,,왕십리
ECFD290D4E,서울 성동구 무학봉16길 11,한우***,,서울 성동구,축산물,왕십리,19990922,,왕십리
C537E1C417,서울 성동구 무학봉16길 24,섬김**,,서울 성동구,떡/한과 제조,왕십리,20090701,,왕십리
84590CFA26,서울 성동구 무학봉16길 28,요거**************,,서울 성동구,아이스크림/빙수,왕십리,20230629,,왕십리
D58C9C52D1,서울 성동구 무학봉26길 9.,호야****,,서울 성동구,한식-육류/고기,왕십리,20160616,,왕십리
1C943E0E39,서울 성동구 무학봉길 58-1,우리***,,서울 성동구,축산물,,20080731,,왕십리
151C15F277,서울 성동구 사근동11길 3.,할매**,,서울 성동구,한식-육류/고기,,20170118,,한양대
63135A8618,서울 성동구 사근동12길 4.,복고*********,커피전문점3,서울 성동구,커피전문점,한양대,20050610,,한양대
77B5670808,서울 성동구 사근동12길 8.,앨*,,서울 성동구,카페,한양대,20160629,,한양대
3291FF9C92,서울 성동구 살곶이길 150.,아트***,,서울 성동구,식료품,,20200611,,마장동
D3E9FFD90F,서울 성동구 살곶이길 152.,카페**,,서울 성동구,카페,,20150309,,마장동
0C8815C811,서울 성동구 살곶이길 18 .,변산******,,서울 성동구,한식-육류/고기,마장동,20230918,,마장동
F1D42A1E4A,서울 성동구 살곶이길 346.,커농**,,서울 성동구,카페,한양대,20141008,,마장동
0B0F5967E0,서울 성동구 상원10길 4-1.,제주******,,서울 성동구,백반/가정식,뚝섬,20160516,,뚝섬
CDDFB5390C,서울 성동구 상원10길 8-1.,숙도**,반찬1,서울 성동구,반찬,뚝섬,20151030,,뚝섬
98C81699B7,서울 성동구 상원10길 8-1.,잇쇼*,,서울 성동구,일식-초밥/롤,뚝섬,20140219,,뚝섬
E6AD1272C7,서울 성동구 상원10나길 23,비비*,치킨2,서울 성동구,치킨,뚝섬,20060626,,뚝섬
9F5EE1AC15,서울 성동구 상원10다길 10,킴스**,,서울 성동구,치킨,뚝섬,20010523,,뚝섬
DB4CA4D632,서울 성동구 서울숲2길 47.,목로**,,서울 성동구,카페,뚝섬,20200114,,성수
1CE1551AF3,서울 성동구 서울숲6길 14.,브릴*,,서울 성동구,와인바,뚝섬,20210430,,뚝섬
82917C822C,서울 성동구 성덕정15길 2.,맛집***,,서울 성동구,한식-단품요리일반,성수,20121011,,성수
208B37B8E4,서울 성동구 성덕정15길 3.,대성*,,서울 성동구,백반/가정식,성수,20090216,,성수
7416E78F80,서울 성동구 성덕정15길 8.,미정******,,서울 성동구,한식-해물/생선,성수,20150610,,성수
8EAFB1D483,서울 성동구 성덕정17길 1.,둘둘**,치킨14,서울 성동구,치킨,성수,20160520,,성수
AA5A44BFF2,서울 성동구 성덕정17길 1.,신성****,,서울 성동구,한식-육류/고기,성수,20130903,,성수
7E5AA284CE,서울 성동구 성덕정17길 11,동신**,,서울 성동구,백반/가정식,성수,20130531,,성수
2F255C75E1,서울 성동구 성덕정3길 12.,장수**,,서울 성동구,한식-국밥/설렁탕,성수,20090102,,성수
781D674024,서울 성동구 성덕정길 102.,성수**,,서울 성동구,백반/가정식,성수,20070719,,송정동
1DFD18A8D0,서울 성동구 성덕정길 109.,맛닭*******,치킨18,서울 성동구,치킨,성수,20160518,,송정동
4CFC31C924,서울 성동구 성덕정길 109.,한낮***,,서울 성동구,와인샵,성수,20210208,,송정동
6ED6AC9EAE,서울 성동구 성덕정길 120.,대한**,,서울 성동구,한식-냉면,,20200813,,송정동
6FA8198679,서울 성동구 성덕정길 120.,죠스***************,,서울 성동구,아이스크림/빙수,,20200618,,송정동
1A7712195D,서울 성동구 성덕정길 122.,삼삼*****,한식-육류/고기11,서울 성동구,한식-육류/고기,,20040816,,송정동
45B5488EF8,서울 성동구 성덕정길 128.,라일*,,서울 성동구,요리주점,,20161004,,송정동
9F081EE339,서울 성동구 성덕정길 133.,딤*,,서울 성동구,호프/맥주,,20040916,,송정동
408A79D8E5,서울 성동구 성덕정길 142.,꽃돼*,,서울 성동구,한식-육류/고기,,20140422,,송정동
91674C873A,서울 성동구 성덕정길 150.,악*,,서울 성동구,한식-단품요리일반,,20190228,,송정동
CA4D5857BC,서울 성동구 성수이로 108.,매머************,,서울 성동구,커피전문점,성수,20150817,,성수
D3B91AFDFF,서울 성동구 성수이로 108.,전통*****,,서울 성동구,한식-국밥/설렁탕,성수,20140625,,성수
9DE5AC9FFD,서울 성동구 성수이로 113.,빽다**********,커피전문점4,서울 성동구,커피전문점,성수,20200407,,성수
0D87E5D527,서울 성동구 성수이로 118.,롯데*******,햄버거1,서울 성동구,햄버거,성수,20171229,,성수
16F5C2A5B3,서울 성동구 성수이로 118.,이디**********,커피전문점6,서울 성동구,커피전문점,성수,20101015,,성수
88187168C9,서울 성동구 성수이로 118.,제주**,,서울 성동구,한식-국수/만두,성수,20080509,,성수
13DF93045E,서울 성동구 성수이로 118.,원산**,,서울 성동구,한식-육류/고기,성수,20140829,,성수
385823BD41,서울 성동구 성수이로 118.,담미*,,서울 성동구,한식-단품요리일반,성수,20160323,,성수
A4554B2296,서울 성동구 성수이로 119.,라온***,,서울 성동구,한식-육류/고기,성수,20160830,,성수
4E6576A551,서울 성동구 성수이로 126.,도*,,서울 성동구,일식당,성수,20210803,,성수
C7B69482A3,서울 성동구 성수이로 147.,스텀********,,서울 성동구,카페,성수,20120927,,성수
F9F46CA809,서울 성동구 성수이로 32-1,돈랑**,,서울 성동구,식료품,성수,20110915,,성수
6E89CF4713,서울 성동구 송정12나길 20,니드**,,서울 성동구,한식-단품요리일반,,20201020,,송정동
EABC01A262,서울 성동구 아차산로 110.,쭈꾸***,,서울 성동구,한식-단품요리일반,성수,20160114,,건대입구
DD91730DEC,서울 성동구 아차산로 116.,전통*****,,서울 성동구,요리주점,성수,20160323,,건대입구
11B32F0E92,서울 성동구 아차산로 116.,원*,,서울 성동구,호프/맥주,성수,20110704,,건대입구
294C67ABA5,서울 성동구 아차산로 116.,우야*,,서울 성동구,한식-단품요리일반,성수,20080908,,건대입구
D89DEC9B29,서울 성동구 아차산로 122.,맘스*******,햄버거2,서울 성동구,햄버거,성수,20210312,,건대입구
11E4EE3E27,서울 성동구 연무장13길 3.,업.************,,서울 성동구,한식-단품요리일반,성수,20180109,,성수
B0177B88BD,서울 성동구 연무장13길 5.,행운**,,서울 성동구,한식뷔페,성수,20160825,,성수
7A2D621B50,서울 성동구 연무장3길 12.,쓰윗********,,서울 성동구,아이스크림/빙수,성수,20240530,,성수
1D3FAC9886,서울 성동구 연무장7길 12.,제이***,,서울 성동구,요리주점,성수,20130829,,성수
4281813D4D,서울 성동구 연무장7길 12.,돼지*,,서울 성동구,한식-육류/고기,성수,19990309,,성수
F666E3264F,서울 성동구 연무장7길 16.,유진**,일식당3,서울 성동구,일식당,성수,20100421,,성수
3298DAD0FE,서울 성동구 연무장7길 16.,웰컴***,,서울 성동구,중식당,성수,20140702,,성수
B1640E51DF,서울 성동구 연무장길 119.,여기****,,서울 성동구,한식-단품요리일반,,20160817,,성수
310CE87EE4,서울 성동구 연무장길 120.,요리*,,서울 성동구,중식당,,20091231,,성수
57E5E99129,서울 성동구 연무장길 17-1,우리***,,서울 성동구,농산물,성수,20121227,,성수
F653A2F32F,서울 성동구 연무장길 81 .,봄의******,,서울 성동구,양식,성수,20200511,,성수
1F01798D03,서울 성동구 왕십리로 100.,리김*******,분식9,서울 성동구,분식,뚝섬,20190417,20250814.0,뚝섬
53A8784B97,서울 성동구 왕십리로 206.,메가***********,커피전문점2,서울 성동구,커피전문점,한양대,20240819,,한양대
C3E5582C1B,서울 성동구 왕십리로 211.,빨강**,,서울 성동구,분식,한양대,20121120,,한양대
03803D77FE,서울 성동구 왕십리로 213.,엄마*,,서울 성동구,백반/가정식,한양대,20150612,,한양대
6EFA1D03C5,서울 성동구 왕십리로 215.,본초***,,서울 성동구,일식-덮밥/돈가스,한양대,20130319,,한양대
43B9C1697C,서울 성동구 왕십리로 222.,카페*,,서울 성동구,카페,한양대,20150813,,한양대
7439039EF1,서울 성동구 왕십리로 285.,나인***********,,서울 성동구,카페,왕십리,20121030,,왕십리
F67809447B,서울 성동구 왕십리로 327.,똥파*,,서울 성동구,요리주점,왕십리,20061130,,왕십리
D0ACBE7CA2,서울 성동구 왕십리로 329.,재래**,,서울 성동구,농산물,왕십리,20221004,,왕십리
D8C7681945,서울 성동구 왕십리로 330.,본죽*****,한식-죽1,서울 성동구,한식-죽,왕십리,20141015,,왕십리
4DAE33EA04,서울 성동구 왕십리로 336.,경희****,,서울 성동구,건강식품,왕십리,20130401,,왕십리
2541119B6A,서울 성동구 왕십리로 340.,백남********,,서울 성동구,한식-단품요리일반,왕십리,20190813,,왕십리
AC58EEAF8F,서울 성동구 왕십리로 357.,피자********,피자8,서울 성동구,피자,,20150204,,왕십리
E822E1A8E9,서울 성동구 왕십리로 362.,마시***,,서울 성동구,호프/맥주,,20121025,,왕십리
17FCA23DD7,서울 성동구 왕십리로 410.,카페****,,서울 성동구,카페,,20140110,,왕십리
B7C6FE8E60,서울 성동구 왕십리로 410.,희낭**,,서울 성동구,카페,,20240709,,왕십리
2D42F25855,서울 성동구 왕십리로 410.,희유****,,서울 성동구,탕후루,,20230829,,왕십리
5B15CE4AD1,서울 성동구 왕십리로 410.,신의******,한식-육류/고기16,서울 성동구,한식-육류/고기,,20181114,,왕십리
FBC1A0EE75,서울 성동구 왕십리로 410.,카츠*,,서울 성동구,일식-덮밥/돈가스,,20170308,,왕십리
66CF03A8B9,서울 성동구 왕십리로 410.,헬키*******,,서울 성동구,한식-단품요리일반,,20231103,,왕십리
8894E49C2B,서울 성동구 왕십리로4길 1,장수*****,,서울 성동구,한식-육류/고기,뚝섬,20020506,,뚝섬
BDF140D87B,서울 성동구 용답15길 10-1,이천***,,서울 성동구,미곡상,답십리,20080218,,답십리
022FF198C7,서울 성동구 용답19길 16-1,후루***,,서울 성동구,한식-국수/만두,답십리,20100409,,용답
D140A43C4D,서울 성동구 용답25길 6-11,금성**,,서울 성동구,농산물,답십리,20150119,,답십리
8452B8C46E,서울 성동구 용답25라길 23,부흥**,,서울 성동구,농산물,답십리,20070321,,답십리
515A6733F3,서울 성동구 용답25라길 23,행복**********,,서울 성동구,축산물,답십리,20090904,,답십리
622D27CE49,서울 성동구 용답중앙길 12,대광**,,서울 성동구,미곡상,답십리,20050411,,답십리
C42A4207F3,서울 성동구 용답중앙길 67,충북**,,서울 성동구,농산물,답십리,20110608,,답십리
56DDDE972B,서울 성동구 용답중앙길 72,오늘**,,서울 성동구,농산물,답십리,20170717,,답십리
CA4136E334,서울 성동구 천호대로 440.,와이************,,서울 성동구,건강식품,장한평자동차,20221021,,장한평자동차
74CE634D25,서울 성동구 청계천로 426.,여러***,,서울 성동구,포장마차,,20140917,,용답
216431492C,서울 성동구 청계천로 494.,Mr*****,,서울 성동구,한식-육류/고기,,20130916,,용답
3C4FAA53F0,서울 성동구 한림말1길 13.,제주****,,서울 성동구,한식-육류/고기,옥수,20100906,,옥수
C534CA7692,서울 성동구 한림말1길 16.,오늘******,,서울 성동구,한식-육류/고기,옥수,20140514,,옥수
BE8BE0B9CF,서울 성동구 한림말3길 10.,오솜**,,서울 성동구,카페,옥수,20210623,20250730.0,옥수
645C99961F,서울 성동구 한림말3길 29.,더 ******,,서울 성동구,한식-단품요리일반,옥수,20150827,,옥수
A43C78D6AE,서울 성동구 한림말3길 31.,개미**,,서울 성동구,백반/가정식,옥수,20150511,,옥수
14575F7112,서울 성동구 한림말5길 11.,둘둘**,치킨14,서울 성동구,치킨,옥수,20141023,,옥수
58C2DD4547,서울 성동구 한림말5길 19.,빈플**,,서울 성동구,카페,옥수,20140303,,옥수
1B1710772B,서울 성동구 한림말길 31 .,DA********,,서울 성동구,베이커리,옥수,20120521,,옥수
69BE861BE9,서울 성동구 행당로 125-3.,코스*,,서울 성동구,호프/맥주,왕십리,20010216,,행당
0AAC5CC72A,서울 성동구 행당로 127-1.,광동*******,수산물1,서울 성동구,수산물,왕십리,20131231,,행당
167123A24F,서울 성동구 행당로17길 11,꼬랑**,,서울 성동구,치킨,왕십리,20010706,,행당
02A5043FF7,서울 성동구 행당로17길 13,왕십*****,,서울 성동구,한식-육류/고기,왕십리,20030623,,행당
E434888409,서울 성동구 행당로17길 16,먹거****,,서울 성동구,포장마차,왕십리,20070618,,행당
0DF01FA34B,서울 성동구 행당로17길 18,행당****,,서울 성동구,한식-육류/고기,왕십리,19990127,,행당
EE564B1E57,서울 성동구 행당로17길 24,푸줏*****,,서울 성동구,한식-육류/고기,왕십리,20010605,,행당
3AA1678CDE,서울 성동구 행당로17길 7.,왕십*****,,서울 성동구,한식-육류/고기,왕십리,20100621,,행당
FA17812673,서울 성동구 행당로8길 13.,왕손***,,서울 성동구,백반/가정식,행당,20130624,,행당
2FC6C4F505,서울 성동구 행당로8길 5-1,늘푸****,,서울 성동구,건강원,행당,19981208,,행당
D822E86B3D,서울  성동구  금호로  82-1,함흥***,,서울 성동구,한식-단품요리일반,,20120626,,신금호
EE23179B26,서울  성동구  금호산길  58,노*,,서울 성동구,일식당,신금호,20120904,,신금호
3C92DED4C1,서울  성동구  독서당로40길,신의*****,한식-육류/고기16,서울 성동구,한식-육류/고기,옥수,20121010,,옥수
1095E71AA8,서울  성동구  마장로35다길,대용**,,서울 성동구,축산물,마장동,20111101,,마장동
21373CB273,서울  성동구  상원10길  16,김종***,,서울 성동구,카페,뚝섬,20120106,,뚝섬
9845793AAE,서울  성동구  성수이로  54,짬뽕**,중식당5,서울 성동구,중식당,성수,20120323,,성수
543C4A9834,서울  성동구  아차산로  87,을지******,백반/가정식19,서울 성동구,백반/가정식,성수,20120711,,건대입구
3EB675E82D,서울  성동구  연무장길  45,혜성**,,서울 성동구,분식,성수,20120105,,성수
1F0AADBBB8,서울  성동구  왕십리로  38,채선*,일식-샤브샤브1,서울 성동구,일식-샤브샤브,,20120524,,왕십리
0DABCC3BB8,서울  성동구  장터길  22-1,엄마**,,서울 성동구,백반/가정식,금남시장,20090311,,금남시장
9952AAC240,서울  성동구  한림말3길  2,파리***********,베이커리10,서울 성동구,베이커리,옥수,20111115,,옥수
A973A20431,서울  성동구  한림말3길  8,더코***,,서울 성동구,양식,옥수,20120518,,옥수
37FEBDD1C1,서울 성동구 고산자로 337-1,조은**,,서울 성동구,호프/맥주,마장동,20070227,,왕십리
C15F41870C,서울 성동구 고산자로2길 14,고고**,,서울 성동구,포장마차,,20240522,,왕십리
E04BA9BDD4,서울 성동구 고산자로2길 4.,축산***,,서울 성동구,축산물,,20020913,,왕십리
A0CE4F5DE8,서울 성동구 고산자로6길 40,라인******,,서울 성동구,식료품,,20170213,,왕십리
453BD22A9C,서울 성동구 고산자로8길 18,부자**,,서울 성동구,백반/가정식,,20100519,,왕십리
A882497D4A,서울 성동구 광나루로 130 .,포레******************,,서울 성동구,식품 제조,뚝섬,20200102,,뚝섬
2257171AD9,서울 성동구 광나루로11길 3,석천*******,,서울 성동구,한식-국밥/설렁탕,,20160513,,뚝섬
33E9701118,서울 성동구 금호산2길 30-1,희*,,서울 성동구,한식-단품요리일반,금남시장,20101006,,금남시장
EE27570A61,서울 성동구 금호산길 49-1.,먹깨****,,서울 성동구,한식-단품요리일반,신금호,20190814,,신금호
D827FBA72F,서울 성동구 금호산길 53-1.,채원******,,서울 성동구,한식-감자탕,신금호,20161031,,신금호
018DD7E495,서울 성동구 독서당로 296-8,동원*,,서울 성동구,중식당,금남시장,20150608,,옥수
68EF8A24E8,서울 성동구 독서당로 303-6,왕칼**,,서울 성동구,한식-국수/만두,금남시장,20100423,,옥수
B7BB25BF59,서울 성동구 독서당로 307-1,지연****,,서울 성동구,룸살롱/단란주점,금남시장,20030113,,옥수
ACC0BA1B1B,서울 성동구 뚝섬로 385-32.,육*,,서울 성동구,한식-육류/고기,성수,20130905,,성수
34F9A062DD,서울 성동구 뚝섬로 385-32.,명태*,,서울 성동구,한식-해물/생선,성수,20150908,,성수
378316C068,서울 성동구 마장로 228-18.,체*,,서울 성동구,호프/맥주,왕십리,20151106,,마장동
1B2F00A1CC,서울 성동구 마장로 228-24.,다*,,서울 성동구,중식당,왕십리,20080704,,마장동
C6078C61EF,서울 성동구 마장로23길 4 .,대촌*,,서울 성동구,한식-육류/고기,,20020424,,마장동
FA6BD5D16F,서울 성동구 마장로26길 16.,왕십****,,서울 성동구,한식-찌개/전골,왕십리,20140828,,마장동
DDAA9A9275,서울 성동구 마장로27길 11.,용두**,,서울 성동구,축산물,,20160812,,마장동
FE0080F280,서울 성동구 마장로29길 40.,궁중**,,서울 성동구,한식-육류/고기,마장동,20140730,,마장동
AD22A7162D,서울 성동구 마장로31가길 6,임하**,,서울 성동구,축산물,마장동,20050920,,마장동
34202B73D6,서울 성동구 마장로31길 34.,경지**,,서울 성동구,축산물,마장동,20140124,,마장동
B6EC787096,서울 성동구 마장로31길 40.,대광**,,서울 성동구,축산물,마장동,20111026,,마장동
C710E8B62F,서울 성동구 마장로31길 40.,청운**,,서울 성동구,축산물,마장동,20150126,,마장동
3C9CFC0B9F,서울 성동구 마장로31길 44.,삼보**,,서울 성동구,축산물,마장동,20151222,,마장동
66E5115662,서울 성동구 마장로31길 48.,순창**,,서울 성동구,축산물,마장동,20071018,,마장동
08108678CB,서울 성동구 마장로35길 66.,대한**,,서울 성동구,축산물,마장동,20140903,,마장동
25100A92DC,서울 성동구 마장로35길 68.,마장******,,서울 성동구,한식-육류/고기,마장동,20110901,,마장동
2358FEB402,서울 성동구 마장로35길 70.,몽실**,,서울 성동구,축산물,마장동,20131030,20250805.0,마장동
30A5227B23,서울 성동구 마장로35나길 3,한국**,,서울 성동구,축산물,마장동,20071206,,마장동
261CA88AD3,서울 성동구 마장로35나길 4,현대**,,서울 성동구,축산물,마장동,20130315,,마장동
A0C37B29DA,서울 성동구 마장로35다길 9,삼형***,,서울 성동구,축산물,마장동,20071020,,마장동
E999F941CF,서울 성동구 마장로35다길 9,대용*****,,서울 성동구,축산물,마장동,20090316,,마장동
EF32AB6F09,서울 성동구 마장로35다길 9,대성**,,서울 성동구,축산물,마장동,20110907,,마장동
40B3115ED5,서울 성동구 마장로35다길 9,영양**,,서울 성동구,축산물,마장동,20140428,,마장동
A849839BC8,서울 성동구 마장로35다길 9,누리**,,서울 성동구,축산물,마장동,20150703,,마장동
3185CC12C8,서울 성동구 마장로37길 40.,영남****,,서울 성동구,축산물,,20100913,,마장동
3B10BE8CBB,서울 성동구 마장로37길 43.,창민**,,서울 성동구,축산물,마장동,20150108,20250717.0,마장동
3E36C045C0,서울 성동구 마장로37길 53.,한일***,,서울 성동구,축산물,마장동,20180823,,마장동
B0292898CE,서울 성동구 마장로37길 53.,마장****,,서울 성동구,한식-육류/고기,마장동,20140407,,마장동
844FB79595,서울 성동구 마장로37길 59.,한우**,,서울 성동구,축산물,마장동,20160504,,마장동
1958977F7D,서울 성동구 마장로37길 59.,한우************,,서울 성동구,한식-육류/고기,마장동,20160429,,마장동
FF0B7211A6,서울 성동구 마장로39길 14.,동일**,,서울 성동구,축산물,,20161205,,마장동
50431C729D,서울 성동구 마장로39길 24.,청량*****,,서울 성동구,한식-해물/생선,,20160608,,마장동
6466B7724E,서울 성동구 마장로40길 10.,추억*******,,서울 성동구,한식-국수/만두,,20140219,,마장동
B7E66CE21B,서울 성동구 마장로42길 14.,달무**,,서울 성동구,반찬,,20120914,,마장동
6D331F1EE9,서울 성동구 마조로11길 17.,카페***************,카페9,서울 성동구,카페,한양대,20110921,,한양대
291BA8B14B,서울 성동구 마조로18길 21.,청진****,한식-국밥/설렁탕12,서울 성동구,한식-국밥/설렁탕,,20081224,,마장동
F1F48E332E,서울 성동구 마조로1가길 20,한양****,,서울 성동구,꼬치구이,한양대,20100311,,한양대
30A3576891,서울 성동구 마조로1가길 3.,요거********,아이스크림/빙수5,서울 성동구,아이스크림/빙수,한양대,20140821,,한양대
D491F00E17,서울 성동구 마조로1길 26-5,복돼****,,서울 성동구,한식-육류/고기,한양대,20050504,,한양대
F961D19759,서울 성동구 마조로3가길 21,이수***,,서울 성동구,한식-육류/고기,한양대,20080318,,한양대
051EE5224E,서울 성동구 마조로3가길 27,천*,,서울 성동구,호프/맥주,한양대,20021220,,한양대
78443A3289,서울 성동구 마조로3가길 30,동래********,,서울 성동구,한식-단품요리일반,한양대,20150420,,한양대
17B71ACAEE,서울 성동구 마조로7길 7-1.,춘천*****,한식-육류/고기26,서울 성동구,한식-육류/고기,한양대,20160617,,한양대
359DA6198A,서울 성동구 마조로7길 9-1.,쭈식***,,서울 성동구,한식-육류/고기,한양대,20140822,,한양대
2DF77932A4,서울 성동구 무학로10길 33.,소*,,서울 성동구,분식,왕십리,20160108,,왕십리
ED3A70B3FF,서울 성동구 무학로14길 57.,마블**,,서울 성동구,축산물,마장동,20140324,,왕십리
779A336040,서울 성동구 무학로2길 23-1,아라**,,서울 성동구,일식-참치회,왕십리,20100524,,왕십리
BC73C4C3E0,서울 성동구 무학봉15가길 1,전주**,,서울 성동구,백반/가정식,왕십리,20021104,,왕십리
8E3ACDFC79,서울 성동구 무학봉15길 26.,산고****,,서울 성동구,한식-국수/만두,왕십리,20150511,,왕십리
BEFC627F89,서울 성동구 무학봉16길 21.,오시*,,서울 성동구,한식-단품요리일반,왕십리,20141204,,왕십리
BFA2953286,서울 성동구 무학봉25길 20.,여러**********,,서울 성동구,일식-덮밥/돈가스,왕십리,20240228,,왕십리
AD5F5FFA6F,서울 성동구 무학봉26길 10.,봉구********,호프/맥주2,서울 성동구,호프/맥주,왕십리,20150624,,왕십리
FC4868D4E3,서울 성동구 무학봉26길 9-1,칼국*,,서울 성동구,한식-국수/만두,왕십리,19960610,,왕십리
7E7BE1BF67,서울 성동구 무학봉28길 12.,수현**,,서울 성동구,일식당,왕십리,20121029,,왕십리
BD730ED969,서울 성동구 무학봉28길 19.,씨씨****,,서울 성동구,카페,왕십리,20141126,,왕십리
4E44FC37D5,서울 성동구 무학봉28길 21.,최영*******,,서울 성동구,한식-육류/고기,왕십리,20160129,,왕십리
462A0062E2,서울 성동구 무학봉길 64-4.,일*,,서울 성동구,중식당,,20130926,,왕십리
CA5307D30A,서울 성동구 무학봉길 93-1.,포레**,,서울 성동구,카페,왕십리,20150730,,왕십리
46EE1185BE,서울 성동구 사근동10길 2-1,삼거***,,서울 성동구,백반/가정식,한양대,20121227,,한양대
942B127362,서울 성동구 상원10길 13-1.,집*,,서울 성동구,백반/가정식,뚝섬,20060914,,뚝섬
9E719E496C,서울 성동구 서울숲2길 8-8.,라프*,,서울 성동구,카페,,20210317,,성수
A153724F2C,서울 성동구 서울숲6길 20 .,사운****,,서울 성동구,일반 유흥주점,뚝섬,20190423,,뚝섬
3E65F94B3C,서울 성동구 성덕정11길 22.,한남***********,,서울 성동구,요리주점,성수,20140814,,성수
A7D92FCCC6,서울 성동구 성덕정15길 12.,꾸이******,,서울 성동구,한식-단품요리일반,성수,20210625,,성수
5F8D82CC87,서울 성동구 성덕정15길 6-5,미정****,,서울 성동구,한식-해물/생선,성수,20080204,,성수
01F74A3D59,서울 성동구 성덕정17길 8-1,영계*******,,서울 성동구,치킨,성수,20161201,,성수
151654BA1D,서울 성동구 성덕정17길 8-1,조개*,,서울 성동구,한식-해물/생선,성수,20131226,,성수
A6EA097570,서울 성동구 성덕정19길 17.,아이**,,서울 성동구,요리주점,,20090903,,성수
5B86E12858,서울 성동구 성덕정길 135-1,미경**,,서울 성동구,백반/가정식,,20110228,,송정동
56BE624635,서울 성동구 성덕정길 47-1.,찬찬*,,서울 성동구,한식-단품요리일반,성수,20150424,,송정동
88E4663BB3,서울 성동구 성덕정길 48-1.,달라***,,서울 성동구,한식-단품요리일반,성수,20130703,,송정동
51546F4B94,서울 성동구 성수이로 32-5.,연탄***,,서울 성동구,한식-육류/고기,성수,20130906,,성수
81E3DAF03B,서울 성동구 성수이로 32-7.,크래*****,,서울 성동구,한식-단품요리일반,성수,20160805,20250811.0,성수
52FFF088FE,서울 성동구 성수이로3길 19,어랑**,,서울 성동구,한식-해물/생선,성수,20050329,,성수
9D343EC3C4,서울 성동구 성수이로3길 21,태상**,,서울 성동구,식품 제조,성수,20080314,,성수
81A9553F88,서울 성동구 성수이로5길 1.,굴*,,서울 성동구,카페,성수,20190227,,성수
F18AEC23C8,서울 성동구 성수이로7길 1.,성수**,,서울 성동구,일식-초밥/롤,성수,20150825,,성수
134895DA5B,서울 성동구 성수일로 11-2.,키베***,,서울 성동구,베이커리,성수,20180319,,성수
BAE4DBE504,서울 성동구 성수일로 59-1.,성수******,,서울 성동구,한식-육류/고기,뚝섬,20100303,,성수
FCBC6ED9BA,서울 성동구 성수일로3길 2.,마이*********,,서울 성동구,샌드위치/토스트,성수,20220426,,성수
5C6A6CA90A,서울 성동구 성수일로4길 2.,유월*,,서울 성동구,한식-육류/고기,성수,20240626,,성수
EB1FBD0949,서울 성동구 성수일로8길 5.,용이*,,서울 성동구,분식,성수,20150217,,성수
456FAA8479,서울 성동구 성수일로8길 5.,화*,,서울 성동구,한식-육류/고기,성수,20160503,,성수
84840BD483,서울 성동구 성수일로8길 5.,두찜******,한식-육류/고기7,서울 성동구,한식-육류/고기,성수,20231121,,성수
3CD5747A9B,서울 성동구 성수일로8길 5.,데일****,,서울 성동구,샌드위치/토스트,성수,20220620,,성수
7634BB5C6E,서울 성동구 아차산로 100 .,제일***,,서울 성동구,한식-단품요리일반,성수,20241011,,건대입구
A88840BB81,서울 성동구 아차산로13길 6,서산**,,서울 성동구,한식뷔페,,19990622,,건대입구
3751A3FD2E,서울 성동구 아차산로7길 19,태양*,,서울 성동구,중식당,성수,20000131,,성수
ADF92BAABD,서울 성동구 아차산로7길 4.,권식**,,서울 성동구,한식-육류/고기,성수,20151030,,성수
6624D7D635,서울 성동구 아차산로7길 41,아름**,,서울 성동구,식료품,성수,20070921,,성수
B3CE00A387,서울 성동구 아차산로7길 8.,몽땅***,한식-육류/고기17,서울 성동구,한식-육류/고기,성수,20130612,,성수
FDD6335CBC,서울 성동구 연무장15길 11.,카페***,,서울 성동구,카페,,20191011,,성수
566804A508,서울 성동구 연무장15길 11.,정든**,,서울 성동구,백반/가정식,화양시장,20220214,,성수
DE2C6A8F93,서울 성동구 연무장3길 5-1.,찌마**,,서울 성동구,이자카야,성수,20190220,,성수
B897002DD3,서울 성동구 연무장5가길 7.,나이*******,,서울 성동구,햄버거,성수,20211006,,성수
31F3C37515,서울 성동구 연무장5가길 7.,송여*****,,서울 성동구,한식-찌개/전골,성수,20180824,,성수
0FDB111E34,서울 성동구 연무장5가길 7.,빅쭌****,,서울 성동구,한식-단품요리일반,성수,20231123,,성수
96BE5D7758,서울 성동구 연무장7가길 5.,메종****,,서울 성동구,한식-육류/고기,성수,20140916,,성수
1F9B203919,서울 성동구 연무장길 39-25,루*,,서울 성동구,양식,성수,20141226,,성수
F3F835C942,서울 성동구 왕십리로 134 .,청죽***,,서울 성동구,백반/가정식,뚝섬,20000512,,뚝섬
C59F032CAC,서울 성동구 왕십리로 223-1,밸런***,샌드위치/토스트1,서울 성동구,샌드위치/토스트,한양대,20090421,,한양대
ED968D5FD1,서울 성동구 왕십리로 275-1,할리********,커피전문점15,서울 성동구,커피전문점,,20151125,,왕십리
BB82FCB163,서울 성동구 왕십리로 291-2,볼카***,,서울 성동구,호프/맥주,왕십리,20051202,,왕십리
7D998A4E45,서울 성동구 왕십리로 291-2,가요**,,서울 성동구,일반 유흥주점,왕십리,20090806,,왕십리
3DB47F6D25,서울 성동구 왕십리로 296-1,학다*,,서울 성동구,카페,왕십리,20110729,,왕십리
51469424CB,서울 성동구 왕십리로 357 .,공차**********,차1,서울 성동구,차,,20200729,,왕십리
17B4A44FAF,서울 성동구 왕십리로 375-1,개미**,,서울 성동구,백반/가정식,,20151119,,왕십리
E411010CB1,서울 성동구 왕십리로 410 .,진이*******,반찬2,서울 성동구,반찬,,20230329,,왕십리
49E147A359,서울 성동구 왕십리로 410 .,부자**,,서울 성동구,떡/한과 제조,,20170110,,왕십리
81F1EA7323,서울 성동구 왕십리로 80-1.,성수***,한식-국밥/설렁탕6,서울 성동구,한식-국밥/설렁탕,뚝섬,20141017,,뚝섬
292FD26A79,서울 성동구 왕십리로21길 6,김밥**,분식3,서울 성동구,분식,왕십리,20070711,,왕십리
00A2CF886A,서울 성동구 왕십리로22길 6,별*,,서울 성동구,일반 유흥주점,왕십리,20160229,,왕십리
3AE0B97C20,서울 성동구 왕십리로24길 5,소*,,서울 성동구,한식-육류/고기,왕십리,20081013,,왕십리
305E16DCD0,서울 성동구 왕십리로28길 5,양자*,,서울 성동구,중식당,왕십리,20081014,,왕십리
EED0404EC2,서울 성동구 왕십리로30길 8,자연*****,,서울 성동구,농산물,,20160504,,왕십리
4996910EA9,서울 성동구 왕십리로5길 19,송범**,,서울 성동구,백반/가정식,뚝섬,20051123,,뚝섬
9608F27C4D,서울 성동구 왕십리로6길 2.,일월***,,서울 성동구,한식-단품요리일반,뚝섬,20210609,,뚝섬
0080644746,서울 성동구 왕십리로8길 4.,샵아**,요리주점1,서울 성동구,요리주점,뚝섬,20150515,,뚝섬
57D0C5916A,서울 성동구 왕십리로8길 5.,미테**,,서울 성동구,양식,뚝섬,20160909,,뚝섬
C22B08730F,서울 성동구 왕십리로8길 5.,서울****,,서울 성동구,호프/맥주,뚝섬,20230113,,뚝섬
1C4665B740,서울 성동구 왕십리로8길 7.,더블**********,,서울 성동구,한식-육류/고기,뚝섬,20160922,,뚝섬
1A185BC72B,서울 성동구 용답19가길 23.,집밥***,,서울 성동구,한식-해물/생선,답십리,20191119,,답십리
B30333D048,서울 성동구 용답19길 10-2.,할루***,,서울 성동구,치킨,,20101018,,용답
DE85469897,서울 성동구 용답29길 15-1.,쪽선*,,서울 성동구,한식-육류/고기,답십리,20160218,,답십리
4BB1D5083E,서울 성동구 용답중앙15길 2,사거***,,서울 성동구,청과물,답십리,20070626,,용답
1B554AAC24,서울 성동구 용답중앙길 55.,서박*****,,서울 성동구,한식-냉면,답십리,20151201,,답십리
1CB111F32B,서울 성동구 용답중앙길 69.,서울**,,서울 성동구,농산물,답십리,20160801,,답십리
3466CE84BF,서울 성동구 용답중앙길 92.,찜사***,,서울 성동구,한식-해물/생선,답십리,20150102,,답십리
06EB542919,서울 성동구 한림말1길 15-2,민들***,,서울 성동구,떡/한과 제조,옥수,20100312,,옥수
884843D6AE,서울 성동구 행당로17길 22.,찬란********,,서울 성동구,한식-해물/생선,왕십리,20211130,,행당
FB709A768C,서울 성동구 행당로17길 26.,남매***,,서울 성동구,꼬치구이,왕십리,20160111,,행당
8D93FA8AF3,서울 성동구 행당로6길 97 .,파리********,베이커리10,서울 성동구,베이커리,행당,20160922,,행당
B5D809A744,서울특별시 성동구 마조로 9,남도***,,서울 성동구,한식-국밥/설렁탕,한양대,20190415,,한양대
E2718B6445,서울특별시 성동구 장터길 9,로이*,,서울 성동구,양식,,20171011,,금남시장
FA8BCD6DDD,서울특별시 성동구 행당로 2,트리***********,,서울 성동구,커피전문점,신금호,20230208,,행당
F0CE500A65,서울특별시 성동구 행당로 6,알고*****,,서울 성동구,양식,신금호,20241213,,행당
2EDD8317FA,서울특별시 성동구 행당로 6,우림*****,,서울 성동구,한식-육류/고기,신금호,20190911,,행당
EDFFBFE90B,서울  성동구  고산자로  284,맘마*,도시락1,서울 성동구,도시락,왕십리,20120713,,왕십리
53987F6D47,서울  성동구  고산자로  290,마장****,,서울 성동구,한식-육류/고기,왕십리,19990927,,왕십리
8F5D58EB68,서울  성동구  고산자로  300,레이*************,,서울 성동구,한식-단품요리일반,왕십리,20120306,,왕십리
DF916D9BA2,서울  성동구  금호로13길  3,이모*,,서울 성동구,백반/가정식,신금호,20120517,,신금호
5A4B697AE7,서울  성동구  금호산2길  19,바다******,한식-해물/생선3,서울 성동구,한식-해물/생선,금남시장,20120727,,금남시장
DE5727B21A,서울  성동구  무수막14길  7,커피*,,서울 성동구,식료품,신금호,20120614,,신금호
64DD526761,서울  성동구  무학로2길  44,꼬치*****,,서울 성동구,이자카야,왕십리,20120905,,왕십리
1A011579F7,서울  성동구  성수이로  113,뚜레********,베이커리2,서울 성동구,베이커리,성수,20120530,,성수
C41A3932CE,서울  성동구  아차산로  144,우영***,,서울 성동구,백반/가정식,,20120905,,건대입구
72DBCB6C77,서울  성동구  행당로17길  5,행당***,,서울 성동구,한식-국밥/설렁탕,왕십리,20111206,,행당
AB9E1046C2,서울  성동구  행당로3길  18,우리**,,서울 성동구,청과물,,20120424,,행당
B384999F4C,서울 성동구 고산자로22길 11,양자*,,서울 성동구,중식당,마장동,20010721,,왕십리
0DBD011FE1,서울 성동구 고산자로24길 11,광덕**,,서울 성동구,축산물,마장동,20020723,,왕십리
2E56C71323,서울 성동구 고산자로24길 11,동호**,,서울 성동구,축산물,마장동,20110110,,왕십리
CD17D7F552,서울 성동구 고산자로24길 11,천안****,,서울 성동구,축산물,마장동,20240503,,왕십리
577F82A787,서울 성동구 고산자로24길 16,명가******,,서울 성동구,축산물,마장동,20130724,,왕십리
5E6FE68BF5,서울 성동구 고산자로24길 16,초경**,,서울 성동구,축산물,마장동,20160411,,왕십리
310D618597,서울 성동구 고산자로24길 17,형우**,,서울 성동구,축산물,마장동,20110406,,왕십리
ED68BA86A3,서울 성동구 고산자로24길 6.,우리*****,,서울 성동구,축산물,마장동,20080402,,왕십리
C168E9F433,서울 성동구 고산자로24길 6.,장푸*,,서울 성동구,축산물,마장동,20110406,,왕십리
7AE92B81E6,서울 성동구 고산자로24길 6.,정선****,,서울 성동구,축산물,마장동,20131113,,왕십리
D04449492B,서울 성동구 고산자로24길 6.,고기**,,서울 성동구,축산물,마장동,20141016,,왕십리
9CD4728087,서울 성동구 고산자로26길 5.,여우*,,서울 성동구,한식-육류/고기,마장동,20130520,,왕십리
758D61445D,서울 성동구 고산자로2길 6-6,야미*,,서울 성동구,한식-단품요리일반,,20070713,,왕십리
9FF9872DBD,서울 성동구 고산자로2길 65.,어거****,,서울 성동구,치킨,,20240405,,왕십리
4E390D279A,서울 성동구 고산자로6길 24.,드소*************,,서울 성동구,베이커리,,20160721,,왕십리
F852908BF6,서울 성동구 고산자로6길 33.,탐라******,,서울 성동구,한식-육류/고기,왕십리,20160622,,왕십리
816828B7F6,서울 성동구 고산자로6길 40.,신촌***,한식-국밥/설렁탕4,서울 성동구,한식-국밥/설렁탕,,20050124,,왕십리
28CF1EBDA2,서울 성동구 고산자로6길 40.,병천**,한식-국밥/설렁탕3,서울 성동구,한식-국밥/설렁탕,,20100211,,왕십리
0773FAF52A,서울 성동구 고산자로6길 40.,전주******,한식-국밥/설렁탕11,서울 성동구,한식-국밥/설렁탕,,20150105,,왕십리
0AD65F48B1,서울 성동구 고산자로8길 22.,띵스**,,서울 성동구,햄버거,,20241007,,왕십리
D63B351295,서울 성동구 고산자로8길 26.,동해*,,서울 성동구,중식당,,20170327,20250813.0,왕십리
5F641D5F4A,서울 성동구 광나루로 320-1.,두루******,,서울 성동구,한식-해물/생선,,20140904,,뚝섬
2D2C0E00E6,서울 성동구 광나루로 320-1.,24**************,한식-국밥/설렁탕1,서울 성동구,한식-국밥/설렁탕,,20180220,,뚝섬
FBE5899725,서울 성동구 광나루로11길 19,피자**,,서울 성동구,피자,,20080123,,뚝섬
46D50AE96B,서울 성동구 광나루로11길 39,선희***,,서울 성동구,백반/가정식,,20100528,,뚝섬
50BD14C2F8,서울 성동구 광나루로6길 35.,밀향*,,서울 성동구,백반/가정식,,20110308,,성수
F9F193955A,서울 성동구 광나루로6길 35.,포미*,,서울 성동구,동남아/인도음식,,20170120,,성수
D59EAA6064,서울 성동구 광나루로6길 35.,라성**,,서울 성동구,일식-덮밥/돈가스,,20140102,,성수
F7D24B9BB0,서울 성동구 광나루로6길 49.,부*,,서울 성동구,백반/가정식,,20150415,,성수
139B280BA1,서울 성동구 광나루로8길 11.,꽃잎*,,서울 성동구,백반/가정식,,20200302,,뚝섬
2F2BBD5117,서울 성동구 광나루로8길 12.,아재********,,서울 성동구,커피전문점,,20191227,,뚝섬
B7E1268177,서울 성동구 금호로13길 1-1.,신금***,,서울 성동구,떡/한과 제조,신금호,20100810,,신금호
160DDA26E5,서울 성동구 금호로3길 18-44,금옥*,,서울 성동구,백반/가정식,금남시장,20101007,,신금호
6823A37A44,서울 성동구 금호로3길 18-44,가보*,,서울 성동구,한식-단품요리일반,금남시장,20060720,,신금호
C605E52DD9,서울 성동구 금호산10길 4-9.,금호**,,서울 성동구,식료품,금남시장,20140519,,금남시장
79ECEB213D,서울 성동구 금호산2길 17-1.,왕코***,백반/가정식16,서울 성동구,백반/가정식,금남시장,20160624,,금남시장
4E94D459E2,서울 성동구 금호산2길 20-1.,원조***,,서울 성동구,한식-국수/만두,금남시장,20080507,,금남시장
D1BD109F16,서울 성동구 금호산2길 22-1.,맛있***,,서울 성동구,요리주점,금남시장,20141202,,금남시장
CC9BA90614,서울 성동구 금호산2길 22-6.,수랏*,,서울 성동구,식료품,금남시장,20161109,,금남시장
90224EC511,서울 성동구 금호산2길 26-1.,뽀빠***,,서울 성동구,치킨,금남시장,20131113,,금남시장
9710E13DA5,서울 성동구 금호산2길 29-5.,열정**,,서울 성동구,한식-단품요리일반,금남시장,20220228,,금남시장
A6BE3DEBC5,서울 성동구 독서당로 285-1.,어가***,,서울 성동구,일식당,금남시장,20040329,,옥수
4BF0C08F5F,서울 성동구 독서당로 290-1.,지니*****,,서울 성동구,카페,금남시장,20150513,,옥수
644FD8375A,서울 성동구 독서당로 295-7.,골목**,,서울 성동구,한식-냉면,금남시장,20121128,,옥수
01B82F195A,서울 성동구 독서당로 296-1.,스몰**,,서울 성동구,호프/맥주,금남시장,20140516,,옥수
A1EFA7F3A4,서울 성동구 독서당로 297-1.,신세***,,서울 성동구,반찬,금남시장,20140613,,옥수
E0A583DB58,서울 성동구 독서당로 297-3.,카페***,,서울 성동구,카페,금남시장,20220405,,옥수
7AFB53D14D,서울 성동구 독서당로 298-8.,금호***,,서울 성동구,한식-해물/생선,금남시장,20071213,,옥수
A1FFD25FC7,서울 성동구 독서당로 301-5.,이가***,,서울 성동구,한식-육류/고기,금남시장,20020513,,옥수
C81BDB335C,서울 성동구 독서당로 301-93,고향**,,서울 성동구,한식-냉면,금남시장,20010521,,옥수
78A451E785,서울 성동구 독서당로 303-16,도담***,,서울 성동구,한식-육류/고기,금남시장,20070426,,옥수
438D6C2A0C,서울 성동구 독서당로 303-17,미우*,,서울 성동구,한식-단품요리일반,금남시장,20110331,,옥수
65E5572C9F,서울 성동구 독서당로 303-3.,장군*******,,서울 성동구,한식-해물/생선,금남시장,20161129,,옥수
ED9B54E9A4,서울 성동구 독서당로 303-4.,금호***,,서울 성동구,건강원,금남시장,20211102,,옥수
8D2F0E9170,서울 성동구 독서당로 303-9.,희동**,,서울 성동구,한식-단품요리일반,금남시장,20150615,,옥수
249C65ED4B,서울 성동구 독서당로 315-4.,느*,,서울 성동구,호프/맥주,금남시장,20191105,,옥수
6E8A1269CE,서울 성동구 독서당로 325-1.,정드****,,서울 성동구,반찬,금남시장,20110421,,옥수
713EF07634,서울 성동구 독서당로60길 5.,처갓*****,치킨30,서울 성동구,치킨,,20050510,,옥수
56637B5CFF,서울 성동구 독서당로62길 4.,응봉*******,,서울 성동구,한식-육류/고기,,20160201,,행당
A05282EFE7,서울 성동구 동호로5길 131 .,서울********,,서울 성동구,식료품,,20160912,,금남시장
70F032FFD5,서울 성동구 뚝섬로3길 11-5.,로드*************,,서울 성동구,커피전문점,방배역,20221027,,성수
5B4D253AB9,서울 성동구 뚝섬로9길 13-1.,모먼********,,서울 성동구,양식,미아사거리,20240205,,성수
ACC89DAC44,서울 성동구 마장로31가길 5.,대호**,,서울 성동구,축산물,마장동,20140317,,마장동
2A46B78747,서울 성동구 마장로31가길 5.,대호**,,서울 성동구,축산물,마장동,20140507,,마장동
7ACE2E4135,서울 성동구 마장로31길 11-1,우리**,,서울 성동구,축산물,,20090515,,마장동
5E86C12B37,서울 성동구 마장로31나길 14,제일**,,서울 성동구,축산물,마장동,20021105,,마장동
F830EFEDC5,서울 성동구 마장로31나길 7.,은성***,,서울 성동구,축산물,마장동,20090123,,마장동
B6D9ACF9C9,서울 성동구 마장로35길 42-3,호수****,,서울 성동구,축산물,마장동,20141014,,마장동
C8748625BA,서울 성동구 마장로35나길 40,궁마*,,서울 성동구,한식-육류/고기,,20000411,,마장동
C83DB3B632,서울 성동구 마장로35나길 9.,화랑**,,서울 성동구,축산물,마장동,20080403,,마장동
281D5B3CBD,서울 성동구 마장로35다길 10,부흥***,,서울 성동구,축산물,마장동,20121025,,마장동
07D4C06897,서울 성동구 마장로35다길 12,하*,,서울 성동구,축산물,마장동,20121214,,마장동
20B5CCDB99,서울 성동구 마장로35다길 18,동철**,,서울 성동구,축산물,마장동,20160929,,마장동
825CCFE2CE,서울 성동구 마장로35다길 7.,팔팔******,,서울 성동구,축산물,마장동,20121005,,마장동
FA56138C48,서울 성동구 마장로35다길 8.,두두**,,서울 성동구,축산물,마장동,20161028,,마장동
84C2CF5A0F,서울 성동구 마장로37길 37-1,진덕**,,서울 성동구,축산물,마장동,20110407,,마장동
4F2296203F,서울 성동구 마장로37길 51-1,현대**,,서울 성동구,축산물,마장동,20200703,,마장동
AFFE78AA17,서울 성동구 마장로37길 53-9,사랑**,,서울 성동구,축산물,마장동,20161006,,마장동
0866C50DAD,서울 성동구 마장로39가길 23,장수**,,서울 성동구,축산물,,20080502,,마장동
BD59CF16DF,서울 성동구 마조로1가길 13.,on****,,서울 성동구,호프/맥주,한양대,20101014,,한양대
6A2D56434E,서울 성동구 마조로1가길 14.,도담**,치킨13,서울 성동구,치킨,한양대,20160509,20230911.0,한양대
FDC922ABCE,서울 성동구 마조로1가길 17.,라*,,서울 성동구,카페,한양대,20150409,,한양대
36D30C9B49,서울 성동구 마조로3가길 19.,왕가**,,서울 성동구,한식-육류/고기,한양대,20040409,,한양대
CA5F53A33F,서울 성동구 마조로3가길 25.,왕십***,,서울 성동구,백반/가정식,한양대,20240424,,한양대
C1259FB5AB,서울 성동구 마조로3가길 25.,니캉**,,서울 성동구,한식-육류/고기,한양대,20081118,,한양대
520511D96C,서울 성동구 마조로3가길 27.,서울***,,서울 성동구,한식-육류/고기,한양대,20070227,,한양대
3C9076A1D4,서울 성동구 마조로5길 4-10.,쇼*,,서울 성동구,이자카야,한양대,20080626,,한양대
9DB801DF04,서울 성동구 마조로5길 4-11.,삼팔****,,서울 성동구,포장마차,한양대,20090602,,한양대
6A6C827737,서울 성동구 마조로5길 4-16.,오투***,,서울 성동구,요리주점,한양대,20110315,,한양대
5F6C91EC8E,서울 성동구 마조로5길 4-16.,별이*******,,서울 성동구,한식-단품요리일반,한양대,20121016,,한양대
76B71D3DF0,서울 성동구 무학로2길 42-1.,껍데**,,서울 성동구,한식-육류/고기,왕십리,20130708,,왕십리
5FC828374B,서울 성동구 무학봉15가길 7.,한마***,,서울 성동구,한식-육류/고기,,20110418,,왕십리
B94F386154,서울 성동구 무학봉15길 11-1,장수***,,서울 성동구,건강원,왕십리,20080813,,왕십리
2716FFD10A,서울 성동구 상원12길 20-14.,소울*************************,,서울 성동구,커피전문점,뚝섬,20171120,,뚝섬
06A87DAA45,서울 성동구 서울숲2길 46-9.,푸르******,,서울 성동구,카페,뚝섬,20190823,,성수
DDCEC53100,서울 성동구 서울숲2길 46-9.,푸르****,,서울 성동구,한식-육류/고기,뚝섬,20130603,,성수
42334BE576,서울 성동구 서울숲4길 20-1.,베로******,,서울 성동구,양식,풍산지구,20230117,,성수
149A2FAFF2,서울 성동구 서울숲4길 22-1.,페이***,,서울 성동구,양식,뚝섬,20111004,,성수
2B0A1A657D,서울 성동구 서울숲4길 22-7.,언와**********,,서울 성동구,일식당,뚝섬,20220107,,성수
DE28615258,서울 성동구 성덕정15길 6-9.,서울**,,서울 성동구,한식-육류/고기,성수,20140113,,성수
9B88CEAD32,서울 성동구 성덕정17길 3-1.,곱씹****,,서울 성동구,한식-단품요리일반,성수,20160105,,성수
0F62D2C2CF,서울 성동구 성덕정17길 4-1.,우돈**,,서울 성동구,한식-육류/고기,성수,20080411,,성수
94F3CA422B,서울 성동구 성덕정17길 8-1.,성수**,,서울 성동구,백반/가정식,성수,20180706,,성수
9AC64E44C1,서울 성동구 성덕정길 146-1.,삼미**,,서울 성동구,백반/가정식,,20160412,,송정동
B2781768EE,서울 성동구 성수동2가 328-7,앙골******,,서울 성동구,카페,성수,20180416,,성수
F1B5E625FC,서울 성동구 성수이로 32-24.,투다****,꼬치구이3,서울 성동구,꼬치구이,성수,20090218,,성수
C9F99AA41B,서울 성동구 성수이로 36-10.,청수***,,서울 성동구,백반/가정식,성수,20091019,,성수
AA8C19329D,서울 성동구 성수이로10길 14,수*,,서울 성동구,중식당,성수,20151002,,성수
77E24452D3,서울 성동구 성수이로10길 8.,우곤**,,서울 성동구,일식-덮밥/돈가스,성수,20140929,,성수
2C8DAA2BF9,서울 성동구 성수이로14길 5.,메조******************,,서울 성동구,카페,성수,20221125,,성수
7403ED5B56,서울 성동구 성수이로16길 25,경수**,,서울 성동구,백반/가정식,,20010627,,성수
0E15C8A398,서울 성동구 성수이로22길 31,리*,,서울 성동구,한식-단품요리일반,,20131028,,성수
1E745D32BC,서울 성동구 성수이로7길 27.,장*,,서울 성동구,중식당,성수,20140221,,성수
727D65C942,서울 성동구 성수이로7길 27.,파리**********,베이커리10,서울 성동구,베이커리,성수,20101111,,성수
63F465C28C,서울 성동구 성수이로7길 27.,이야******,,서울 성동구,백반/가정식,성수,20150601,,성수
41E88640AD,서울 성동구 성수일로 80-17.,대도*,,서울 성동구,한식-육류/고기,성수,20180425,,성수
47AACE684D,서울 성동구 성수일로11길 11,봉짬*,,서울 성동구,중식당,뚝섬,20140515,,성수
8BA83008CB,서울 성동구 성수일로11길 8.,주식******,,서울 성동구,커피전문점,뚝섬,20161104,,성수
51949561E0,서울 성동구 성수일로12길 20,충남**,,서울 성동구,백반/가정식,성수,20060223,,성수
BD1918BD51,서울 성동구 성수일로12길 20,또*,,서울 성동구,백반/가정식,성수,20101230,,성수
1E49E0A26C,서울 성동구 성수일로12길 33,성수****,,서울 성동구,한식-육류/고기,성수,20070423,,성수
07C53B9164,서울 성동구 성수일로4길 25.,브라***,,서울 성동구,주류,성수,20110119,,성수
CA43DFDEA8,서울 성동구 성수일로4길 25.,롸카********,,서울 성동구,햄버거,성수,20211014,,성수
29421280E6,서울 성동구 성수일로4길 25.,서울********,일식-덮밥/돈가스1,서울 성동구,일식-덮밥/돈가스,성수,20100419,,성수
40FF885FCA,서울 성동구 성수일로4길 33.,잇프*************,,서울 성동구,농산물,성수,20201111,,성수
75296C3F60,서울 성동구 성수일로4길 45.,원빈**********,,서울 성동구,카페,성수,20130725,,성수
ED55416BF9,서울 성동구 성수일로4길 45.,파케**,,서울 성동구,식료품,성수,20221017,,성수
874FCFE46F,서울 성동구 성수일로4길 48.,성닭*,,서울 성동구,한식-육류/고기,성수,20190917,,성수
F12D55091A,서울 성동구 성수일로8길 37.,골드*******************,,서울 성동구,카페,성수,20241220,,성수
B169AE01FF,서울 성동구 성수일로8길 40.,일루**,,서울 성동구,백반/가정식,성수,20080514,,성수
397AF59B8B,서울 성동구 성수일로8길 47.,크레***********,,서울 성동구,양식,성수,20151201,,성수
30CACD815B,서울 성동구 성수일로8길 47.,축산***,,서울 성동구,축산물,성수,20190408,,성수
434F31D9B6,서울 성동구 성수일로8길 53.,맛보*,,서울 성동구,한식-육류/고기,성수,20050316,,성수
BDCFBDEA2B,서울 성동구 성수일로8길 53.,위풍*******,,서울 성동구,한식-육류/고기,성수,20150810,,성수
A5655985BD,서울 성동구 성수일로8길 60.,풍조**,,서울 성동구,백반/가정식,성수,20220630,,성수
28616F2CED,서울 성동구 아차산로11길 11,성수*,,서울 성동구,중식당,성수,20040511,,건대입구
5019B0EA07,서울 성동구 아차산로11길 11,행운**,,서울 성동구,백반/가정식,성수,20060724,,건대입구
D8669EE2FB,서울 성동구 아차산로11길 26,우리**,,서울 성동구,식료품,,20140311,,건대입구
BF8F8AFC4B,서울 성동구 아차산로13길 37,쉭앤******************,,서울 성동구,카페,,20090904,,건대입구
05FEB1D6F5,서울 성동구 아차산로13길 37,민물*,,서울 성동구,한식-해물/생선,,20060515,,건대입구
3C470EF2B3,서울 성동구 아차산로7길 16.,정참*,,서울 성동구,일식-참치회,성수,20140205,,성수
394824E6A3,서울 성동구 아차산로7길 28.,만복****,,서울 성동구,농산물,성수,20120518,,성수
45F19425EF,서울 성동구 아차산로7길 29.,카페***,,서울 성동구,카페,성수,20140826,,성수
0EE4BD7D7A,서울 성동구 아차산로7길 36.,오*,,서울 성동구,카페,,20170824,20250801.0,성수
F2E74AE874,서울 성동구 아차산로7길 42.,리슨***,,서울 성동구,베이커리,성수,20161019,,성수
039869F9F9,서울 성동구 연무장3길 9-14.,오마************,,서울 성동구,일식당,성수,20230116,,성수
E006ED6B32,서울 성동구 연무장5가길 22.,구시******,,서울 성동구,백반/가정식,성수,20140704,,성수
65D2C9E1E4,서울 성동구 연무장5가길 25.,해밀******,,서울 성동구,분식,성수,20061205,,성수
3AB4FC1262,서울 성동구 연무장5길 9-16.,미아**,,서울 성동구,샌드위치/토스트,성수,20160510,,성수
FAF7EF36E4,서울 성동구 연무장9길 10-1.,페스**,,서울 성동구,호프/맥주,성수,19911008,,성수
9A64F9D3E4,서울 성동구 연무장길 39-13.,타코***,,서울 성동구,양식,성수,20200727,,성수
8722E9522F,서울 성동구 연무장길 39-15.,오카*,,서울 성동구,일식-덮밥/돈가스,성수,20180627,,성수
FC9A5609D6,서울 성동구 연무장길 39-21.,대낚**,,서울 성동구,한식-단품요리일반,성수,20200923,,성수
AA108C530C,서울 성동구 왕십리로 107-1.,두남******,,서울 성동구,포장마차,뚝섬,20130822,,뚝섬
DCF5AF5EC7,서울 성동구 왕십리로 221-5.,포싸**,,서울 성동구,한식-단품요리일반,한양대,20151209,,한양대
3E2F41A5CB,서울 성동구 왕십리로 223-1.,한양***,,서울 성동구,한식-단품요리일반,한양대,20150513,,한양대
3BD38FB889,서울 성동구 왕십리로 294-2.,오소*,,서울 성동구,한식-국수/만두,왕십리,20241106,,왕십리
C46428C39E,서울 성동구 왕십리로 350-1.,하늘****,,서울 성동구,농산물,왕십리,20160823,,왕십리
A0F7C57228,서울 성동구 왕십리로10길 11,성수***,,서울 성동구,한식-해물/생선,뚝섬,20040603,,뚝섬
149775709C,서울 성동구 왕십리로14길 20,또또***,,서울 성동구,한식-육류/고기,,20080122,,왕십리
31366725DB,서울 성동구 왕십리로14길 38,조양***,,서울 성동구,한식-육류/고기,뚝섬,20080801,,뚝섬
0C71B9E39A,서울 성동구 왕십리로14길 8.,성수*****,,서울 성동구,한식-찌개/전골,뚝섬,20240628,,뚝섬
CF932F2737,서울 성동구 왕십리로20길 13,어사***,,서울 성동구,백반/가정식,왕십리,20111102,,왕십리
A2974AB3F0,서울 성동구 왕십리로21길 17,광명***,,서울 성동구,축산물,왕십리,20020903,,왕십리
CACFB96D47,서울 성동구 왕십리로21길 17,넝쿨**,,서울 성동구,한식-단품요리일반,왕십리,20160225,,왕십리
E727308CF3,서울 성동구 왕십리로21길 20,행당****,,서울 성동구,떡/한과 제조,왕십리,20110615,,왕십리
5C527FA137,서울 성동구 왕십리로21길 9.,호랑*****,,서울 성동구,치킨,왕십리,20141201,,왕십리
50D6E3DB76,서울 성동구 왕십리로22길 3.,미스********,,서울 성동구,일식당,왕십리,20130315,,왕십리
F717AC887A,서울 성동구 왕십리로22길 3.,애리***,,서울 성동구,한식-육류/고기,왕십리,20130614,,왕십리
C6A7D1B09B,서울 성동구 왕십리로24길 19,카페**,,서울 성동구,카페,왕십리,20070903,,왕십리
EC999BD128,서울 성동구 왕십리로24길 5.,노리*,,서울 성동구,한식-단품요리일반,왕십리,20150717,,왕십리
1FF980E1D6,서울 성동구 왕십리로24길 8.,주*,,서울 성동구,요리주점,왕십리,20140915,,왕십리
34573ADA88,서울 성동구 왕십리로26길 30,오복**,,서울 성동구,식료품,왕십리,20001012,,왕십리
CD0A4EA5E0,서울 성동구 왕십리로26길 6.,만대**,,서울 성동구,한식-육류/고기,왕십리,20220607,,왕십리
1B4D60A004,서울 성동구 왕십리로28길 12,만물**,,서울 성동구,식료품,왕십리,20160729,,왕십리
424ABA9D67,서울 성동구 왕십리로4길 24.,젠틀*****,,서울 성동구,커피전문점,뚝섬,20200114,,뚝섬
5A5B5CC478,서울 성동구 왕십리로6길 11.,파머***,,서울 성동구,카페,뚝섬,20151030,,뚝섬
2791AFFA12,서울 성동구 왕십리로8길 13.,룰라******,,서울 성동구,호프/맥주,뚝섬,20101011,,뚝섬
9853358A8C,서울 성동구 용답중앙13길 16,놀부**,,서울 성동구,치킨,답십리,20070105,,답십리
B258F812BE,서울 성동구 용답중앙13길 18,참치**,,서울 성동구,일식당,답십리,20001117,,답십리
DE5FF7193C,서울 성동구 용답중앙13길 9.,용답****,,서울 성동구,꼬치구이,답십리,20141114,,답십리
4118B90D6E,서울 성동구 용답중앙15길 1.,홍두***,,서울 성동구,백반/가정식,답십리,20140423,,용답
49C5A0B4DF,서울 성동구 용답중앙15길 12,신마*********,한식-육류/고기14,서울 성동구,한식-육류/고기,답십리,19981111,,용답
2EA62B1198,서울 성동구 용답중앙15길 13,유가***************,,서울 성동구,한식-단품요리일반,답십리,20080721,,용답
CEF5C00333,서울 성동구 용답중앙15길 5.,해원**,,서울 성동구,한식-해물/생선,답십리,20070426,,용답
A5FE1B0CC9,서울 성동구 용답중앙15길 7.,응답******,,서울 성동구,한식-단품요리일반,답십리,20050819,,용답
383948C8CC,서울 성동구 용답중앙15길 9.,초밥****,,서울 성동구,일식당,답십리,20150903,,용답
4C54436E59,서울 성동구 용답중앙25길 1.,맹꽁*,,서울 성동구,한식-단품요리일반,답십리,20170102,,답십리
508830F630,서울 성동구 용답중앙길 80-1,코너***,,서울 성동구,축산물,답십리,20000805,,답십리
4C89EB1228,서울 성동구 한림말1길 16-1.,치킨*******,치킨32,서울 성동구,치킨,옥수,20100524,,옥수
6138A3EEB7,서울 성동구 행당로13길 2-1.,아*,,서울 성동구,요리주점,행당,20190813,,행당
1676AF58A8,서울 성동구 행당로1길 21-6.,산마****,,서울 성동구,한식-육류/고기,,20041104,,행당
40213576B3,서울특별시 성동구 금호로 15,중앙********,,서울 성동구,식료품,,20201110,,신금호
38537E4B84,서울특별시 성동구 금호로 17,써니****,,서울 성동구,분식,금남시장,20180115,,신금호
1389DE67CE,서울특별시 성동구 금호로 17,프롬**************,카페14,서울 성동구,카페,금남시장,20221124,,신금호
71DF397AB0,서울특별시 성동구 금호로 17,하루******,,서울 성동구,일식당,금남시장,20240524,,신금호
9AD3FE4011,서울특별시 성동구 금호로 17,아이************,,서울 성동구,아이스크림/빙수,금남시장,20210413,,신금호
3D7F3820C1,서울특별시 성동구 금호로 17,삼백****,한식-국밥/설렁탕5,서울 성동구,한식-국밥/설렁탕,금남시장,20210616,,신금호
10BD656C9F,서울특별시 성동구 금호로 40,깐부*******,치킨8,서울 성동구,치킨,,20210122,,신금호
4CE2C74657,서울특별시 성동구 금호로 40,연*,,서울 성동구,일식당,,20240902,,신금호
32A19D6A82,서울특별시 성동구 금호로 40,뚜레***********,베이커리2,서울 성동구,베이커리,,20180622,,신금호
FF73833F70,서울특별시 성동구 금호로 40,하*,,서울 성동구,베이커리,,20230120,,신금호
7163461E10,서울특별시 성동구 금호로 40,가*,,서울 성동구,한식-육류/고기,,20221116,,신금호
FB5D8197BC,서울특별시 성동구 금호로 40,마이********,,서울 성동구,아이스크림/빙수,,20240423,,신금호
56E1D6E430,서울특별시 성동구 금호로 45,정은**,,서울 성동구,한식-육류/고기,금남시장,20170828,,신금호
259AFDA5D8,서울특별시 성동구 금호로 47,잭슨******,,서울 성동구,피자,금남시장,20210416,,신금호
8098CCE4CA,서울특별시 성동구 금호로 56,여일**,,서울 성동구,축산물,금남시장,20230803,,신금호
291A30DB5B,서울특별시 성동구 금호로 58,둘둘**********,치킨14,서울 성동구,치킨,금남시장,20231019,,신금호
D749124593,서울특별시 성동구 금호로 58,코끼******,,서울 성동구,카페,금남시장,20221220,,신금호
BEF8CE3173,서울특별시 성동구 금호로 60,주연*******,,서울 성동구,한식-찌개/전골,금남시장,20240715,,신금호
2910BEDA4D,서울특별시 성동구 금호로 60,비올**,,서울 성동구,한식-단품요리일반,금남시장,20180706,,신금호
6BC713A140,서울특별시 성동구 금호로 64,불닭*********************,분식7,서울 성동구,분식,금남시장,20221118,,신금호
C241964DED,서울특별시 성동구 금호로 66,미남*,,서울 성동구,식품 제조,,20170720,,신금호
055544325C,서울특별시 성동구 금호로 67,라 ******,,서울 성동구,베이커리,금남시장,20240611,,신금호
D5FAEB61B0,서울특별시 성동구 금호로 82,위윌*******************,,서울 성동구,커피전문점,,20240822,,신금호
E4E4B45D06,서울특별시 성동구 금호로 84,카페***,,서울 성동구,카페,,20200207,20250715.0,신금호
384FAF740C,서울특별시 성동구 금호로 84,벌스*********************,,서울 성동구,카페,,20240820,,신금호
24D8120756,서울특별시 성동구 금호로 86,수니********************,,서울 성동구,한식-육류/고기,,20240628,,신금호
D19DEE1724,서울특별시 성동구 금호로 86,한강****,,서울 성동구,룸살롱/단란주점,,20240401,,신금호
21348D6015,서울특별시 성동구 금호로 94,렉*,,서울 성동구,카페,,20210930,,신금호
4467413444,서울특별시 성동구 난계로 32,쌤*,,서울 성동구,백반/가정식,,20240628,,왕십리
7AB74628EA,서울특별시 성동구 난계로 32,육대*****,백반/가정식17,서울 성동구,백반/가정식,,20240813,,왕십리
5C18E06E09,서울특별시 성동구 난계로 35,아이***********,,서울 성동구,식료품,,20240708,,왕십리
1ACDF59A1A,서울특별시 성동구 난계로 35,파리*********,베이커리10,서울 성동구,베이커리,,20240613,,왕십리
3A52550A64,서울특별시 성동구 난계로 35,신의**********,한식-육류/고기16,서울 성동구,한식-육류/고기,,20200825,,왕십리
360DDB462A,서울특별시 성동구 난계로 61,키친****,,서울 성동구,일식당,,20181024,,왕십리
0BE8ACB0EC,서울특별시 성동구 난계로 81,도미********,피자2,서울 성동구,피자,,20230324,,왕십리
360B6BCFC1,서울특별시 성동구 동일로 41,교촌*******,치킨6,서울 성동구,치킨,,20210810,,건대입구
085F6E716F,서울특별시 성동구 동일로 41,그레**,,서울 성동구,커피전문점,,20230818,,건대입구
8F61B3A0B2,서울특별시 성동구 동일로 75,세이*************,,서울 성동구,식료품,,20210702,,건대입구
E93EA380D7,서울특별시 성동구 동일로 75,야심********,,서울 성동구,떡/한과,,20221219,,건대입구
DFD306A663,서울특별시 성동구 동호로 21,김밥***,분식5,서울 성동구,분식,옥수,20190514,,금남시장
03C7EBD774,서울특별시 성동구 동호로 21,와이**,,서울 성동구,식료품,옥수,20220225,,금남시장
50A2E31DF5,서울특별시 성동구 둘레1길 2,해리****************,,서울 성동구,카페,,20210728,,성수
3227432B79,서울특별시 성동구 마조로 11,옵션*,,서울 성동구,양식,한양대,20230721,,한양대
1EC6CCBA67,서울특별시 성동구 마조로 11,마포***,,서울 성동구,한식-단품요리일반,한양대,20240702,,한양대
1A8C2D30CA,서울특별시 성동구 마조로 14,부엉********,,서울 성동구,한식-단품요리일반,한양대,20230313,,한양대
F259ACF16D,서울특별시 성동구 마조로 17,한양***,,서울 성동구,분식,한양대,20241031,,한양대
E2988D5E24,서울특별시 성동구 마조로 17,만물**,,서울 성동구,식료품,한양대,20190513,,한양대
A89BEC57A0,서울특별시 성동구 마조로 17,티아*********************************,,서울 성동구,커피전문점,한양대,20190312,,한양대
E62416CC62,서울특별시 성동구 마조로 17,싸움********,백반/가정식14,서울 성동구,백반/가정식,한양대,20190306,,한양대
23D471DB19,서울특별시 성동구 마조로 17,칠칠********,한식-육류/고기27,서울 성동구,한식-육류/고기,한양대,20200221,,한양대
2E4C72C286,서울특별시 성동구 마조로 17,고품*******,,서울 성동구,한식-육류/고기,한양대,20220715,,한양대
51CD26A022,서울특별시 성동구 마조로 17,20*********,,서울 성동구,한식-육류/고기,한양대,20240509,,한양대
442C98A349,서울특별시 성동구 마조로 17,카모*******,한식-단품요리일반11,서울 성동구,한식-단품요리일반,한양대,20190502,,한양대
209ED3E24F,서울특별시 성동구 마조로 17,브로***********,,서울 성동구,한식-단품요리일반,한양대,20201016,,한양대
ED1607CD38,서울특별시 성동구 마조로 17,깡우*,,서울 성동구,한식-단품요리일반,한양대,20210305,,한양대
5A4AFCC360,서울특별시 성동구 마조로 20,분9********,,서울 성동구,백반/가정식,한양대,20230907,,한양대
CB2F55FC97,서울특별시 성동구 마조로 21,서울***,,서울 성동구,한식-육류/고기,한양대,20220919,,한양대
406403403D,서울특별시 성동구 마조로 21,프레**************,,서울 성동구,한식-단품요리일반,한양대,20231121,,한양대
E3B9A9EE3A,서울특별시 성동구 마조로 22,월드********,,서울 성동구,담배,한양대,20230714,,한양대
2FC958A309,서울특별시 성동구 마조로 22,슬로********,,서울 성동구,양식,한양대,20240425,,한양대
8ACBECB172,서울특별시 성동구 마조로 24,이삭********,샌드위치/토스트3,서울 성동구,샌드위치/토스트,한양대,20220221,,한양대
AEA94BDAF5,서울특별시 성동구 마조로 24,샐러******,한식-단품요리일반8,서울 성동구,한식-단품요리일반,한양대,20211025,,한양대
4972FC2750,서울특별시 성동구 마조로 25,수지**,,서울 성동구,요리주점,한양대,20180920,,한양대
86263312C9,서울특별시 성동구 마조로 25,파머********,,서울 성동구,샌드위치/토스트,한양대,20241107,,한양대
6C7874EB50,서울특별시 성동구 마조로 25,베스********,아이스크림/빙수1,서울 성동구,아이스크림/빙수,한양대,20200713,,한양대
8E3B9888E3,서울특별시 성동구 마조로 27,맨스****,,서울 성동구,커피전문점,한양대,20200713,,한양대
4B5922FA5E,서울특별시 성동구 마조로 27,램플*********,백반/가정식8,서울 성동구,백반/가정식,한양대,20241030,,한양대
2DCC4A585C,서울특별시 성동구 마조로 27,계경*********,한식-단품요리일반1,서울 성동구,한식-단품요리일반,한양대,20190523,,한양대
AD4AB01B65,서울특별시 성동구 마조로 29,백소******,,서울 성동구,일식당,한양대,20220630,,한양대
DCF7BBE73E,서울특별시 성동구 마조로 30,두끼*****,분식8,서울 성동구,분식,한양대,20231011,,한양대
89E10906CA,서울특별시 성동구 마조로 30,한골*****,,서울 성동구,중식당,한양대,20230227,,한양대
01DB89157C,서울특별시 성동구 마조로 30,프랭********,,서울 성동구,햄버거,한양대,20220117,,한양대
CEC2707AF8,서울특별시 성동구 마조로 30,컴포**********,커피전문점11,서울 성동구,커피전문점,한양대,20231101,,한양대
BD50B5B681,서울특별시 성동구 마조로 30,행복*********,,서울 성동구,한식-단품요리일반,한양대,20230228,,한양대
D9A857451B,서울특별시 성동구 마조로 31,더클**,,서울 성동구,양식,한양대,20241029,,한양대
92615FFF8B,서울특별시 성동구 마조로 32,호치******,치킨39,서울 성동구,치킨,한양대,20190422,,한양대
B2097EA52F,서울특별시 성동구 마조로 33,호호**,,서울 성동구,백반/가정식,한양대,20240805,,한양대
30D877AA68,서울특별시 성동구 마조로 35,틈새*******,분식18,서울 성동구,분식,한양대,20210805,,한양대
1581AAB9F5,서울특별시 성동구 마조로 42,한대****,,서울 성동구,식료품,,20231107,,한양대
7DFEFACC2E,서울특별시 성동구 마조로 43,긴자********,,서울 성동구,일식당,한양대,20240507,,한양대
5D9E5F8645,서울특별시 성동구 마조로 47,텐페***************,,서울 성동구,카페,한양대,20211117,,한양대
7D693A219F,서울특별시 성동구 마조로 55,꽃자*,,서울 성동구,농산물,,20231229,,한양대
54DB8CEB48,서울특별시 성동구 마조로 58,코지**************,,서울 성동구,베이커리,,20240912,,한양대
CC35AA9223,서울특별시 성동구 마조로 59,네네******,치킨10,서울 성동구,치킨,,20240315,,한양대
DCC50120CB,서울특별시 성동구 마조로 59,쓰리**************,,서울 성동구,식료품,,20210421,,한양대
9AA2D092B7,서울특별시 성동구 마조로 59,아이**********,,서울 성동구,아이스크림/빙수,,20220614,,한양대
892B53ACE9,서울특별시 성동구 마조로 61,술이********,,서울 성동구,백반/가정식,,20210610,,한양대
3CBD6CE416,서울특별시 성동구 마조로 67,요커***********,,서울 성동구,카페,,20240219,,한양대
4EBEB61964,서울특별시 성동구 매봉길 20,스시*********,,서울 성동구,일식당,옥수,20200903,,옥수
8C3A8E3FD0,서울특별시 성동구 매봉길 20,라구***,,서울 성동구,베이커리,옥수,20220525,,옥수
30623F3257,서울특별시 성동구 매봉길 30,카페****,,서울 성동구,카페,,20180125,,옥수
F65588F354,서울특별시 성동구 매봉길 48,벨기***,,서울 성동구,베이커리,,20210119,,옥수
41B1FC479A,서울특별시 성동구 매봉길 50,오트**,,서울 성동구,카페,,20210928,,옥수
A23C892A48,서울특별시 성동구 매봉길 50,농수**,,서울 성동구,수산물,,20210928,,옥수
6D5D9F5BBD,서울특별시 성동구 매봉길 50,알뜰**,,서울 성동구,식료품,,20180625,,옥수
23B2C0A1ED,서울특별시 성동구 매봉길 50,아*,,서울 성동구,중식당,,20210917,,옥수
27BA4A6AFF,서울특별시 성동구 매봉길 50,스페*****,,서울 성동구,한식-육류/고기,,20240909,,옥수
FEC2FCF4DA,서울특별시 성동구 무학로 22,이디***********,커피전문점6,서울 성동구,커피전문점,,20191126,,왕십리
7EB27EF0B4,서울특별시 성동구 무학로 26,화수*****,,서울 성동구,베이커리,,20170706,,왕십리
767D03BC73,서울특별시 성동구 무학로 33,모모**,,서울 성동구,분식,,20190104,,왕십리
DA16B2905C,서울특별시 성동구 무학로 33,식물****,,서울 성동구,분식,,20220307,,왕십리
D4AD2AD30A,서울특별시 성동구 무학로 33,코끼****,,서울 성동구,분식,,20240613,,왕십리
81C425F47D,서울특별시 성동구 무학로 33,쉘리*****,,서울 성동구,카페,,20230918,,왕십리
C40079D748,서울특별시 성동구 무학로 33,대성**,,서울 성동구,식료품,,20220506,,왕십리
615A623A22,서울특별시 성동구 무학로 33,이쉐*******,,서울 성동구,일식당,,20220208,,왕십리
43CB66F206,서울특별시 성동구 무학로 33,알로***,,서울 성동구,청과물,,20230908,,왕십리
9113E6AA56,서울특별시 성동구 무학로 33,방이***,,서울 성동구,축산물,,20181031,,왕십리
FD2A903C77,서울특별시 성동구 무학로 33,프랭************,,서울 성동구,햄버거,,20220128,,왕십리
DE1EB08231,서울특별시 성동구 무학로 33,본죽************,한식-죽2,서울 성동구,한식-죽,,20221117,,왕십리
5B5AE038F6,서울특별시 성동구 무학로 33,에픽*****,,서울 성동구,커피전문점,,20210616,,왕십리
EC9B3F9918,서울특별시 성동구 무학로 33,일일*********,,서울 성동구,한식-육류/고기,,20220726,,왕십리
98356F2FBA,서울특별시 성동구 무학로 33,조선********,,서울 성동구,한식-해물/생선,,20220711,,왕십리
39386D0931,서울특별시 성동구 상원1길 5,수*,,서울 성동구,한식-단품요리일반,뚝섬,20210408,,뚝섬
84645AB900,서울특별시 성동구 상원2길 1,플러*,,서울 성동구,양식,뚝섬,20211215,,뚝섬
AB0B0395C8,서울특별시 성동구 상원2길 1,키키**,,서울 성동구,일식당,뚝섬,20230718,,뚝섬
305F8B41E8,서울특별시 성동구 상원2길 1,희정***,,서울 성동구,한식-육류/고기,뚝섬,20180705,,뚝섬
C56839C38F,서울특별시 성동구 상원2길 3,호미*,,서울 성동구,백반/가정식,뚝섬,20210408,,뚝섬
6139F1970B,서울특별시 성동구 상원2길 3,메시********,,서울 성동구,한식-단품요리일반,뚝섬,20180917,,뚝섬
C45383D8D3,서울특별시 성동구 상원2길 6,나츠*,,서울 성동구,일식당,뚝섬,20240911,,뚝섬
DC91CAB11B,서울특별시 성동구 상원2길 6,네모*,,서울 성동구,베이커리,뚝섬,20231027,,뚝섬
5C5F3498B3,서울특별시 성동구 상원2길 7,봉쥬*********,,서울 성동구,동남아/인도음식,뚝섬,20170901,,뚝섬
A026B58660,서울특별시 성동구 상원4길 4,사흘**,,서울 성동구,양식,뚝섬,20200228,,뚝섬
2D9247837A,서울특별시 성동구 상원4길 6,은사**************,,서울 성동구,분식,뚝섬,20231012,,뚝섬
CADFDBF8E5,서울특별시 성동구 상원4길 9,화로**,,서울 성동구,한식-육류/고기,뚝섬,20230407,,뚝섬
58D324F8BD,서울특별시 성동구 상원6길 2,릴레***********,,서울 성동구,카페,뚝섬,20210526,,뚝섬
57A742D22B,서울특별시 성동구 상원6길 3,신명***,,서울 성동구,백반/가정식,뚝섬,20221213,,뚝섬
7E63F9E0CF,서울특별시 성동구 상원6길 6,리틀****,,서울 성동구,카페,뚝섬,20230818,20250710.0,뚝섬
8A4528C2DE,서울특별시 성동구 상원6길 6,카모*,,서울 성동구,한식-국밥/설렁탕,뚝섬,20241115,,뚝섬
E58F84D462,서울특별시 성동구 상원6길 8,소적*****,카페7,서울 성동구,카페,뚝섬,20171116,,뚝섬
23B2E3C466,서울특별시 성동구 상원6길 8,황귀****,,서울 성동구,한식-육류/고기,뚝섬,20200414,,뚝섬
D877FBFA11,서울특별시 성동구 상원8길 1,플라********,,서울 성동구,커피전문점,뚝섬,20200226,,뚝섬
119075288D,서울특별시 성동구 상원길 17,삽다****,,서울 성동구,한식-육류/고기,뚝섬,20240328,,뚝섬
79F8A1BFD2,서울특별시 성동구 상원길 17,퍼응***********,,서울 성동구,동남아/인도음식,뚝섬,20200703,,뚝섬
9041A4EB80,서울특별시 성동구 상원길 19,카페****,,서울 성동구,카페,뚝섬,20241014,,뚝섬
2B9B91BE0C,서울특별시 성동구 상원길 19,청정*,,서울 성동구,일식-샤브샤브,뚝섬,20171012,,뚝섬
C7CFDB1BF1,서울특별시 성동구 상원길 19,청담***,,서울 성동구,한식-국밥/설렁탕,뚝섬,20220314,,뚝섬
28F229AEF2,서울특별시 성동구 상원길 24,뚝섬**,,서울 성동구,분식,뚝섬,20220624,,뚝섬
AA351B2BFF,서울특별시 성동구 상원길 26,바이*********,,서울 성동구,커피전문점,뚝섬,20230721,,뚝섬
27F2AD0786,서울특별시 성동구 상원길 36,서래********,,서울 성동구,한식-육류/고기,뚝섬,20190923,,뚝섬
402A6EA562,서울특별시 성동구 상원길 39,파리********,베이커리10,서울 성동구,베이커리,뚝섬,20210608,,뚝섬
73583653A0,서울특별시 성동구 상원길 40,뚝섬****,,서울 성동구,분식,뚝섬,20171020,20250811.0,뚝섬
A9FCCF1023,서울특별시 성동구 상원길 40,불난*******,,서울 성동구,호프/맥주,뚝섬,20180530,,뚝섬
22472FE723,서울특별시 성동구 상원길 40,손박****,,서울 성동구,한식-국수/만두,뚝섬,20191010,,뚝섬
DABB8F4DFF,서울특별시 성동구 상원길 44,플*,,서울 성동구,베이커리,뚝섬,20200113,,뚝섬
12E149DC7F,서울특별시 성동구 상원길 46,더킹*,,서울 성동구,일식-덮밥/돈가스,뚝섬,20210114,,뚝섬
01FD0FCC3D,서울특별시 성동구 상원길 49,그리*****,,서울 성동구,카페,뚝섬,20231122,,뚝섬
3FEABA501A,서울특별시 성동구 상원길 50,도시******,,서울 성동구,반찬,뚝섬,20230629,,뚝섬
58BB43C891,서울특별시 성동구 상원길 50,부엉*,,서울 성동구,식료품,뚝섬,20240802,,뚝섬
30A93020E1,서울특별시 성동구 상원길 51,민정*********,,서울 성동구,백반/가정식,뚝섬,20190927,,뚝섬
2ABC68FBCD,서울특별시 성동구 상원길 52,프레*********,,서울 성동구,한식-단품요리일반,뚝섬,20241015,,뚝섬
9934EF5B85,서울특별시 성동구 상원길 58,땅스********,,서울 성동구,한식-단품요리일반,뚝섬,20231016,,뚝섬
56571ACABD,서울특별시 성동구 상원길 59,쌍용********,,서울 성동구,농산물,뚝섬,20220825,,뚝섬
94B1AD89FE,서울특별시 성동구 상원길 59,꼬꼬*******,백반/가정식4,서울 성동구,백반/가정식,뚝섬,20200507,,뚝섬
C6100F7EF1,서울특별시 성동구 상원길 60,엄마**,,서울 성동구,반찬,뚝섬,20200922,,뚝섬
EDE992B70F,서울특별시 성동구 상원길 63,쌍용***,,서울 성동구,축산물,뚝섬,20220310,,뚝섬
668C9F56AA,서울특별시 성동구 상원길 69,컴인**,,서울 성동구,와인바,뚝섬,20221026,,뚝섬
36FA50BD7D,서울특별시 성동구 상원길 81,그릭****,,서울 성동구,카페,뚝섬,20240109,,뚝섬
59AA2F0CFE,서울특별시 성동구 상원길 82,성수***,,서울 성동구,한식-찌개/전골,뚝섬,20180817,,뚝섬
029F2B4A59,서울특별시 성동구 송정6길 5,로우*,,서울 성동구,카페,,20220420,,송정동
E7ADF04349,서울특별시 성동구 송정6길 8,하*,,서울 성동구,카페,,20241104,,송정동
E7EF031D24,서울특별시 성동구 송정길 22,비가*,,서울 성동구,카페,,20201019,,송정동
AE54B681DC,서울특별시 성동구 송정길 40,스위****,,서울 성동구,카페,,20240409,,송정동
60334AB92C,서울특별시 성동구 용답길 85,투썸*********,커피전문점13,서울 성동구,커피전문점,,20221017,,용답
9F35038F41,서울특별시 성동구 장터3길 1,금호**,,서울 성동구,일식-샤브샤브,금남시장,20240729,,금남시장
CDFDDEE207,서울특별시 성동구 장터5길 4,이모****,,서울 성동구,한식-단품요리일반,금남시장,20221221,,금남시장
376525721B,서울특별시 성동구 장터5길 5,쏘쏘**,,서울 성동구,포장마차,금남시장,20240806,,금남시장
4D789D747A,서울특별시 성동구 장터5길 5,명품****,,서울 성동구,한식-육류/고기,금남시장,20170411,,금남시장
87F32C98C1,서울특별시 성동구 장터길 15,단과*,,서울 성동구,청과물,,20220804,,금남시장
81502BD7CA,서울특별시 성동구 장터길 19,카페********,,서울 성동구,아이스크림/빙수,,20240417,,금남시장
933122CC60,서울특별시 성동구 장터길 20,신전***,분식12,서울 성동구,분식,,20210817,,금남시장
BE0A7DD7AB,서울특별시 성동구 장터길 24,더벤*,커피전문점1,서울 성동구,커피전문점,금남시장,20230627,,금남시장
F907A9A2FF,서울특별시 성동구 장터길 26,테라***,,서울 성동구,호프/맥주,금남시장,20191111,,금남시장
969C25043A,서울특별시 성동구 장터길 29,빵(****,,서울 성동구,베이커리,금남시장,20170825,,금남시장
C6363F8E19,서울특별시 성동구 장터길 30,메가*********,커피전문점2,서울 성동구,커피전문점,금남시장,20200204,,금남시장
8AD0AE30E8,서울특별시 성동구 장터길 31,금선**,,서울 성동구,한식-육류/고기,금남시장,20230816,,금남시장
18AE11C714,서울특별시 성동구 장터길 32,금호***,,서울 성동구,한식-육류/고기,금남시장,20190404,,금남시장
295F86E07D,서울특별시 성동구 장터길 33,길동*******,,서울 성동구,일식-우동/소바/라면,금남시장,20181026,,금남시장
39255E94C6,서울특별시 성동구 장터길 35,누림**,,서울 성동구,축산물,금남시장,20211109,,금남시장
4E9408836B,서울특별시 성동구 장터길 35,참기*,,서울 성동구,식품 제조,금남시장,20220707,,금남시장
DC6768DBDA,서울특별시 성동구 장터길 35,원조***,,서울 성동구,한식-육류/고기,금남시장,20201207,,금남시장
7D728F3B80,서울특별시 성동구 장터길 38,금호*****,,서울 성동구,치킨,금남시장,20220519,,금남시장
D5CE662890,서울특별시 성동구 장터길 39,거평**,,서울 성동구,축산물,금남시장,20171107,,금남시장
D3965999F4,서울특별시 성동구 장터길 41,총각*******,,서울 성동구,치킨,금남시장,20200810,,금남시장
A35823D681,서울특별시 성동구 장터길 41,원더*****,,서울 성동구,베이커리,금남시장,20210104,,금남시장
4D78A9732C,서울특별시 성동구 장터길 42,한우**,,서울 성동구,축산물,금남시장,20220721,,금남시장
80DB3D6336,서울특별시 성동구 장터길 43,피자*****,피자8,서울 성동구,피자,금남시장,20200220,,금남시장
B791125FD3,서울특별시 성동구 장터길 44,금호*******,,서울 성동구,청과물,금남시장,20230621,,금남시장
C135324315,서울특별시 성동구 장터길 45,북어**,,서울 성동구,수산물,금남시장,20181010,,금남시장
61184A5430,서울특별시 성동구 장터길 47,진미***,,서울 성동구,한식-육류/고기,금남시장,20210426,,금남시장
96694B7FF6,서울특별시 성동구 장터길 51,킨토*,,서울 성동구,일식당,금남시장,20240514,,금남시장
A9C97F11F5,서울특별시 성동구 장터길 51,수철*,,서울 성동구,한식-단품요리일반,금남시장,20240912,,금남시장
B372695116,서울특별시 성동구 행당로 43,만득***,,서울 성동구,백반/가정식,,20161223,,행당
E1AA339E20,서울특별시 성동구 행당로 75,김영*****,,서울 성동구,반찬,행당,20170315,,행당
422F127F2C,서울특별시 성동구 행당로 75,굽네**,치킨7,서울 성동구,치킨,행당,20221004,,행당
0904E1A37E,서울특별시 성동구 행당로 75,샬룸**,,서울 성동구,청과물,행당,20230113,,행당
55CE7C8582,서울특별시 성동구 행당로 75,축협*****,,서울 성동구,축산물,행당,20191219,,행당
AC98B923AE,서울특별시 성동구 행당로 75,아이*********,,서울 성동구,아이스크림/빙수,행당,20230412,,행당
E51D6B5EE4,서울특별시 성동구 행당로 76,60*******,치킨1,서울 성동구,치킨,행당,20200924,,행당
4FFDE025F1,서울특별시 성동구 행당로 76,정관******,건강식품3,서울 성동구,건강식품,행당,20220328,,행당
AF202842B3,서울특별시 성동구 행당로 79,커*,,서울 성동구,카페,행당,20180323,,행당
241A9CFA07,서울특별시 성동구 행당로 79,쌍둥*******,,서울 성동구,수산물,행당,20190916,20250730.0,행당
9D1FE7C12C,서울특별시 성동구 행당로 79,신앙***,식료품1,서울 성동구,식료품,행당,20220915,,행당
4CD0E0A0DC,서울특별시 성동구 행당로 79,아이*******,아이스크림/빙수3,서울 성동구,아이스크림/빙수,행당,20210810,,행당
F17FFADBDA,서울특별시 성동구 행당로 82,한마***,,서울 성동구,청과물,행당,20181011,,행당
8FF6E51D2C,서울특별시 성동구 행당로 82,대*,,서울 성동구,청과물,행당,20200713,,행당
5BB5DF8D62,서울특별시 성동구 행당로 84,달다*****,,서울 성동구,카페,행당,20230120,,행당
896B3E4961,서울특별시 성동구 행당로 84,조여*,,서울 성동구,식료품,행당,20200110,,행당
BF88411DC5,서울특별시 성동구 행당로 84,행복*****,,서울 성동구,식료품,행당,20211007,,행당
A776C445D3,서울특별시 성동구 행당로 84,롯데***********,햄버거1,서울 성동구,햄버거,행당,20240924,,행당
9F920B9CA9,서울특별시 성동구 행당로 84,칠월*****,,서울 성동구,베이커리,행당,20230228,,행당
297CF99623,서울특별시 성동구 행당로 84,맘스****,,서울 성동구,백반/가정식,행당,20180104,,행당
6CA4937A72,서울특별시 성동구 행당로 84,한진**,,서울 성동구,떡/한과 제조,행당,20170504,,행당
4D712FD5CB,서울특별시 성동구 행당로 84,윌비*************,,서울 성동구,한식-단품요리일반,행당,20240415,,행당
A3801B70AE,서울특별시 성동구 행당로 87,행당*****,,서울 성동구,분식,행당,20230627,,행당
B331A6B056,서울특별시 성동구 행당로 87,태은**,,서울 성동구,분식,행당,20231222,,행당
120283327E,서울특별시 성동구 행당로 87,카페***,,서울 성동구,카페,행당,20190709,,행당
9B9E1448A4,서울특별시 성동구 행당로 87,노랑**,,서울 성동구,식료품,행당,20220602,,행당
E57C9021F7,서울특별시 성동구 행당로 87,블랙******,,서울 성동구,중식당,행당,20210728,,행당
9D2DDAAB87,서울특별시 성동구 행당로 87,꼬꼬***,백반/가정식4,서울 성동구,백반/가정식,행당,20170427,,행당
6C96251704,서울  성동구  뚝섬로  385-32,찌개**,한식-단품요리일반5,서울 성동구,한식-단품요리일반,성수,20120406,,성수
51114863DE,서울  성동구  마장로37길  45,대영**,,서울 성동구,축산물,마장동,20120524,,마장동
B3A7F2509A,서울  성동구  마장로37길  51,조양**,,서울 성동구,축산물,마장동,20120906,,마장동
E4899A583F,서울  성동구  마조로11길  13,브릭****,,서울 성동구,카페,한양대,20120601,,한양대
1F75656163,서울  성동구  아차산로  50-1,전주******,,서울 성동구,한식-국밥/설렁탕,뚝섬,20100208,,건대입구
FC69270591,서울 성동구 고산자로14길 26.,미그**************,,서울 성동구,커피전문점,왕십리,20191121,,왕십리
23A7CC4CFE,서울 성동구 고산자로24길 11.,한우*****,,서울 성동구,축산물,마장동,20160331,,왕십리
FD67E697FF,서울 성동구 고산자로24길 11.,한우**,,서울 성동구,한식-육류/고기,마장동,20160429,,왕십리
81C55F8941,서울 성동구 고산자로24길 4-1,대림**,,서울 성동구,축산물,마장동,20140925,,왕십리
485B0A3591,서울 성동구 고산자로2길 4-1.,크우***,,서울 성동구,한식-육류/고기,,20090210,,왕십리
D631BCEA77,서울 성동구 고산자로2길 6-3.,동이*,,서울 성동구,요리주점,,20130904,,왕십리
E43C1CDC68,서울 성동구 고산자로6가길 36,옛고*,,서울 성동구,한식-단품요리일반,,20080703,,왕십리
B91AFC4E86,서울 성동구 고산자로6가길 44,또래*******,치킨15,서울 성동구,치킨,,20030828,,왕십리
93F44D89BB,서울 성동구 고산자로6길 40 .,함지*,,서울 성동구,백반/가정식,,20040517,,왕십리
7635F397CD,서울 성동구 고산자로8길 23-1,제일**,,서울 성동구,분식,,20090330,,왕십리
055EDDDD01,서울 성동구 광나루로 240-20.,이현*****,,서울 성동구,한식-단품요리일반,뚝섬,20200626,,뚝섬
D3556C1BB8,서울 성동구 광나루로11길 10.,이레**,,서울 성동구,분식,,20120706,,뚝섬
BDDF5CFB2D,서울 성동구 광나루로11길 37.,남양***,,서울 성동구,축산물,,20050728,,뚝섬
7825F19A1A,서울 성동구 광나루로4길 8-1.,쁘띠**,,서울 성동구,베이커리,성수,20140714,,뚝섬
502658D9C9,서울 성동구 금호산2길 22-10.,금호**,,서울 성동구,카페,금남시장,20180430,,금남시장
B7970DDBAC,서울 성동구 독서당로 301-59.,알뜰**,,서울 성동구,건어물,금남시장,20150203,,옥수
521E3795E3,서울 성동구 독서당로 303-10.,해밀**,,서울 성동구,백반/가정식,금남시장,20090907,,옥수
B8787E12FB,서울 성동구 독서당로40길 33.,척스****,,서울 성동구,호프/맥주,옥수,20150827,,옥수
64835E743B,서울 성동구 독서당로40길 33.,옥수****,,서울 성동구,한식-육류/고기,옥수,20131202,,옥수
8E8B1D725E,서울 성동구 독서당로46길 35.,심가***,,서울 성동구,한식-단품요리일반,금남시장,20150424,,옥수
890A5CC5E0,서울 성동구 독서당로51길 31.,함평**,,서울 성동구,백반/가정식,,20111221,,옥수
F3D4CF71FF,서울 성동구 독서당로60길 10.,신샘******,,서울 성동구,식료품,,20120413,,옥수
5D4A7C44B2,서울 성동구 마장로25길 11-2.,진성**,,서울 성동구,백반/가정식,,20020629,,마장동
9769F49AB2,서울 성동구 마장로31가길 18.,연흥*****,,서울 성동구,축산물,마장동,20150528,,마장동
22BDEE04F4,서울 성동구 마장로31길 14-2.,대박****,,서울 성동구,축산물,,20150810,,마장동
FB36289140,서울 성동구 마장로35나길 3-1,희망**,,서울 성동구,축산물,마장동,20130524,,마장동
8CA71260B2,서울 성동구 마장로35나길 37.,이모*****,,서울 성동구,분식,,20080129,,마장동
AAC3D4597D,서울 성동구 마장로35다길 18.,마장***,,서울 성동구,축산물,마장동,20170208,,마장동
5417C5A2AE,서울 성동구 마장로37길 53-9.,회*,,서울 성동구,축산물,마장동,20160511,,마장동
62A9B7888B,서울 성동구 마장로39가길 61.,이롬********,건강식품2,서울 성동구,건강식품,,19991105,,마장동
CB42B1688B,서울 성동구 무학로10길 29-1.,카페*************,,서울 성동구,카페,왕십리,20160722,,왕십리
7EAC320AA6,서울 성동구 무학봉16길 18-1.,송희****,,서울 성동구,농산물,왕십리,20160616,,왕십리
FF3C3A8704,서울 성동구 서울숲2길 15-12.,스페******,,서울 성동구,카페,,20230621,,성수
A6CA3DD492,서울 성동구 서울숲2길 32-14.,뤼들********************,,서울 성동구,주류,뚝섬,20120423,,성수
2FF80BC960,서울 성동구 서울숲4길 16-19.,우*,,서울 성동구,카페,뚝섬,20171220,,성수
5BC9440DAF,서울 성동구 서울숲4길 26-14.,그레******,,서울 성동구,카페,뚝섬,20171205,,성수
1C9BB3C08A,서울 성동구 성덕정15길 2-12.,영수**,,서울 성동구,한식-육류/고기,성수,20140912,,성수
E7FB9EBA6B,서울 성동구 성덕정15길 4-17.,푸른****,,서울 성동구,한식-해물/생선,성수,20160601,,성수
ED0AED2575,서울 성동구 성덕정15길 6-59.,진국***,,서울 성동구,한식-국밥/설렁탕,성수,20160526,,성수
D670574C48,서울 성동구 성수이로20길 10.,이북*****,,서울 성동구,한식-단품요리일반,성수,20100813,,성수
92FF17F070,서울 성동구 성수이로24길 38.,육*,,서울 성동구,한식-단품요리일반,자양,20240105,,성수
ED180381CA,서울 성동구 성수이로7가길 21,피터*,,서울 성동구,백반/가정식,성수,20070406,,성수
15467D0BEC,서울 성동구 성수이로7가길 6.,한세***,,서울 성동구,백반/가정식,성수,20070330,,성수
6FC1133E9A,서울 성동구 성수일로10길 26.,예바*,,서울 성동구,한식-단품요리일반,성수,20140725,,성수
274F7C9F52,서울 성동구 성수일로11길 10.,H커*****,,서울 성동구,커피전문점,뚝섬,20140529,,성수
54537D2AD9,서울 성동구 성수일로12길 20.,라보*,,서울 성동구,베이커리,성수,20131223,,성수
05D0F780F0,서울 성동구 성수일로12길 20.,돈이******,,서울 성동구,백반/가정식,성수,20150424,,성수
DC88E0D1FD,서울 성동구 성수일로12길 23.,리틀****,,서울 성동구,양식,성수,20160721,,성수
C5E2F46391,서울 성동구 성수일로12길 25.,엄마****,,서울 성동구,백반/가정식,성수,20130806,,성수
863104F16A,서울 성동구 성수일로12길 25.,금돼*,,서울 성동구,한식-육류/고기,성수,20111005,,성수
FFAC8CC0F7,서울 성동구 성수일로12길 27.,일미****,,서울 성동구,한식-국밥/설렁탕,성수,20090424,,성수
20BEAD80DD,서울 성동구 성수일로12길 27.,성수*,,서울 성동구,한식-단품요리일반,성수,20150508,,성수
7EAF110EFF,서울 성동구 성수일로12길 36.,탕*,,서울 성동구,한식-찌개/전골,성수,20110811,,성수
B269C5084C,서울 성동구 성수일로3길 7-7.,바로*,,서울 성동구,양식,,20151021,,성수
FCA52160AF,서울 성동구 아차산로11길 26.,마르***,,서울 성동구,식료품,,20190311,,건대입구
0174C56C09,서울 성동구 아차산로11길 26.,햄찌*********,,서울 성동구,식료품,,20220210,,건대입구
E71F240C4E,서울 성동구 아차산로11길 27.,오뚜***,식료품2,서울 성동구,식료품,성수,20110810,,건대입구
62B867788E,서울 성동구 아차산로13길 33.,패티**,,서울 성동구,햄버거,,20210709,,건대입구
9978494070,서울 성동구 아차산로13길 37.,마루***,,서울 성동구,일식당,,20220112,,건대입구
EECEBE2010,서울 성동구 아차산로13길 37.,오키**,,서울 성동구,일식-초밥/롤,,20160707,,건대입구
2858CD7B1D,서울 성동구 아차산로13길 48.,비엠*****,,서울 성동구,식품 제조,,20140512,,건대입구
6F5E4689DB,서울 성동구 아차산로13길 48.,한경****,,서울 성동구,한식-국밥/설렁탕,,20151002,,건대입구
C30D7020C4,서울 성동구 아차산로15길 10.,탑와***,,서울 성동구,주류,,20100315,,건대입구
499F119A8A,서울 성동구 아차산로15길 10.,Ca**************,,서울 성동구,커피전문점,,20110127,,건대입구
C65FEFD6D4,서울 성동구 아차산로17길 26.,투달***************************,,서울 성동구,커피전문점,,20141128,,건대입구
D04EE73563,서울 성동구 아차산로17길 26.,반가*****,,서울 성동구,한식-단품요리일반,,20200107,,건대입구
B35562BF7A,서울 성동구 아차산로17길 48.,봉추********,한식-육류/고기10,서울 성동구,한식-육류/고기,,20211207,,건대입구
D592366647,서울 성동구 아차산로17길 49.,완백**************,,서울 성동구,한식-단품요리일반,,20230227,,건대입구
17DAB44CD4,서울 성동구 아차산로7길 14-1,쭈꾸****,,서울 성동구,한식-해물/생선,성수,20150730,,성수
13D9737A1D,서울 성동구 왕십리광장로 17.,공차******,차1,서울 성동구,차,왕십리,20160223,,왕십리
370B4F40C3,서울 성동구 왕십리광장로 17.,전자**,,서울 성동구,담배,왕십리,20101201,,왕십리
8D18C2E99F,서울 성동구 왕십리광장로 17.,달다*******,,서울 성동구,카페,왕십리,20240604,,왕십리
842D25724F,서울 성동구 왕십리광장로 17.,투썸*********,커피전문점13,서울 성동구,커피전문점,왕십리,20160722,,왕십리
87BD99FCEF,서울 성동구 왕십리광장로 17.,나마*******,,서울 성동구,동남아/인도음식,왕십리,20191002,,왕십리
5C3A9D7C5A,서울 성동구 왕십리로14길 18.,대돈*,,서울 성동구,한식-육류/고기,뚝섬,20230711,,뚝섬
D3C9F2C2F5,서울 성동구 왕십리로14길 30.,성수****,,서울 성동구,한식-국밥/설렁탕,뚝섬,20210322,,뚝섬
1D47B2E51D,서울 성동구 왕십리로20길 18.,돈구*,,서울 성동구,한식-육류/고기,왕십리,20161206,,왕십리
16E393FC45,서울 성동구 왕십리로20길 38.,묵은********,,서울 성동구,한식-육류/고기,왕십리,20051110,,왕십리
DAD28E1892,서울 성동구 왕십리로20길 9-1,남도*,,서울 성동구,한식-찌개/전골,왕십리,20000718,,왕십리
AE8886AFC8,서울 성동구 왕십리로21가길 1,남원***,한식-해물/생선2,서울 성동구,한식-해물/생선,왕십리,20020401,,왕십리
0BAEC93CDE,서울 성동구 왕십리로21길 11.,야마*****,,서울 성동구,일식당,왕십리,20160122,,왕십리
57F39CB90C,서울 성동구 왕십리로21길 13.,재수**********,,서울 성동구,한식-감자탕,왕십리,20161215,,왕십리
1F2F62794C,서울 성동구 왕십리로21길 14.,수제******,,서울 성동구,한식-국수/만두,왕십리,19951023,,왕십리
A5BF54D22B,서울 성동구 왕십리로21길 16.,왕십*****,,서울 성동구,인삼제품,왕십리,20010914,,왕십리
79B22CEF8E,서울 성동구 왕십리로21길 17.,행*,,서울 성동구,호프/맥주,왕십리,20111205,,왕십리
C1853F0228,서울 성동구 왕십리로21길 17.,높은*******,,서울 성동구,한식-해물/생선,왕십리,20160527,,왕십리
AD692634A2,서울 성동구 왕십리로21길 17.,슈*,,서울 성동구,한식-단품요리일반,왕십리,20151116,,왕십리
10E976D7AB,서울 성동구 왕십리로21길 20.,행당****,,서울 성동구,식품 제조,왕십리,20150922,,왕십리
BA2517D7FC,서울 성동구 왕십리로21길 20.,만나**,,서울 성동구,백반/가정식,왕십리,20140411,,왕십리
C9FDD0D766,서울 성동구 왕십리로24길 11.,썬더**,치킨23,서울 성동구,치킨,왕십리,20090729,,왕십리
6FDDB51C40,서울 성동구 왕십리로24길 12.,진선***,,서울 성동구,백반/가정식,왕십리,20070726,,왕십리
DFD0B2EA28,서울 성동구 왕십리로24길 12.,왕코****,,서울 성동구,룸살롱/단란주점,왕십리,20160705,,왕십리
8DFBA8E48F,서울 성동구 왕십리로24길 14.,반가*,,서울 성동구,한식-국밥/설렁탕,왕십리,20181219,,왕십리
E4B17F7890,서울 성동구 왕십리로24길 18.,우리***,,서울 성동구,축산물,왕십리,20151221,,왕십리
9133ECC312,서울 성동구 왕십리로24길 27.,세계*****,주류2,서울 성동구,주류,왕십리,20050111,,왕십리
B3F2BA9905,서울 성동구 왕십리로24길 29.,델리******,백반/가정식7,서울 성동구,백반/가정식,왕십리,20150427,,왕십리
F03D2DB87E,서울 성동구 왕십리로30길 13.,백선************,,서울 성동구,한식-단품요리일반,,20220727,,왕십리
E5849C4673,서울 성동구 왕십리로4가길 3.,성수**,,서울 성동구,한식-육류/고기,뚝섬,20241107,,뚝섬
DA01E5E1CB,서울 성동구 왕십리로4길 23-1,맥스**,,서울 성동구,치킨,뚝섬,20010105,,뚝섬
B7D36E4B91,서울 성동구 왕십리로6길 1-2.,퍼니***********,,서울 성동구,일식-덮밥/돈가스,뚝섬,20121128,,뚝섬
B3A70AB07E,서울 성동구 용답중앙13길 13.,경복*,백반/가정식2,서울 성동구,백반/가정식,답십리,20191204,,답십리
74A053F902,서울 성동구 용답중앙13길 16.,기분***,,서울 성동구,한식-단품요리일반,답십리,20160309,,답십리
F46D45E328,서울 성동구 용답중앙15길 13.,미*,,서울 성동구,중식당,답십리,20131128,,용답
105CC28499,서울 성동구 용답중앙15길 13.,보쌈******,,서울 성동구,한식-육류/고기,답십리,20051104,,용답
E48396576D,서울 성동구 용답중앙15길 5-1,통돼************,,서울 성동구,한식-육류/고기,답십리,20080612,,용답
844744615F,서울 성동구 용답중앙25길 11.,팔자***,,서울 성동구,백반/가정식,답십리,20150327,,답십리
0AFA56720B,서울 성동구 자동차시장1길 34,재동***,,서울 성동구,백반/가정식,장한평자동차,20020430,,장한평자동차
6B4A395662,서울 성동구 자동차시장1길 70,맛나**,,서울 성동구,백반/가정식,장한평자동차,20150520,,장한평자동차
598E46F283,서울 성동구 자동차시장길 49.,씨에*****************,,서울 성동구,커피전문점,,20170905,,용답
389E239904,서울 성동구 천호대로 352-13.,용답****,,서울 성동구,기사식당,장한평자동차,20130725,,장한평자동차
1EAFF3E9E0,서울 성동구 천호대로 396-15.,삼미**,,서울 성동구,한식-육류/고기,장한평자동차,20061025,,장한평자동차
67950640CA,서울 성동구 행당로17길 1-45.,돈슐*,,서울 성동구,한식-육류/고기,왕십리,20170315,,행당
9FFE31B3A0,서울 성동구 행당로17길 19-1.,길상*******,,서울 성동구,꼬치구이,왕십리,20160718,,행당
A294998B2B,서울특별시 성동구 금호로 102,이모***,,서울 성동구,분식,,20190530,,신금호
6810C7C7CE,서울특별시 성동구 금호로 102,카페**,,서울 성동구,카페,,20220901,,신금호
65EB7F45A2,서울특별시 성동구 금호로 102,케키*******,,서울 성동구,식료품,,20240130,,신금호
B54D21E03E,서울특별시 성동구 금호로 102,덮덮*****,,서울 성동구,한식-단품요리일반,,20231030,,신금호
08810E1846,서울특별시 성동구 금호로 105,60*********,치킨1,서울 성동구,치킨,,20240930,,신금호
8187702080,서울특별시 성동구 금호로 105,미고**********,,서울 성동구,베이커리,,20200511,,신금호
72AA2FB49E,서울특별시 성동구 금호로 105,투썸************,커피전문점13,서울 성동구,커피전문점,,20220818,,신금호
C01850577F,서울특별시 성동구 금호로 105,도론******,,서울 성동구,백반/가정식,,20210309,,신금호
DF7492A3E8,서울특별시 성동구 금호로 107,아이*************,,서울 성동구,아이스크림/빙수,,20230512,,신금호
7069AC584A,서울특별시 성동구 금호로 127,카이**,,서울 성동구,카페,신금호,20230911,,신금호
BD5BCD8BE2,서울특별시 성동구 금호로 127,뚝방**,,서울 성동구,요리주점,신금호,20190102,,신금호
893D79E6DA,서울특별시 성동구 금호로 143,마라***,,서울 성동구,중식당,신금호,20241022,,신금호
EC05B1ACA4,서울특별시 성동구 금호로 145,피자**,피자8,서울 성동구,피자,신금호,20171129,,신금호
2CC6C6DCC3,서울특별시 성동구 금호로 145,침착*****,,서울 성동구,베이커리,신금호,20180402,,신금호
B5DDFE115A,서울특별시 성동구 금호로 151,슈퍼********,,서울 성동구,식료품,신금호,20231117,20250731.0,신금호
9639788E45,서울특별시 성동구 금호로 151,홍짜*******,중식당8,서울 성동구,중식당,신금호,20170526,,신금호
66A3F67041,서울특별시 성동구 금호로 155,담꾹*****,,서울 성동구,한식-단품요리일반,신금호,20201222,,신금호
63C63AF808,서울특별시 성동구 금호로 158,자담**,치킨26,서울 성동구,치킨,신금호,20220314,,신금호
A9A709201B,서울특별시 성동구 금호로 160,맘스*******,햄버거2,서울 성동구,햄버거,신금호,20171109,,신금호
3245B9475F,서울특별시 성동구 금호로 162,정담**,,서울 성동구,일식-초밥/롤,신금호,20220215,,신금호
BBA657190E,서울특별시 성동구 금호로 173,신금******,,서울 성동구,반찬,,20220302,,신금호
22AE6306D0,서울특별시 성동구 금호로 173,프린**,,서울 성동구,주류,,20201214,,신금호
B54DCE8BEF,서울특별시 성동구 금호로 173,당근******,,서울 성동구,식료품,,20231219,,신금호
FBE9059735,서울특별시 성동구 금호로 173,안심***********,축산물1,서울 성동구,축산물,,20180531,,신금호
F78999A03F,서울특별시 성동구 금호로 173,진우*,,서울 성동구,백반/가정식,,20241206,,신금호
47C9895708,서울특별시 성동구 금호로 173,써브********,샌드위치/토스트2,서울 성동구,샌드위치/토스트,,20210317,,신금호
DF277BB6B1,서울특별시 성동구 금호산길 3,죠샌*******,샌드위치/토스트4,서울 성동구,샌드위치/토스트,금남시장,20220407,,신금호
ED52D189EC,서울특별시 성동구 동일로 123,한입****,,서울 성동구,식료품,,20191031,,건대입구
5974B075AD,서울특별시 성동구 동일로 133,카페**,,서울 성동구,카페,,20200121,,건대입구
EA1F87E4D9,서울특별시 성동구 동일로 135,메니***,,서울 성동구,식료품,,20190424,,건대입구
FE8F304044,서울특별시 성동구 동일로 143,동*,,서울 성동구,중식당,,20221128,,건대입구
0ACB1E7718,서울특별시 성동구 동일로 143,그린******,,서울 성동구,한식뷔페,,20180420,,건대입구
EBCBFD170F,서울특별시 성동구 동일로 143,그린**,,서울 성동구,한식뷔페,,20201104,,건대입구
61472439B5,서울특별시 성동구 동일로 143,얌커*,,서울 성동구,커피전문점,,20180523,20250728.0,건대입구
7A25182C89,서울특별시 성동구 동일로 143,호남**,,서울 성동구,백반/가정식,,20230316,,건대입구
8D0193EAB3,서울특별시 성동구 동일로 143,성수**,,서울 성동구,백반/가정식,,20230411,,건대입구
E87A866BDC,서울특별시 성동구 동일로 143,해*,,서울 성동구,한식-육류/고기,,20230315,,건대입구
088BBA709D,서울특별시 성동구 동일로 173,서울******,한식-국밥/설렁탕7,서울 성동구,한식-국밥/설렁탕,,20230808,,건대입구
D197369754,서울특별시 성동구 동일로 221,고바****,,서울 성동구,한식-육류/고기,,20230516,,건대입구
BB1FB6818D,서울특별시 성동구 동일로 263,눈누**,,서울 성동구,식료품,,20200204,,건대입구
7F155740AA,서울특별시 성동구 동일로 279,70*****,,서울 성동구,카페,,20241011,,건대입구
6FD404C819,서울특별시 성동구 둘레1길 12,가내*******,,서울 성동구,한식-육류/고기,,20200903,,성수
378C662D8E,서울특별시 성동구 둘레9길 17,빌라******************,,서울 성동구,카페,성수,20230703,,성수
259A1E16FE,서울특별시 성동구 뚝섬로 311,대림****,,서울 성동구,식료품,,20230920,,성수
B98F4B5F96,서울특별시 성동구 뚝섬로 312,브로**************,,서울 성동구,베이커리,,20231122,,성수
1AFD192CB4,서울특별시 성동구 뚝섬로 312,성수****,,서울 성동구,백반/가정식,,20201008,,성수
741144A2CD,서울특별시 성동구 뚝섬로 317,한입***,,서울 성동구,샌드위치/토스트,,20240507,,성수
7EA392124A,서울특별시 성동구 뚝섬로 390,꼬꼬**,,서울 성동구,치킨,성수,20220913,,성수
7829A485F0,서울특별시 성동구 뚝섬로 390,원스**,,서울 성동구,카페,성수,20221012,,성수
DE96D5A30B,서울특별시 성동구 뚝섬로 392,어*,,서울 성동구,일식당,성수,20191028,,성수
28B588EEB5,서울특별시 성동구 뚝섬로 392,돼*,,서울 성동구,한식-육류/고기,성수,20240425,,성수
0F6B536D3D,서울특별시 성동구 뚝섬로 393,리타***,,서울 성동구,양식,성수,20210609,,성수
64BF96D72B,서울특별시 성동구 뚝섬로 394,덤 **************,,서울 성동구,양식,성수,20240923,,성수
D2E6E383CD,서울특별시 성동구 뚝섬로 395,빽다*******,커피전문점4,서울 성동구,커피전문점,성수,20210714,,성수
D983AF8437,서울특별시 성동구 뚝섬로 395,음악**,,서울 성동구,일반 유흥주점,성수,20170213,,성수
1DE2A5E40D,서울특별시 성동구 뚝섬로 399,마하**,,서울 성동구,동남아/인도음식,성수,20171221,,성수
0CC58A24DF,서울특별시 성동구 뚝섬로 400,샹도*,,서울 성동구,베이커리,성수,20220627,,성수
197C457DEF,서울특별시 성동구 뚝섬로 400,소나***,,서울 성동구,커피전문점,성수,20190422,,성수
A565901532,서울특별시 성동구 뚝섬로 404,봉*,,서울 성동구,베이커리,성수,20221013,,성수
BA09699019,서울특별시 성동구 뚝섬로 408,싹쓰***,,서울 성동구,한식-육류/고기,성수,20210614,,성수
1BE17A9B6B,서울특별시 성동구 뚝섬로 409,어썸*****,,서울 성동구,베이커리,성수,20240130,,성수
D3F29D0C95,서울특별시 성동구 뚝섬로 413,브로*******************,,서울 성동구,커피전문점,성수,20200825,,성수
9592C66510,서울특별시 성동구 뚝섬로 414,대광**,,서울 성동구,백반/가정식,성수,20200317,,성수
E6738F086C,서울특별시 성동구 뚝섬로 420,브레***,,서울 성동구,베이커리,,20210819,20250721.0,성수
5E5092A910,서울특별시 성동구 뚝섬로 427,소미*****,,서울 성동구,카페,,20221118,,성수
E9A75D0A9D,서울특별시 성동구 뚝섬로 430,단과*,,서울 성동구,베이커리,,20191212,,성수
BD7955F77D,서울특별시 성동구 마장로 137,떡볶****************,,서울 성동구,분식,,20221111,,마장동
49B504B02C,서울특별시 성동구 마장로 137,김가*********,분식1,서울 성동구,분식,,20240315,,마장동
1C0E3D3E9C,서울특별시 성동구 마장로 137,스텔***********,,서울 성동구,분식,,20240610,,마장동
7462B564B6,서울특별시 성동구 마장로 137,포케********,,서울 성동구,양식,,20240911,,마장동
E76CBA6E55,서울특별시 성동구 마장로 137,노랑*******,치킨11,서울 성동구,치킨,,20210702,20250811.0,마장동
70DB9DA8AB,서울특별시 성동구 마장로 137,가마***,치킨4,서울 성동구,치킨,,20230608,,마장동
0780CB40AB,서울특별시 성동구 마장로 137,호식***********,치킨38,서울 성동구,치킨,,20231115,,마장동
9F7E6E0B21,서울특별시 성동구 마장로 137,샐러********,,서울 성동구,카페,,20240508,,마장동
88106077FD,서울특별시 성동구 마장로 137,카페***,,서울 성동구,카페,,20240617,,마장동
802DF1F491,서울특별시 성동구 마장로 137,노모*******,,서울 성동구,피자,,20230525,,마장동
E7580812AD,서울특별시 성동구 마장로 137,보스***,,서울 성동구,피자,,20240207,,마장동
685929E817,서울특별시 성동구 마장로 137,블랙*************,,서울 성동구,농산물,,20191106,,마장동
EF414AEF31,서울특별시 성동구 마장로 137,봉주**,,서울 성동구,농산물,,20231109,,마장동
6B1348B076,서울특별시 성동구 마장로 137,슈퍼**********,,서울 성동구,식료품,,20240620,,마장동
F27FC18E41,서울특별시 성동구 마장로 137,보틀***,,서울 성동구,와인샵,,20220616,20250214.0,마장동
DD45EECEE3,서울특별시 성동구 마장로 137,연*,,서울 성동구,일식당,,20200908,,마장동
AD9274D19D,서울특별시 성동구 마장로 137,만복**,,서울 성동구,일식당,,20230413,,마장동
80D43FAFB4,서울특별시 성동구 마장로 137,칠리*,,서울 성동구,중식당,,20171107,,마장동
42994169E6,서울특별시 성동구 마장로 137,서래*,,서울 성동구,중식당,,20200522,,마장동
F01D034A24,서울특별시 성동구 마장로 137,51****,,서울 성동구,베이커리,,20240320,,마장동
953592B09D,서울특별시 성동구 마장로 137,쿠에**,,서울 성동구,이자카야,,20230822,,마장동
2B2AF25A23,서울특별시 성동구 마장로 137,왕십*********,,서울 성동구,인삼제품,,20240102,,마장동
1FAF18BB8F,서울특별시 성동구 마장로 137,카페********,커피전문점7,서울 성동구,커피전문점,,20230811,,마장동
4AD953D850,서울특별시 성동구 마장로 137,빽다*********,커피전문점4,서울 성동구,커피전문점,,20230824,,마장동
67FCC5D980,서울특별시 성동구 마장로 137,명태**,백반/가정식10,서울 성동구,백반/가정식,,20181030,,마장동
4DD8AC6665,서울특별시 성동구 마장로 137,다시*,,서울 성동구,백반/가정식,,20201006,,마장동
2EE7676921,서울특별시 성동구 마장로 137,와이********,,서울 성동구,백반/가정식,,20221230,,마장동
1A9644F28E,서울특별시 성동구 마장로 137,양가**********,,서울 성동구,백반/가정식,,20221230,,마장동
BAFFCE9B97,서울특별시 성동구 마장로 137,등촌**********,한식-국수/만두4,서울 성동구,한식-국수/만두,,20211104,,마장동
DABFCC04D8,서울특별시 성동구 마장로 137,더육*,,서울 성동구,한식-육류/고기,,20181207,,마장동
C5BFDBE81E,서울특별시 성동구 마장로 137,장흥*,,서울 성동구,한식-육류/고기,,20200320,,마장동
4F98A3CB2D,서울특별시 성동구 마장로 137,청계**,,서울 성동구,한식-육류/고기,,20220701,,마장동
9D2AB94FB8,서울특별시 성동구 마장로 137,수비*****,,서울 성동구,한식-육류/고기,,20230105,,마장동
C9915FFC82,서울특별시 성동구 마장로 137,상상********,,서울 성동구,한식-육류/고기,,20240723,,마장동
237D0C814D,서울특별시 성동구 마장로 137,오물**************,,서울 성동구,한식-단품요리일반,,20190516,,마장동
44150C17AB,서울특별시 성동구 마장로 137,수유*********,,서울 성동구,한식-단품요리일반,,20201211,,마장동
B8F11300C9,서울특별시 성동구 마장로 187,케이***,,서울 성동구,카페,,20221129,,마장동
86D0C43DB4,서울특별시 성동구 마장로 200,농심**,,서울 성동구,농산물,,20220809,,마장동
CCD6FF6A66,서울특별시 성동구 마장로 203,영주**,,서울 성동구,백반/가정식,,20230613,,마장동
F1071108E7,서울특별시 성동구 마장로 216,전여******,,서울 성동구,일식당,왕십리,20230731,,마장동
0BEDDE7AF8,서울특별시 성동구 마장로 216,전여*,,서울 성동구,한식-단품요리일반,왕십리,20211228,,마장동
014A6A2154,서울특별시 성동구 마장로 222,소양*,,서울 성동구,백반/가정식,왕십리,20231016,,마장동
E3298570A2,서울특별시 성동구 마장로 235,25***,,서울 성동구,호프/맥주,왕십리,20200709,,마장동
56E8BA3007,서울특별시 성동구 마장로 270,메즈**********,,서울 성동구,호프/맥주,,20230830,,마장동
A5DC44A844,서울특별시 성동구 마장로 271,희망****,,서울 성동구,카페,,20201218,,마장동
F391294C30,서울특별시 성동구 마장로 271,아이***********,,서울 성동구,아이스크림/빙수,,20230913,,마장동
8EE981921E,서울특별시 성동구 마장로 283,명가*******,,서울 성동구,치킨,,20211103,,마장동
718E770104,서울특별시 성동구 마장로 283,파리*******,베이커리10,서울 성동구,베이커리,,20190422,,마장동
4FD8DEB849,서울특별시 성동구 마장로 288,월*,,서울 성동구,식료품,,20210419,,마장동
FCBDB3C308,서울특별시 성동구 마장로 289,블랙***,,서울 성동구,카페,,20240906,,마장동
C919038375,서울특별시 성동구 마장로 292,보배**,,서울 성동구,한식-육류/고기,,20201012,,마장동
30EBD20CBF,서울특별시 성동구 마장로 297,통통**,,서울 성동구,백반/가정식,,20191219,,마장동
145A1666B3,서울특별시 성동구 마장로 297,통통**,,서울 성동구,한식-육류/고기,,20191219,,마장동
F901334796,서울특별시 성동구 마장로 298,유성************,,서울 성동구,한식-찌개/전골,,20210201,,마장동
0C02E54954,서울특별시 성동구 마장로 299,컴포*********,커피전문점11,서울 성동구,커피전문점,,20220516,,마장동
E4B34ABDDB,서울특별시 성동구 마장로 301,아쿠**,,서울 성동구,호프/맥주,,20191017,,마장동
4BF6B1EEF7,서울특별시 성동구 마장로 301,오땅********,호프/맥주6,서울 성동구,호프/맥주,,20191107,,마장동
DD0FCFEDE6,서울특별시 성동구 마장로 301,메가*********,커피전문점2,서울 성동구,커피전문점,,20211202,,마장동
89F36844AE,서울특별시 성동구 마장로 305,토프*******,커피전문점12,서울 성동구,커피전문점,,20190603,,마장동
2D4E9106EA,서울특별시 성동구 마장로 310,강원*****,,서울 성동구,농산물,,20211109,,마장동
409D0DA708,서울특별시 성동구 마장로 310,복권***********,,서울 성동구,식료품,,20221111,,마장동
9385DC7BDB,서울특별시 성동구 마장로 310,황귀***,,서울 성동구,백반/가정식,,20180111,,마장동
746686BA39,서울특별시 성동구 마장로 310,픽미************,,서울 성동구,아이스크림/빙수,,20231222,,마장동
C3D19B4AAD,서울특별시 성동구 마장로 323,연평********,,서울 성동구,한식-해물/생선,,20220707,,마장동
3816AE5158,서울특별시 성동구 마장로 325,서산***,,서울 성동구,한식-해물/생선,,20230208,,마장동
9763A314E7,서울특별시 성동구 마장로 331,목포*****,,서울 성동구,한식-해물/생선,,20241021,,마장동
6D76048445,서울특별시 성동구 무수막길 1,메가***********,,서울 성동구,한식-단품요리일반,금남시장,20241010,,금남시장
E43552CFFF,서울특별시 성동구 무학로 8-1,40***,,서울 성동구,분식,,20211008,,왕십리
9218EE2A57,서울특별시 성동구 무학로 8-3,챔스*********,,서울 성동구,카페,,20220224,,왕십리
53CA4BAE0A,서울특별시 성동구 사근동길 2,핵밥*****,,서울 성동구,일식-덮밥/돈가스,한양대,20231215,,한양대
ED8687C47C,서울특별시 성동구 사근동길 4,맘스*******,,서울 성동구,피자,한양대,20230227,,한양대
535999101E,서울특별시 성동구 사근동길 4,매머************,,서울 성동구,커피전문점,한양대,20240119,,한양대
1E6037D02E,서울특별시 성동구 사근동길 6,하이**,,서울 성동구,분식,한양대,20220422,,한양대
DFF740F6CA,서울특별시 성동구 사근동길 6,라가******,,서울 성동구,한식-단품요리일반,한양대,20240801,,한양대
016C67D6C6,서울특별시 성동구 상원10길 3,목*,,서울 성동구,양식,뚝섬,20240524,,뚝섬
F602494665,서울특별시 성동구 상원10길 3,기엔*,,서울 성동구,양식,뚝섬,20241114,,뚝섬
DCDA685076,서울특별시 성동구 상원10길 3,시치**********,,서울 성동구,백반/가정식,뚝섬,20220930,,뚝섬
F4C22C0FED,서울특별시 성동구 상원10길 3,금일**,,서울 성동구,백반/가정식,뚝섬,20230706,,뚝섬
8A26E12861,서울특별시 성동구 상원10길 4,햄찌*******,,서울 성동구,한식-찌개/전골,뚝섬,20210629,,뚝섬
591FFE0261,서울특별시 성동구 상원10길 4,옴시********,,서울 성동구,한식-단품요리일반,뚝섬,20240508,,뚝섬
9A750B743F,서울특별시 성동구 상원10길 7,시원********,,서울 성동구,백반/가정식,뚝섬,20200602,,뚝섬
E06F67F152,서울특별시 성동구 상원10길 9,현*,,서울 성동구,이자카야,뚝섬,20171212,,뚝섬
943BBD5F30,서울특별시 성동구 상원12길 5,세컨****,,서울 성동구,테이크아웃커피,뚝섬,20230110,,뚝섬
B0733AADEF,서울특별시 성동구 상원12길 5,킹콩***********,한식-찌개/전골3,서울 성동구,한식-찌개/전골,뚝섬,20171114,,뚝섬
75FA18BD56,서울특별시 성동구 상원1길 12,홍익***,일식-덮밥/돈가스3,서울 성동구,일식-덮밥/돈가스,뚝섬,20240531,,뚝섬
5BB092A34C,서울특별시 성동구 상원1길 13,후후***,,서울 성동구,베이커리,뚝섬,20230327,,뚝섬
3B0E5FAA4D,서울특별시 성동구 상원1길 25,그린****,,서울 성동구,한식뷔페,뚝섬,20200423,,뚝섬
9DA9844737,서울특별시 성동구 상원1길 25,젠틀**********,,서울 성동구,커피전문점,뚝섬,20241105,,뚝섬
1B5F85BD96,서울특별시 성동구 상원1길 26,은행******,,서울 성동구,일식당,뚝섬,20231228,,뚝섬
4795D97F2B,서울특별시 성동구 상원1길 26,천잠**,,서울 성동구,인삼제품,뚝섬,20210111,,뚝섬
CE35329FA0,서울특별시 성동구 상원1길 26,강남******,한식-국수/만두1,서울 성동구,한식-국수/만두,뚝섬,20210729,,뚝섬
9A40BD3F2E,서울특별시 성동구 상원1길 26,옥된*****,,서울 성동구,한식-단품요리일반,뚝섬,20230130,,뚝섬
E61969DA0F,서울특별시 성동구 상원1길 29,컴포*******,커피전문점11,서울 성동구,커피전문점,뚝섬,20180518,,뚝섬
BAD22BA603,서울특별시 성동구 상원1길 33,모퉁***,,서울 성동구,와플/크로플,뚝섬,20180628,,뚝섬
E5EA44757A,서울특별시 성동구 상원1길 39,버거***,,서울 성동구,햄버거,뚝섬,20240426,,뚝섬
E5474E6047,서울특별시 성동구 상원1길 39,스시**,,서울 성동구,일식-초밥/롤,뚝섬,20240909,,뚝섬
BFD54A2373,서울특별시 성동구 상원1길 41,힘냉*,,서울 성동구,한식-냉면,뚝섬,20170816,,뚝섬
FCAF3BA597,서울특별시 성동구 상원4길 10,레이***,,서울 성동구,카페,뚝섬,20200922,,뚝섬
BF6A6456AB,서울특별시 성동구 상원4길 11,우아**,,서울 성동구,한식-육류/고기,뚝섬,20240131,20250724.0,뚝섬
1CA7D76A49,서울특별시 성동구 상원6길 10,슈*,,서울 성동구,식료품,뚝섬,20240814,,뚝섬
70C1CDADC9,서울특별시 성동구 상원6길 14,아프*****,,서울 성동구,한식-해물/생선,뚝섬,20241204,,뚝섬
08A8D396B4,서울특별시 성동구 성수일로 9,요커***********,,서울 성동구,카페,성수,20230412,,성수
9F2719B624,서울특별시 성동구 성수일로 9,중앙***,,서울 성동구,요리주점,성수,20230302,,성수
119F4FB3E3,서울특별시 성동구 성수일로 9,마포***,,서울 성동구,한식-국밥/설렁탕,성수,20190920,,성수
D3A10D3E66,서울특별시 성동구 송정4길 10,하루**,,서울 성동구,한식-단품요리일반,,20240628,,송정동
7ED39D1A53,서울특별시 성동구 아차산로 3,육타***,,서울 성동구,한식-육류/고기,뚝섬,20190321,,건대입구
62EF38C706,서울특별시 성동구 아차산로 6,라바******,,서울 성동구,카페,뚝섬,20231205,,건대입구
2791AA9D19,서울특별시 성동구 연무장길 3,백이*,,서울 성동구,호프/맥주,성수,20220615,,성수
786BDBABFF,서울특별시 성동구 용답19길 3,왕십*****,,서울 성동구,한식-찌개/전골,,20240814,,용답
6FBB888389,서울특별시 성동구 용답19길 5,대성**,,서울 성동구,청과물,답십리,20191025,,용답
B06B36EBCC,서울특별시 성동구 용답19길 5,용답****,,서울 성동구,한식-육류/고기,답십리,20180411,,용답
E4C073131C,서울특별시 성동구 용답19길 6,보배*******,,서울 성동구,포장마차,답십리,20240829,20250725.0,용답
387CE6C86C,서울특별시 성동구 용답19길 6,마포****,,서울 성동구,한식-육류/고기,답십리,20190904,,용답
16B4B1BB89,서울특별시 성동구 장터2길 11,소담****,,서울 성동구,한식-육류/고기,,20200326,,금남시장
8334F2D489,서울특별시 성동구 행당로 100,영토***************,,서울 성동구,샌드위치/토스트,행당,20240129,,행당
BE527144E5,서울특별시 성동구 행당로 101,베스****,아이스크림/빙수1,서울 성동구,아이스크림/빙수,행당,20190909,,행당
2B2CDD8A48,서울특별시 성동구 행당로 102,골드**,,서울 성동구,축산물,행당,20220502,,행당
67551595FA,서울특별시 성동구 행당로 105,메가**********,커피전문점2,서울 성동구,커피전문점,행당,20200717,,행당
6947245C66,서울특별시 성동구 행당로 107,왕십******,,서울 성동구,분식,행당,20230622,20250801.0,행당
64B27F3594,서울특별시 성동구 행당로 108,행복***,,서울 성동구,분식,행당,20180724,,행당
F2AE4EF7AB,서울특별시 성동구 행당로 109,조조**,,서울 성동구,중식당,행당,20241210,,행당
38EDE3F91C,서울특별시 성동구 행당로 110,피자*******,피자8,서울 성동구,피자,행당,20240726,,행당
A72A1DD952,서울특별시 성동구 행당로 110,오릭******,,서울 성동구,베이커리,행당,20200728,,행당
7563529BDC,서울특별시 성동구 행당로 112,명가*******,,서울 성동구,치킨,행당,20200226,,행당
33706FFD69,서울특별시 성동구 행당로 112,개인**,,서울 성동구,카페,행당,20171123,,행당
422418BBDD,서울특별시 성동구 행당로 112,대단*********,,서울 성동구,베이커리,행당,20230622,20250721.0,행당
CB9C109826,서울특별시 성동구 행당로 113,쪼꼬***,,서울 성동구,식료품,행당,20241010,,행당
DFE427F21C,서울특별시 성동구 행당로 119,한솥***,도시락3,서울 성동구,도시락,행당,20231130,,행당
4A3538DDC3,서울특별시 성동구 행당로 119,컴포**********,커피전문점11,서울 성동구,커피전문점,행당,20230623,,행당
C766BAD8FB,서울특별시 성동구 행당로 121,빽다*******,커피전문점4,서울 성동구,커피전문점,왕십리,20210527,,행당
D7028A57A2,서울특별시 성동구 행당로 121,몬스******,,서울 성동구,한식-단품요리일반,왕십리,20231206,,행당
1ABAFAF53E,서울특별시 성동구 행당로 127,청년*******,,서울 성동구,치킨,왕십리,20210217,,행당
5B1F2A7BA9,서울특별시 성동구 행당로 129,매머************,,서울 성동구,커피전문점,왕십리,20230628,,행당
01CCBE28E0,서울특별시 성동구 행당로 133,워니***,,서울 성동구,양식,왕십리,20180704,,행당
534FC7A474,서울  성동구  고산자로  335-2,꼬끼*,,서울 성동구,호프/맥주,마장동,20120820,,왕십리
A6FFB4295C,서울  성동구  독서당로60길  5,엄마*****,,서울 성동구,백반/가정식,,20111212,,옥수
1CAA6D7F95,서울  성동구  마조로3가길  15,뉴욕********,양식1,서울 성동구,양식,한양대,20120619,,한양대
22323DD09C,서울  성동구  마조로3가길  30,일*,,서울 성동구,일식당,한양대,20120210,,한양대
75A1F5A452,서울  성동구  마조로3나길  27,서래*******,한식-육류/고기13,서울 성동구,한식-육류/고기,한양대,20120224,,한양대
BEFEB9CFAD,서울  성동구  무수막길  89-38,금호****,,서울 성동구,한식-국밥/설렁탕,신금호,20120511,,신금호
D1EB295A18,서울  성동구  성덕정17길  8-1,전주**,,서울 성동구,백반/가정식,성수,20120511,,성수
BE1E68810C,서울  성동구  아차산로7길  11,더다*,,서울 성동구,한식-단품요리일반,성수,20120802,,성수
591CBB3B43,서울  성동구  아차산로7길  22,카페**,,서울 성동구,카페,성수,20111117,,성수
F4A797E2D3,서울  성동구  왕십리로24길  8,싱싱*****,한식-해물/생선5,서울 성동구,한식-해물/생선,왕십리,20120716,,왕십리
F5D09BB486,서울 성동구 고산자로12길 1-1.,일품*****,,서울 성동구,한식-국수/만두,왕십리,20080717,,왕십리
7268E7807A,서울 성동구 고산자로24길 11-1,보성**,,서울 성동구,축산물,마장동,20031211,,왕십리
C549675902,서울 성동구 고산자로24길 11-1,정호**,,서울 성동구,축산물,마장동,20050214,,왕십리
8E2D448FF9,서울 성동구 고산자로24길 11-1,동신**,,서울 성동구,축산물,마장동,20140929,,왕십리
756011C7B4,서울 성동구 고산자로24길 12-1,성우**,,서울 성동구,축산물,마장동,20080116,,왕십리
598ACA428F,서울 성동구 고산자로24길 14-2,영덕**,,서울 성동구,축산물,마장동,20070921,,왕십리
4DE273254C,서울 성동구 고산자로24길 4-1.,대림**,,서울 성동구,축산물,마장동,20060203,,왕십리
F24F0E217A,서울 성동구 광나루로4가길 24.,피어***,,서울 성동구,커피전문점,성수,20131030,,뚝섬
BF12B3B125,서울 성동구 광나루로4가길 33.,성동**,,서울 성동구,식료품,성수,20121008,,뚝섬
E8372EA9EB,서울 성동구 독서당로40길 25-1,부부***,,서울 성동구,한식-육류/고기,옥수,20140425,,옥수
0840AC0A17,서울 성동구 독서당로46길 36-1,고모**,,서울 성동구,백반/가정식,금남시장,20040716,,옥수
AC8D66E0C8,서울 성동구 마장로31길 24-12.,골목*,,서울 성동구,백반/가정식,마장동,20081001,,마장동
51006614E2,서울 성동구 마장로35길 112-1.,일우**,,서울 성동구,식료품,,20070703,,마장동
C9550798B7,서울 성동구 마장로35다길 15-1,광장**,,서울 성동구,축산물,마장동,20140529,,마장동
8F6C066370,서울 성동구 마장로37길 45-10.,88**,,서울 성동구,축산물,마장동,20240513,,마장동
A4B767188E,서울 성동구 마장로39나길 17-1,남원***,한식-해물/생선2,서울 성동구,한식-해물/생선,,20091216,,마장동
5793537AB2,서울 성동구 성수동2가 289-175,유향*,,서울 성동구,중식당,성수,20090930,,성수
B6B42FF4A3,서울 성동구 성수일로12길 15-1,광주**,,서울 성동구,백반/가정식,성수,20130528,,성수
7670A96873,서울 성동구 성수일로12길 19-1,성수**,,서울 성동구,백반/가정식,성수,20010723,,성수
EB0399A070,서울 성동구 성수일로12길 20 .,직화**************,,서울 성동구,한식-해물/생선,성수,20150414,,성수
9892E5745E,서울 성동구 성수일로12길 25 .,청*,,서울 성동구,농산물,성수,20150818,,성수
64687C0A87,서울 성동구 성수일로4길 48-2.,세*,,서울 성동구,양식,성수,20201208,,성수
63C676EAE1,서울 성동구 아차산로1가길 11.,수칼**,,서울 성동구,한식-국수/만두,뚝섬,20140717,,건대입구
ABD2B4F420,서울 성동구 아차산로7길 10-1.,교촌*******,치킨6,서울 성동구,치킨,성수,20150205,,성수
FFF0DAC445,서울 성동구 아차산로7길 10-1.,투다*,꼬치구이3,서울 성동구,꼬치구이,성수,20160704,,성수
41CB64C3C9,서울 성동구 아차산로7길 15-1.,다온**,,서울 성동구,식료품,성수,20240828,,성수
4BC6588772,서울 성동구 아차산로7나길 18.,아키**,,서울 성동구,일식당,성수,20160407,,건대입구
CDDAE64AC2,서울 성동구 왕십리광장로 17 .,포르**,,서울 성동구,한식-단품요리일반,왕십리,20170830,,왕십리
C800A70770,서울 성동구 왕십리로16가길 4.,푸른*,,서울 성동구,식료품,뚝섬,20100201,,뚝섬
3CBCDB9525,서울 성동구 왕십리로20길 11-1,담쟁*,,서울 성동구,백반/가정식,왕십리,20041026,,왕십리
E4D3C3A8AC,서울 성동구 왕십리로20길 36-1,또올*,,서울 성동구,한식-단품요리일반,왕십리,20000128,,왕십리
BE1F11407F,서울 성동구 왕십리로22길 9-1.,한량**,,서울 성동구,한식-육류/고기,왕십리,20131104,,왕십리
F4157A9FA4,서울 성동구 왕십리로24길 1-1.,한방****,,서울 성동구,한식-육류/고기,왕십리,20110818,,왕십리
7F5C64F29B,서울 성동구 왕십리로24길 15-1,남매**,,서울 성동구,식료품,왕십리,20080414,,왕십리
2D1F5F9F5F,서울 성동구 왕십리로24길 35-1,참존*****,치킨28,서울 성동구,치킨,왕십리,20051209,,왕십리
40A4DCBA7F,서울 성동구 왕십리로24길 9-1.,순천**,,서울 성동구,한식-감자탕,왕십리,20080711,,왕십리
7287A93C2B,서울 성동구 왕십리로24나길 4.,함흥*,,서울 성동구,한식-단품요리일반,왕십리,20101215,,왕십리
00CEAAD71A,서울 성동구 왕십리로24나길 6.,근이***,,서울 성동구,포장마차,왕십리,20151104,,왕십리
6242BB9BEB,서울 성동구 왕십리로24나길 8.,대물**,,서울 성동구,한식-해물/생선,왕십리,20231207,,왕십리
891AEAE4A4,서울 성동구 왕십리로26길 2-1.,안주****,,서울 성동구,포장마차,,20080731,,왕십리
A33442D657,서울 성동구 왕십리로4길 24-8.,오거*,,서울 성동구,카페,뚝섬,20210831,,뚝섬
B5B9521F58,서울 성동구 왕십리로5길 12-1.,성수**,,서울 성동구,한식-육류/고기,뚝섬,20140507,,뚝섬
96AD55E474,서울 성동구 왕십리로6길 18-1.,베러********,,서울 성동구,한식-단품요리일반,뚝섬,20160627,,뚝섬
9215C7F055,서울 성동구 용답중앙15길 15-2,풍년*,,서울 성동구,한식-육류/고기,답십리,19961205,,용답
2A0922EAA7,서울 성동구 용답중앙15길 15-6,양마*******,,서울 성동구,한식-찌개/전골,답십리,20121122,,용답
9304FF81A2,서울 성동구 자동차시장1길 70.,이조***,,서울 성동구,한식-국밥/설렁탕,장한평자동차,20140321,,장한평자동차
A4D5BDDEDF,서울 성동구 자동차시장1길 82.,제일**,,서울 성동구,백반/가정식,답십리,20121204,,답십리
202F736EBC,서울 성동구 자동차시장1길 90.,화목***,,서울 성동구,백반/가정식,장한평자동차,20131202,,장한평자동차
002816BA73,서울 성동구 청계천로10나길 78,자갈***********,,서울 성동구,요리주점,마장동,20140507,,마장동
9314CB7768,서울특별시 성동구 금호로 47-1,무쇠*****,,서울 성동구,한식-육류/고기,금남시장,20200313,,신금호
0A969D0884,서울특별시 성동구 금호로 48-1,계란**,,서울 성동구,일식당,,20231106,,신금호
C990B38CA7,서울특별시 성동구 금호로 76-1,부요**,,서울 성동구,베이커리,,20240529,,신금호
109684EF6A,서울특별시 성동구 금호로 80-1,올드**,,서울 성동구,양식,,20220502,,신금호
C0FFD3E7B0,서울특별시 성동구 금호로 80-1,체체*********,,서울 성동구,와인바,,20231018,,신금호
C3CE191BFB,서울특별시 성동구 금호산2길 3,미*,,서울 성동구,이자카야,금남시장,20190603,,금남시장
501AEDAE3D,서울특별시 성동구 금호산2길 5,스쿨**********,분식11,서울 성동구,분식,금남시장,20180129,,금남시장
1AA954C0A3,서울특별시 성동구 금호산2길 8,금성**,,서울 성동구,백반/가정식,금남시장,20210810,,금남시장
5970C28B1D,서울특별시 성동구 금호산길 10,33****,,서울 성동구,마카롱,금남시장,20221117,,신금호
98C0A088C7,서울특별시 성동구 금호산길 16,백설*******,,서울 성동구,농산물,금남시장,20230407,,신금호
D88940EE2F,서울특별시 성동구 금호산길 42,서박*****,,서울 성동구,한식-찌개/전골,신금호,20190410,,신금호
E34A466260,서울특별시 성동구 금호산길 49,박여*****,,서울 성동구,한식-감자탕,신금호,20200304,,신금호
D64DEC08B9,서울특별시 성동구 금호산길 55,나들*,,서울 성동구,한식-단품요리일반,신금호,20230901,,신금호
9E60F0517D,서울특별시 성동구 금호산길 59,공들***,,서울 성동구,반찬,신금호,20171106,,신금호
E811B2836B,서울특별시 성동구 금호산길 59,도스***,기타세계요리2,서울 성동구,기타세계요리,신금호,20200326,,신금호
A7B5BBED77,서울특별시 성동구 금호산길 65,등촌*****,한식-국수/만두4,서울 성동구,한식-국수/만두,신금호,20240618,,신금호
35A4AA3FB1,서울특별시 성동구 금호산길 67,와플**********,베이커리8,서울 성동구,베이커리,신금호,20220607,,신금호
235801F5F3,서울특별시 성동구 금호산길 71,초능******,,서울 성동구,일식당,신금호,20240201,,신금호
7D812F3CC3,서울특별시 성동구 금호산길 71,메가***********,커피전문점2,서울 성동구,커피전문점,신금호,20230104,,신금호
5E180A9A93,서울특별시 성동구 금호산길 71,죠스*************,,서울 성동구,아이스크림/빙수,신금호,20220316,,신금호
885A9CCE76,서울특별시 성동구 둘레11길 26,모어******,,서울 성동구,와인바,성수,20210630,,성수
BE39038248,서울특별시 성동구 둘레15길 11,일호*,,서울 성동구,베이커리,성수,20221012,,성수
E0F74B2307,서울특별시 성동구 둘레15길 11,바아******,,서울 성동구,한식-단품요리일반,성수,20231005,,성수
9194148F99,서울특별시 성동구 둘레9가길 9,도믹*,,서울 성동구,양식,성수,20190215,,성수
0305234DDB,서울특별시 성동구 둘레9나길 7,이디**********,,서울 성동구,식료품,성수,20170830,,성수
E254F12E10,서울특별시 성동구 뚝섬로3길 9,치즈****,,서울 성동구,샌드위치/토스트,성수,20210311,,성수
FD2188337A,서울특별시 성동구 뚝섬로4길 5,한*,,서울 성동구,한식-육류/고기,성수,20180214,,성수
0C074FD60A,서울특별시 성동구 뚝섬로7길 6,사운*******,,서울 성동구,카페,성수,20231102,,성수
8A38507519,서울특별시 성동구 뚝섬로7길 6,키*,,서울 성동구,일식당,성수,20230406,,성수
9C19A99FAE,서울특별시 성동구 뚝섬로7길 6,포포**,,서울 성동구,일반 유흥주점,성수,20241108,,성수
425547857A,서울특별시 성동구 뚝섬로9길 3,우시****,,서울 성동구,한식-육류/고기,성수,20211214,,성수
8ACF85E477,서울특별시 성동구 뚝섬로9길 8,강*,,서울 성동구,양식,성수,20230712,,성수
2E344F415F,서울특별시 성동구 뚝섬로9길 8,강별********,,서울 성동구,양식,성수,20240828,,성수
F24E9532C3,서울특별시 성동구 마조로 15-2,역전*********,호프/맥주5,서울 성동구,호프/맥주,한양대,20231017,,한양대
E2AFB2BDCB,서울특별시 성동구 마조로 15-3,싸구***,,서울 성동구,포장마차,한양대,20210624,,한양대
D1DF607320,서울특별시 성동구 마조로 15-3,마을**,,서울 성동구,한식-단품요리일반,한양대,20180418,,한양대
73623D09A9,서울특별시 성동구 마조로 15-6,불닭****************,분식7,서울 성동구,분식,한양대,20221021,,한양대
B919F9B2D5,서울특별시 성동구 마조로 15-8,여우**,,서울 성동구,요리주점,한양대,20210527,,한양대
8FD5E8CD5C,서울특별시 성동구 마조로1길 2,올끼************,,서울 성동구,백반/가정식,한양대,20240417,,한양대
F11C32EC58,서울특별시 성동구 마조로3길 5,대*,,서울 성동구,요리주점,한양대,20240517,,한양대
4BC0ED1667,서울특별시 성동구 마조로3길 6,멘푸*,,서울 성동구,일식당,한양대,20240206,,한양대
6BCA53C20A,서울특별시 성동구 마조로3길 6,마쿠***,,서울 성동구,중식당,한양대,20180725,,한양대
BBEBA8E04B,서울특별시 성동구 마조로3길 7,이돈*,,서울 성동구,한식-찌개/전골,한양대,20161025,,한양대
0E7F1F5130,서울특별시 성동구 마조로3길 8,소*,,서울 성동구,카페,한양대,20200421,,한양대
2FEF6803AC,서울특별시 성동구 마조로3길 8,끄트***,,서울 성동구,한식-육류/고기,한양대,20190821,,한양대
593875841D,서울특별시 성동구 마조로3길 8,벙커********,,서울 성동구,한식-단품요리일반,한양대,20200306,,한양대
13F02B91F6,서울특별시 성동구 마조로3길 9,그*,,서울 성동구,카페,한양대,20220519,,한양대
0C67B8EDCF,서울특별시 성동구 마조로3길 9,히토****,,서울 성동구,일식-우동/소바/라면,한양대,20180112,,한양대
4F7FF335EF,서울특별시 성동구 마조로5길 4,굽네**********,치킨7,서울 성동구,치킨,한양대,20220418,,한양대
F84E5ED7D7,서울특별시 성동구 마조로5길 4,노가***,룸살롱/단란주점1,서울 성동구,룸살롱/단란주점,한양대,20190418,,한양대
E4BAFA1890,서울특별시 성동구 마조로5길 5,정태****,,서울 성동구,한식-단품요리일반,한양대,20200211,,한양대
D97D0EEBFE,서울특별시 성동구 마조로5길 6,디저*********,베이커리1,서울 성동구,베이커리,한양대,20210625,,한양대
3A07D1755D,서울특별시 성동구 마조로5길 9,잭펍*****,,서울 성동구,호프/맥주,한양대,20240422,,한양대
B14CA968AE,서울특별시 성동구 마조로5길 9,청록**********,,서울 성동구,백반/가정식,한양대,20240513,,한양대
679B13C3AD,서울특별시 성동구 마조로7길 4,스시*,,서울 성동구,일식당,한양대,20170831,,한양대
F52CC07BC8,서울특별시 성동구 마조로7길 5,갱*,,서울 성동구,요리주점,한양대,20240704,,한양대
F794B9D76C,서울특별시 성동구 마조로7길 7,더 *,,서울 성동구,한식-육류/고기,한양대,20221028,,한양대
B5A64F8167,서울특별시 성동구 마조로7길 9,군자*********,,서울 성동구,한식-육류/고기,한양대,20190905,,한양대
E368BF165D,서울특별시 성동구 마조로9길 3,유*,,서울 성동구,한식-국밥/설렁탕,한양대,20230922,,한양대
0AD9FBF8D6,서울특별시 성동구 무수막길 31,블레**,,서울 성동구,카페,금남시장,20180830,,금남시장
E00E398B70,서울특별시 성동구 무수막길 62,티바*********,치킨35,서울 성동구,치킨,신금호,20170905,,신금호
098CE4D65F,서울특별시 성동구 무수막길 84,사랑******,,서울 성동구,포장마차,신금호,20241015,,신금호
C87A5EFBD3,서울특별시 성동구 무수막길 84,할머***,,서울 성동구,한식-냉면,신금호,20180403,,신금호
3D7A63FFA7,서울특별시 성동구 무수막길 85,토핑**,,서울 성동구,양식,신금호,20200212,,신금호
1A95814825,서울특별시 성동구 무수막길 85,모모**,,서울 성동구,일식당,신금호,20240716,,신금호
500A36AF3C,서울특별시 성동구 무수막길 85,5학***************,,서울 성동구,한식-육류/고기,신금호,20171027,,신금호
C21D7968F4,서울특별시 성동구 무수막길 89,신한********,,서울 성동구,치킨,신금호,20240216,,신금호
ABD760AB85,서울특별시 성동구 무수막길 89,전잔*,,서울 성동구,한식-단품요리일반,신금호,20231229,,신금호
D709A19B89,서울특별시 성동구 무수막길 91,수제********,,서울 성동구,한식-육류/고기,신금호,20200731,,신금호
25B296A614,서울특별시 성동구 무수막길 93,골드**,,서울 성동구,축산물,신금호,20240701,,신금호
45E84CAA54,서울특별시 성동구 무수막길 94,오봉******,,서울 성동구,한식-단품요리일반,신금호,20240730,,신금호
DF809D8AFF,서울특별시 성동구 무학로 12-1,비지***********,,서울 성동구,베이커리,,20240227,,왕십리
402132957B,서울특별시 성동구 무학로 16-1,신전*************,분식12,서울 성동구,분식,,20230612,,왕십리
C1C5F1B907,서울특별시 성동구 무학로 20-5,정가***,,서울 성동구,백반/가정식,,20171128,,왕십리
C4A3CC1A88,서울특별시 성동구 무학로2길 7,보다**,,서울 성동구,한식-단품요리일반,왕십리,20200616,,왕십리
50FC72558D,서울특별시 성동구 무학로6길 4,카페***,,서울 성동구,카페,,20181211,,왕십리
9749F65AAB,서울특별시 성동구 무학로6길 7,샌드**,,서울 성동구,한식-단품요리일반,,20241127,,왕십리
63F736E9EB,서울특별시 성동구 무학봉길 35,떡도*******,,서울 성동구,떡/한과,,20200703,,왕십리
58A30B4F4D,서울특별시 성동구 무학봉길 43,비에******,치킨3,서울 성동구,치킨,,20240129,,왕십리
0C73E5FAC6,서울특별시 성동구 무학봉길 43,체온*******,,서울 성동구,인삼제품,,20241120,,왕십리
3AF3906E1E,서울특별시 성동구 무학봉길 57,슐스*****,,서울 성동구,카페,,20230328,,왕십리
A2ECEC9C8C,서울특별시 성동구 무학봉길 67,대명****,,서울 성동구,축산물,,20240809,,왕십리
6FABF4670F,서울특별시 성동구 무학봉길 67,대명****,,서울 성동구,한식-육류/고기,,20240812,,왕십리
90A64A1805,서울특별시 성동구 무학봉길 82,무프*****,,서울 성동구,베이커리,왕십리,20241206,,왕십리
5890F473D8,서울특별시 성동구 무학봉길 83,한끼**,,서울 성동구,백반/가정식,왕십리,20230706,,왕십리
02B146CDF2,서울특별시 성동구 무학봉길 83,한식**,,서울 성동구,백반/가정식,왕십리,20230706,,왕십리
62AC8476D3,서울특별시 성동구 무학봉길 87,삼호***,,서울 성동구,건강원,왕십리,20180214,,왕십리
820A26A28C,서울특별시 성동구 무학봉길 93,국대**,,서울 성동구,한식-육류/고기,왕십리,20241008,,왕십리
48A320941A,서울특별시 성동구 무학봉길 97,육*,,서울 성동구,한식-육류/고기,왕십리,20241021,,왕십리
EA5FAE889A,서울특별시 성동구 사근동8길 6,더스******,,서울 성동구,커피전문점,한양대,20190502,,한양대
B101875C3F,서울특별시 성동구 사근동9길 1,종점***,,서울 성동구,샌드위치/토스트,한양대,20240125,,한양대
07F3A46C54,서울특별시 성동구 사근동길 12,화미**,,서울 성동구,중식-훠궈/마라탕,한양대,20240108,,한양대
161833AB04,서울특별시 성동구 사근동길 18,비에************,치킨3,서울 성동구,치킨,한양대,20211208,,한양대
0BF9751673,서울특별시 성동구 사근동길 23,루루****,,서울 성동구,한식-단품요리일반,한양대,20240507,,한양대
99C504D739,서울특별시 성동구 사근동길 43,오케*******************,,서울 성동구,아이스크림/빙수,한양대,20220331,,한양대
3F033E596C,서울특별시 성동구 사근동길 53,하*,,서울 성동구,베이커리,한양대,20240711,,한양대
5183626392,서울특별시 성동구 사근동길 54,압구**********,,서울 성동구,한식-찌개/전골,한양대,20190904,,한양대
4E4FF6A584,서울특별시 성동구 사근동길 56,참진****,,서울 성동구,한식-국밥/설렁탕,한양대,20190730,20250718.0,한양대
ACA6852B94,서울특별시 성동구 사근동길 58,데일******,,서울 성동구,식료품,한양대,20230426,20250714.0,한양대
9C580867E4,서울특별시 성동구 사근동길 61,세원***,,서울 성동구,축산물,한양대,20200221,,한양대
6F17AD6277,서울특별시 성동구 사근동길 61,화이********,,서울 성동구,커피전문점,한양대,20200812,,한양대
B5E96D7BB4,서울특별시 성동구 사근동길 64,오잉********,,서울 성동구,카페,한양대,20230222,,한양대
C1CF5ADDEC,서울특별시 성동구 사근동길 65,미쳐*********,치킨22,서울 성동구,치킨,,20211207,,한양대
CF185DF6A6,서울특별시 성동구 사근동길 66,한양*********,,서울 성동구,한식-단품요리일반,한양대,20230524,,한양대
12E063A8BA,서울특별시 성동구 사근동길 67,대연*,,서울 성동구,중식당,,20190424,,한양대
A78C867800,서울특별시 성동구 사근동길 67,대연*****,,서울 성동구,중식당,,20240105,20250709.0,한양대
D17F92EAE0,서울특별시 성동구 사근동길 68,아빠*************,,서울 성동구,아이스크림/빙수,한양대,20240328,,한양대
DA258C9262,서울특별시 성동구 살곶이2길 1,마머********,,서울 성동구,양식,,20210408,,마장동
DEC108E9DF,서울특별시 성동구 살곶이길 18,뚝방**,,서울 성동구,식료품,마장동,20240613,,마장동
51E712A1A7,서울특별시 성동구 살곶이길 18,뚝방*,,서울 성동구,한식-육류/고기,마장동,20240228,,마장동
46AEC08B5A,서울특별시 성동구 상원10길 10,평이***********,,서울 성동구,분식,뚝섬,20191218,,뚝섬
C078C96A10,서울특별시 성동구 상원10길 23,피카***,,서울 성동구,카페,뚝섬,20210409,,뚝섬
F1A9A57B7B,서울특별시 성동구 상원10길 25,먼데******************,,서울 성동구,양식,뚝섬,20231114,,뚝섬
CD4D9C986E,서울특별시 성동구 상원10길 25,르셀*******,,서울 성동구,베이커리,뚝섬,20220518,,뚝섬
312F1E6B7B,서울특별시 성동구 상원12길 19,에이*********,,서울 성동구,카페,뚝섬,20221013,,뚝섬
670C37D448,서울특별시 성동구 상원12길 28,김밥**,,서울 성동구,분식,뚝섬,20210615,,뚝섬
E474B338BD,서울특별시 성동구 상원12길 30,레스***********,,서울 성동구,카페,뚝섬,20210712,,뚝섬
89DFC2D95C,서울특별시 성동구 상원12길 30,성일**,,서울 성동구,백반/가정식,뚝섬,20220718,,뚝섬
57C7DFB21A,서울특별시 성동구 상원12길 30,성수*,,서울 성동구,동남아/인도음식,뚝섬,20240823,,뚝섬
9A4D14C1AA,서울특별시 성동구 상원12길 34,60*******,치킨1,서울 성동구,치킨,뚝섬,20220518,,뚝섬
39C80568CC,서울특별시 성동구 상원12길 34,안*,,서울 성동구,한식-육류/고기,뚝섬,20241017,,뚝섬
FA9FC0963F,서울특별시 성동구 상원2길 5-5,비스***,,서울 성동구,양식,뚝섬,20170612,,뚝섬
A31F4B0838,서울특별시 성동구 상원2길 5-5,모르**,,서울 성동구,와인바,뚝섬,20200410,,뚝섬
984E520E5D,서울특별시 성동구 상원2길 5-5,오드*************,,서울 성동구,일반 유흥주점,뚝섬,20220722,,뚝섬
387BDBCD80,서울특별시 성동구 상원6가길 3,웜히*,,서울 성동구,카페,뚝섬,20220719,,뚝섬
79892ACBB1,서울특별시 성동구 상원길 38-1,메가*********,커피전문점2,서울 성동구,커피전문점,뚝섬,20220616,,뚝섬
350FB4A18B,서울특별시 성동구 상원길 47-1,와인***,,서울 성동구,주류,뚝섬,20230619,,뚝섬
FD01231FB6,서울특별시 성동구 상원길 48-1,성수****,,서울 성동구,백반/가정식,뚝섬,20230927,,뚝섬
229E67841F,서울특별시 성동구 상원길 48-1,성수***,,서울 성동구,한식-해물/생선,뚝섬,20230927,,뚝섬
94502BA9DC,서울특별시 성동구 서울숲2길 2,묘*,,서울 성동구,카페,,20190930,,성수
320A02A60D,서울특별시 성동구 서울숲2길 2,소와****,,서울 성동구,한식-육류/고기,,20230920,,성수
73DBE0BFDF,서울특별시 성동구 서울숲2길 6,산도*********,,서울 성동구,햄버거,,20221026,,성수
3DE5786D97,서울특별시 성동구 서울숲2길 8,위켄********************,,서울 성동구,카페,,20230703,,성수
8D65C5B594,서울특별시 성동구 서울숲2길 9,글레****,,서울 성동구,아이스크림/빙수,,20200310,,성수
80920DEE31,서울특별시 성동구 서울숲7길 9,퍼머*****,,서울 성동구,카페,뚝섬,20240530,,뚝섬
161867AF15,서울특별시 성동구 서울숲길 20,아이***************,,서울 성동구,베이커리,,20170420,,성수
80EC87C6D8,서울특별시 성동구 서울숲길 25,닥터**,,서울 성동구,식료품,,20190503,,성수
2AF934A41E,서울특별시 성동구 서울숲길 50,꼬모***********,,서울 성동구,카페,뚝섬,20221020,,성수
68FD248F73,서울특별시 성동구 서울숲길 55,디어****,,서울 성동구,베이커리,뚝섬,20240216,,성수
003473B465,서울특별시 성동구 서울숲길 55,바틀****************,,서울 성동구,백반/가정식,뚝섬,20190507,,성수
E9D11C9FFC,서울특별시 성동구 성덕정3길 8,브와*,,서울 성동구,와인바,성수,20230622,,성수
1164A7B9D5,서울특별시 성동구 성덕정3길 8,성수****,,서울 성동구,햄버거,성수,20211008,,성수
3B758AC2A1,서울특별시 성동구 성덕정9길 3,성수**,,서울 성동구,분식,성수,20210910,,성수
1E6E98E3FB,서울특별시 성동구 성덕정9길 8,논스*****,,서울 성동구,샌드위치/토스트,성수,20181214,,성수
09544ED347,서울특별시 성동구 성덕정9길 9,또*,,서울 성동구,포장마차,성수,20210309,,성수
DB3164F768,서울특별시 성동구 성덕정길 27,최가******,,서울 성동구,분식,,20220803,,송정동
8E6C738921,서울특별시 성동구 성덕정길 27,네네**,치킨10,서울 성동구,치킨,,20171205,,송정동
FD3AE857A6,서울특별시 성동구 성덕정길 32,후라*********,치킨40,서울 성동구,치킨,성수,20161012,,송정동
0E5900ADFC,서울특별시 성동구 성덕정길 39,성공*******,,서울 성동구,호프/맥주,성수,20200421,,송정동
857B7267B0,서울특별시 성동구 성덕정길 42,조프****,,서울 성동구,베이커리,성수,20190611,,송정동
79D7D3DBF2,서울특별시 성동구 성덕정길 44,일*,,서울 성동구,한식-단품요리일반,성수,20201119,,송정동
8ED8FEB618,서울특별시 성동구 성덕정길 47,기댈*,,서울 성동구,아이스크림/빙수,성수,20230522,,송정동
699C421ABB,서울특별시 성동구 성덕정길 48,공릉**********,한식-국수/만두2,서울 성동구,한식-국수/만두,성수,20220204,,송정동
B4760EE910,서울특별시 성동구 성덕정길 56,스태*,,서울 성동구,호프/맥주,성수,20230303,,송정동
768E71CF20,서울특별시 성동구 성덕정길 57,플란**********,,서울 성동구,샌드위치/토스트,성수,20240805,,송정동
B90AD96CF9,서울특별시 성동구 성덕정길 63,맷*,,서울 성동구,양식,성수,20230411,,송정동
51BEB72D68,서울특별시 성동구 성덕정길 65,국보*,,서울 성동구,백반/가정식,성수,20200228,,송정동
8C96D7ED90,서울특별시 성동구 성덕정길 66,까사*****,,서울 성동구,카페,성수,20210901,,송정동
CCAD277073,서울특별시 성동구 성덕정길 71,도깨*,,서울 성동구,룸살롱/단란주점,성수,20181121,,송정동
248ED10705,서울특별시 성동구 성덕정길 75,타코***,,서울 성동구,이자카야,성수,20230802,,송정동
9E02C6BC7C,서울특별시 성동구 성덕정길 76,쫄랑*****,,서울 성동구,일반 유흥주점,성수,20190813,,송정동
C8BFE622A5,서울특별시 성동구 성덕정길 78,앵무****,,서울 성동구,구내식당/푸드코트,성수,20230927,20250721.0,송정동
0DA8A07267,서울특별시 성동구 성덕정길 79,자애**,,서울 성동구,인삼제품,성수,20170517,,송정동
1F803A0080,서울특별시 성동구 성덕정길 80,진식*,,서울 성동구,백반/가정식,성수,20200827,,송정동
7F2B4924B4,서울특별시 성동구 성덕정길 82,마블*****,,서울 성동구,축산물,성수,20240516,,송정동
224FBAD80C,서울특별시 성동구 성덕정길 91,지수**,,서울 성동구,베이커리,성수,20200327,,송정동
355A49D07D,서울특별시 성동구 성덕정길 92,씨장*********,,서울 성동구,베이커리,성수,20240222,,송정동
9D837FF7F3,서울특별시 성동구 성덕정길 93,왕족*,,서울 성동구,한식-육류/고기,성수,20170911,,송정동
D29AB82613,서울특별시 성동구 성덕정길 93,내고******,,서울 성동구,한식-육류/고기,성수,20210129,,송정동
C53BCF7844,서울특별시 성동구 성덕정길 94,수제*****,,서울 성동구,한식-단품요리일반,성수,20230802,,송정동
BFDC273AED,서울특별시 성동구 성덕정길 98,언니**,,서울 성동구,커피전문점,성수,20190710,,송정동
A7882F4EF8,서울특별시 성동구 성덕정길 99,참참**,치킨29,서울 성동구,치킨,성수,20220118,,송정동
4182680D90,서울특별시 성동구 성덕정길 99,붕어***,,서울 성동구,베이커리,성수,20231208,,송정동
00803E9174,서울특별시 성동구 성수이로 18,포도****,,서울 성동구,양식,성수,20240208,,성수
770CC873E4,서울특별시 성동구 성수이로 18,글리*,,서울 성동구,카페,성수,20221025,,성수
0CD2370AA8,서울특별시 성동구 성수이로 23,호식**********,치킨38,서울 성동구,치킨,성수,20170727,,성수
A2DEC8B8B8,서울특별시 성동구 성수이로 29,양일**,,서울 성동구,식료품,성수,20171026,,성수
7B8E77F9B2,서울특별시 성동구 성수이로 30,뚝도**,,서울 성동구,한식-육류/고기,성수,20240513,,성수
49DD179441,서울특별시 성동구 성수이로 33,감닭****,,서울 성동구,한식-육류/고기,성수,20190617,,성수
9B061FC959,서울특별시 성동구 성수이로 35,홀리******,,서울 성동구,치킨,성수,20231019,,성수
BBD8478BE6,서울특별시 성동구 성수이로 35,성수******,,서울 성동구,식품 제조,성수,20221027,,성수
8150B24EAD,서울특별시 성동구 성수이로 37,신기*****,,서울 성동구,일식당,성수,20231103,,성수
48F3AA695A,서울특별시 성동구 성수이로 39,현방******,,서울 성동구,한식-육류/고기,성수,20210709,,성수
4018B532A8,서울특별시 성동구 성수이로 51,탐앤********,카페13,서울 성동구,카페,성수,20200131,,성수
F9740CF3C4,서울특별시 성동구 성수이로 51,갈*,,서울 성동구,한식-냉면,성수,20210503,,성수
0B5E2CA162,서울특별시 성동구 성수이로 51,남영*********,,서울 성동구,백반/가정식,성수,20230425,,성수
095A791091,서울특별시 성동구 성수이로 51,담소***************,한식-단품요리일반3,서울 성동구,한식-단품요리일반,성수,20220304,,성수
E4C901B00D,서울특별시 성동구 성수이로 65,성수****,,서울 성동구,중식당,성수,20190228,,성수
C07C0292B5,서울특별시 성동구 성수이로 66,더블********,,서울 성동구,식료품,성수,20230126,,성수
F0A284DA09,서울특별시 성동구 성수이로 66,기*,,서울 성동구,일식당,성수,20240308,,성수
3EA2263A90,서울특별시 성동구 성수이로 71,성수**,,서울 성동구,한식-육류/고기,성수,20210722,,성수
47B04D5AF9,서울특별시 성동구 성수이로 75,페이**,,서울 성동구,양식,성수,20220711,,성수
C1FA7755FC,서울특별시 성동구 성수이로 90,사람************,백반/가정식12,서울 성동구,백반/가정식,성수,20190529,20250729.0,성수
6DFE8B7651,서울특별시 성동구 성수일로 10,카페******************,,서울 성동구,카페,성수,20190308,,성수
40F82EA1A1,서울특별시 성동구 성수일로 10,스시**,,서울 성동구,일식당,성수,20220214,,성수
85A3A72B48,서울특별시 성동구 성수일로 10,푸라*******,한식-육류/고기29,서울 성동구,한식-육류/고기,성수,20210609,,성수
DA9FEE893A,서울특별시 성동구 성수일로 21,누메*****,,서울 성동구,양식,성수,20200302,,성수
C47DE85D62,서울특별시 성동구 성수일로 27,매*,,서울 성동구,식료품,뚝섬,20231019,,성수
966680A20F,서울특별시 성동구 성수일로 39,메가***********,커피전문점2,서울 성동구,커피전문점,뚝섬,20210319,,성수
505C1CCC24,서울특별시 성동구 성수일로 47,오레***,,서울 성동구,일식당,,20190424,,성수
102BD17A37,서울특별시 성동구 성수일로 47,더 *************,,서울 성동구,요리주점,,20191128,,성수
08336C3B85,서울특별시 성동구 성수일로 47,담소**********,한식-단품요리일반3,서울 성동구,한식-단품요리일반,,20171215,20250702.0,성수
DA4547AB2F,서울특별시 성동구 성수일로 54,풍년******,,서울 성동구,한식-육류/고기,성수,20201014,,성수
A92743CA52,서울특별시 성동구 성수일로 56,무브************,,서울 성동구,카페,성수,20200810,,성수
DADB178866,서울특별시 성동구 성수일로 77,김가***********,분식1,서울 성동구,분식,뚝섬,20181029,,성수
C7F49C4961,서울특별시 성동구 성수일로 89,제이*,,서울 성동구,카페,뚝섬,20171018,,성수
510366DAA4,서울특별시 성동구 성수일로 95,일차**,,서울 성동구,백반/가정식,뚝섬,20230628,,성수
04A4FBD34D,서울특별시 성동구 성수일로 95,턴업********,,서울 성동구,한식-단품요리일반,뚝섬,20210325,,성수
5A9FD5F5CD,서울특별시 성동구 성수일로 99,김밥**,분식4,서울 성동구,분식,뚝섬,20191122,,성수
55D6CC671E,서울특별시 성동구 성수일로 99,아로**,,서울 성동구,백반/가정식,뚝섬,20230330,,성수
590A329DB9,서울특별시 성동구 성수일로 99,소유*****,,서울 성동구,한식-단품요리일반,뚝섬,20241011,,성수
54EA8467D3,서울특별시 성동구 송정12길 13,한마***,,서울 성동구,축산물,,20230721,,송정동
C372007CE6,서울특별시 성동구 송정12길 14,신촌***,,서울 성동구,한식-단품요리일반,,20220531,,송정동
90C54E3D50,서울특별시 성동구 송정길 80-3,더 ******,,서울 성동구,베이커리,,20241119,,송정동
DA4DC755CB,서울특별시 성동구 송정길 82-3,송정**,,서울 성동구,커피전문점,,20230904,,송정동
3F3F64EAED,서울특별시 성동구 아차산로 18,어묵******,,서울 성동구,식료품,뚝섬,20220706,,건대입구
735E70DD2F,서울특별시 성동구 아차산로 42,죽이******,한식-죽3,서울 성동구,한식-죽,뚝섬,20241126,,건대입구
7A666E6612,서울특별시 성동구 아차산로 46,뚝도**,,서울 성동구,와인바,뚝섬,20221027,,건대입구
E6BF54CE96,서울특별시 성동구 아차산로 48,뚝섬******,커피전문점4,서울 성동구,커피전문점,뚝섬,20210827,,건대입구
6C3EFED516,서울특별시 성동구 아차산로 49,토마********,분식17,서울 성동구,분식,뚝섬,20220825,,건대입구
B8C1E9F4C6,서울특별시 성동구 아차산로 49,오*,,서울 성동구,카페,뚝섬,20230905,,건대입구
474B033710,서울특별시 성동구 아차산로 49,파스*******,커피전문점14,서울 성동구,커피전문점,뚝섬,20170918,,건대입구
50A34DE644,서울특별시 성동구 아차산로 49,매머***********,,서울 성동구,커피전문점,뚝섬,20201231,,건대입구
F7CED7B6BD,서울특별시 성동구 아차산로 49,밥플*****************,,서울 성동구,백반/가정식,뚝섬,20230425,,건대입구
A1DD765AC4,서울특별시 성동구 아차산로 49,오늘******,,서울 성동구,한식-찌개/전골,뚝섬,20240627,,건대입구
1B0AE78A30,서울특별시 성동구 아차산로 54,라쿵****,,서울 성동구,베이커리,뚝섬,20240517,,건대입구
BF95976F07,서울특별시 성동구 아차산로 66,파트**********,,서울 성동구,커피전문점,성수,20240314,,건대입구
202266AAE4,서울특별시 성동구 아차산로 84,쿠키*,,서울 성동구,한식-단품요리일반,성수,20220421,20250728.0,건대입구
7BB9A47821,서울특별시 성동구 아차산로 87,생강********,,서울 성동구,분식,성수,20240903,,건대입구
0050D68B18,서울특별시 성동구 아차산로 87,70**************,,서울 성동구,룸살롱/단란주점,성수,20230531,,건대입구
73FBCF7FB1,서울특별시 성동구 아차산로 92,베스****,,서울 성동구,식료품,성수,20220908,,건대입구
7FBBD87F5E,서울특별시 성동구 아차산로 92,기왕***,,서울 성동구,한식-육류/고기,성수,20190306,,건대입구
0CF7026A60,서울특별시 성동구 아차산로 92,고*,,서울 성동구,일식-덮밥/돈가스,성수,20191204,,건대입구
1025481D02,서울특별시 성동구 아차산로 96,나이*****,,서울 성동구,담배,성수,20190531,,건대입구
CB17914E57,서울특별시 성동구 아차산로 96,규카******,,서울 성동구,일식당,성수,20230821,20250716.0,건대입구
43B23BDD6B,서울특별시 성동구 아차산로 96,홍콩***********,중식당9,서울 성동구,중식당,성수,20210812,,건대입구
180F6A644D,서울특별시 성동구 아차산로 96,컴포********,커피전문점11,서울 성동구,커피전문점,성수,20190507,,건대입구
9B39FC5C56,서울특별시 성동구 아차산로 96,광장**,,서울 성동구,한식-육류/고기,성수,20190909,,건대입구
6F46C2ECBD,서울특별시 성동구 아차산로 96,보승*******,,서울 성동구,한식-국밥/설렁탕,성수,20240816,,건대입구
10320FAE94,서울특별시 성동구 아차산로 97,투파********,,서울 성동구,양식,성수,20221125,,건대입구
96CC46E113,서울특별시 성동구 연무장1길 7,따우******,,서울 성동구,카페,성수,20240730,,성수
404C43C6FA,서울특별시 성동구 연무장3길 3,마야******,,서울 성동구,양식,성수,20240626,,성수
2445E4D19D,서울특별시 성동구 연무장3길 6,로우*,,서울 성동구,카페,성수,20180703,,성수
108EC801B1,서울특별시 성동구 연무장7길 4,성수******,,서울 성동구,한식-감자탕,성수,20170424,,성수
9A37DEDA8A,서울특별시 성동구 연무장7길 4,소문**************,,서울 성동구,한식-감자탕,성수,20220829,,성수
C950C04B17,서울특별시 성동구 연무장7길 5,노다*,,서울 성동구,식료품,성수,20190524,,성수
B671472E12,서울특별시 성동구 연무장7길 7,토원****,,서울 성동구,백반/가정식,성수,20190821,,성수
A1B1D7C33E,서울특별시 성동구 연무장7길 7,핵밥****,,서울 성동구,일식-덮밥/돈가스,성수,20231129,,성수
56AB36BDAF,서울특별시 성동구 연무장7길 8,메탈***,,서울 성동구,카페,성수,20230809,,성수
A3298F3389,서울특별시 성동구 연무장9길 4,태*,,서울 성동구,백반/가정식,성수,20240708,,성수
3B2E13DA95,서울특별시 성동구 연무장9길 4,디엑*********,,서울 성동구,한식-단품요리일반,성수,20230329,,성수
E5B4CAB28C,서울특별시 성동구 연무장9길 6,핌피***,,서울 성동구,양식,성수,20240419,,성수
37AA28CAF8,서울특별시 성동구 연무장9길 6,스테*,,서울 성동구,카페,성수,20210909,,성수
6958CB3DC0,서울특별시 성동구 연무장길 12,이로*,,서울 성동구,이자카야,성수,20190409,,성수
B8D4C536C4,서울특별시 성동구 연무장길 12,뮤직******,,서울 성동구,한식-단품요리일반,성수,20240311,,성수
FC4D2DC52C,서울특별시 성동구 연무장길 14,롤앤*,,서울 성동구,기타세계요리,성수,20230711,,성수
19C9B789DA,서울특별시 성동구 연무장길 18,이오*,,서울 성동구,양식,성수,20200729,,성수
23F50506A9,서울특별시 성동구 연무장길 20,칸토*******,,서울 성동구,한식-단품요리일반,성수,20200120,,성수
2A4B681277,서울특별시 성동구 연무장길 38,기러******,,서울 성동구,양식,성수,20220228,,성수
F6B42598BE,서울특별시 성동구 연무장길 44,길동**,,서울 성동구,일식-우동/소바/라면,성수,20180723,,성수
D5D64A7CE8,서울특별시 성동구 연무장길 50,초이*******,,서울 성동구,일식당,성수,20230420,,성수
8D4E12726C,서울특별시 성동구 연무장길 54,소프**,,서울 성동구,아이스크림/빙수,성수,20230421,,성수
680E102527,서울특별시 성동구 연무장길 60,헤이**,,서울 성동구,피자,성수,20190104,,성수
0B08F64E3F,서울특별시 성동구 연무장길 60,32******,,서울 성동구,요리주점,성수,20170615,,성수
3183771CC5,서울특별시 성동구 연무장길 60,성수**,,서울 성동구,한식-국수/만두,성수,20231122,,성수
693A6576E9,서울특별시 성동구 연무장길 76,매머**************,,서울 성동구,커피전문점,성수,20210205,,성수
335B38273C,서울특별시 성동구 연무장길 81,아쿠***************,,서울 성동구,카페,성수,20210615,,성수
434671439E,서울특별시 성동구 연무장길 81,러프**,,서울 성동구,카페,성수,20211019,,성수
895BBD5C5B,서울특별시 성동구 연무장길 84,퍼프************,,서울 성동구,카페,,20230523,,성수
C3BF4915D5,서울특별시 성동구 연무장길 94,칠칠********************,,서울 성동구,양식,,20220411,,성수
7A29E2FB9F,서울특별시 성동구 연무장길 94,로우*****,,서울 성동구,커피전문점,,20200611,,성수
6667AD4338,서울특별시 성동구 왕십리로 16,대흥*****,,서울 성동구,한식-육류/고기,,20191129,,왕십리
2CB43F0D78,서울특별시 성동구 왕십리로 50,삼청********,,서울 성동구,한식-단품요리일반,,20230518,,왕십리
C3D51FA850,서울특별시 성동구 왕십리로 58,소랑**,,서울 성동구,양식,,20200818,,왕십리
32425BE27F,서울특별시 성동구 왕십리로 58,도쎄***,,서울 성동구,양식,,20210712,20230530.0,왕십리
43A4217D54,서울특별시 성동구 왕십리로 58,도쎄***,,서울 성동구,양식,,20230530,,왕십리
B162012869,서울특별시 성동구 왕십리로 58,스낵****,,서울 성동구,일식당,,20230816,,왕십리
B021B15DA5,서울특별시 성동구 왕십리로 58,프랭*********,,서울 성동구,햄버거,,20240701,,왕십리
936ABF3C7F,서울특별시 성동구 왕십리로 58,육*,,서울 성동구,한식-육류/고기,,20240104,,왕십리
9A27CDDD2A,서울특별시 성동구 왕십리로 64,서울******,,서울 성동구,커피전문점,,20200423,,왕십리
FAB0188A01,서울특별시 성동구 왕십리로 66,비엔************,카페6,서울 성동구,카페,,20200217,,왕십리
D5845DCD06,서울특별시 성동구 왕십리로 84,멀티*******,,서울 성동구,커피전문점,뚝섬,20230829,,뚝섬
95697BBAEC,서울특별시 성동구 왕십리로 94,배스**********,아이스크림/빙수1,서울 성동구,아이스크림/빙수,뚝섬,20241114,,뚝섬
B5985767EC,서울특별시 성동구 용답15길 14,용답**,,서울 성동구,농산물,답십리,20230207,,답십리
E9CCC6C53D,서울특별시 성동구 용답15길 14,용답*****,,서울 성동구,식료품,답십리,20190723,,답십리
9FF4B1EA10,서울특별시 성동구 용답19길 10,미스********,,서울 성동구,일식당,답십리,20240618,,용답
0AF7BD60A5,서울특별시 성동구 용답19길 11,카페***,,서울 성동구,카페,답십리,20200928,,용답
DBC4830070,서울특별시 성동구 용답19길 12,경성*******,,서울 성동구,요리주점,답십리,20240607,,용답
811C8862F1,서울특별시 성동구 용답19길 13,코다******,,서울 성동구,한식-단품요리일반,답십리,20200824,,용답
50E5564482,서울특별시 성동구 용답19길 14,목포**,,서울 성동구,백반/가정식,답십리,20191029,,용답
5840B960CE,서울특별시 성동구 용답19길 15,인생***,,서울 성동구,치킨,답십리,20200428,,용답
2B2AD47693,서울특별시 성동구 용답19길 17,김뚜************,,서울 성동구,한식-찌개/전골,답십리,20240821,,용답
420DCCAD41,서울특별시 성동구 용답19길 18,양평***,한식-국밥/설렁탕9,서울 성동구,한식-국밥/설렁탕,답십리,20200623,,용답
A1886B3C8E,서울특별시 성동구 용답23길 19,컨티*************************,,서울 성동구,카페,답십리,20220728,20250801.0,답십리
61574AF3E1,서울특별시 성동구 용답25길 22,공유************,,서울 성동구,카페,답십리,20220816,20250107.0,답십리
B64B92DCCE,서울특별시 성동구 용답25길 27,사이*************,,서울 성동구,식료품,답십리,20230329,,답십리
36BBE40E4D,서울특별시 성동구 용답29길 15,나으*,,서울 성동구,백반/가정식,답십리,20171101,,답십리
4076B62091,서울특별시 성동구 용답29길 19,또봉***,치킨17,서울 성동구,치킨,답십리,20240425,,답십리
F8EB6EC7ED,서울특별시 성동구 용답29길 26,용답**,,서울 성동구,호프/맥주,답십리,20231025,,답십리
C068094A9E,서울특별시 성동구 용답29길 26,불티**,,서울 성동구,한식-육류/고기,답십리,20220707,,답십리
A364FF986F,서울특별시 성동구 용답29길 32,한스****************,,서울 성동구,일반 유흥주점,답십리,20240509,,답십리
36E3A686C1,서울특별시 성동구 장터5가길 6,코코***,,서울 성동구,카페,금남시장,20211019,,금남시장
95E0DF59CC,서울특별시 성동구 장터5길 9-1,키친***************,,서울 성동구,양식,금남시장,20191128,,금남시장
2D1CF66EC7,서울특별시 성동구 장터길 13-1,오남***,,서울 성동구,한식-육류/고기,,20171110,,금남시장
BE122C35E1,서울특별시 성동구 장터길 13-1,이유**********,,서울 성동구,한식-단품요리일반,,20230307,,금남시장
502C539374,서울특별시 성동구 장터길 14-1,좋은*******,,서울 성동구,카페,,20200914,,금남시장
14B24AF78E,서울특별시 성동구 장터길 14-2,먼치*,,서울 성동구,햄버거,,20201112,,금남시장
4546CB7E88,서울특별시 성동구 장터길 15-2,금호****,,서울 성동구,요리주점,,20230331,,금남시장
4A46FE0E71,서울특별시 성동구 장터길 17-1,돈*,,서울 성동구,양식,,20230405,,금남시장
5AD0940FDD,서울특별시 성동구 장터길 17-2,백억*******,,서울 성동구,카페,,20231107,,금남시장
4FAFEFC9D2,서울특별시 성동구 장터길 21-1,퇴근***,,서울 성동구,요리주점,,20171117,,금남시장
AF043B6773,서울특별시 성동구 장터길 22-2,춘리*********,,서울 성동구,중식당,금남시장,20230323,,금남시장
1BC191ACDA,서울특별시 성동구 장터길 27-1,베쌀*,,서울 성동구,동남아/인도음식,금남시장,20171123,,금남시장
24CE0F822B,서울특별시 성동구 장터길 27-2,쉼*,,서울 성동구,양식,금남시장,20190508,,금남시장
11917ED05B,서울특별시 성동구 장터길 27-2,백채*****,한식-찌개/전골1,서울 성동구,한식-찌개/전골,금남시장,20180611,,금남시장
37EDF0B2C1,서울특별시 성동구 장터길 28-1,쿠*,,서울 성동구,이자카야,금남시장,20190715,,금남시장
11191365FD,서울특별시 성동구 장터길 29-1,목화**,,서울 성동구,카페,금남시장,20181120,,금남시장
52E7464F5E,서울특별시 성동구 장터길 29-1,올레*******,,서울 성동구,호프/맥주,금남시장,20241023,,금남시장
C719A39BCF,서울특별시 성동구 장터길 30-1,다락*,,서울 성동구,요리주점,금남시장,20170504,,금남시장
AE732EF39B,서울특별시 성동구 장터길 35-1,쿨*,,서울 성동구,요리주점,금남시장,20190125,,금남시장
F0334CCD5D,서울특별시 성동구 장터길 35-1,큰집*******,,서울 성동구,포장마차,금남시장,20181120,,금남시장
B2672BB7CB,서울특별시 성동구 장터길 36-2,경성**,,서울 성동구,한식-육류/고기,금남시장,20240822,,금남시장
9C602C8E96,서울특별시 성동구 장터길 37-1,주당**,,서울 성동구,요리주점,금남시장,20221024,,금남시장
77CCF7C070,서울특별시 성동구 장터길 38-1,동네**,,서울 성동구,한식-해물/생선,금남시장,20200610,,금남시장
4BCCEFE9EE,서울특별시 성동구 장터길 38-1,마라******,,서울 성동구,중식-훠궈/마라탕,금남시장,20210129,,금남시장
3D35397FAB,서울특별시 성동구 장터길 41-1,호주*********,,서울 성동구,건강식품,금남시장,20241209,,금남시장
499F3ECFD7,서울특별시 성동구 장터길 43-2,오늘****,,서울 성동구,한식-단품요리일반,금남시장,20220509,20250714.0,금남시장
0E46A72EBB,서울특별시 성동구 장터길 43-3,땅스********,,서울 성동구,한식-단품요리일반,금남시장,20201007,,금남시장
785B99118A,서울특별시 성동구 장터길 44-2,오츠**,,서울 성동구,이자카야,금남시장,20210319,,금남시장
809AD8FA0F,서울특별시 성동구 장터길 45-1,계동*****,치킨5,서울 성동구,치킨,금남시장,20181016,,금남시장
8C8645E2B5,서울특별시 성동구 한림말3길 2,데비*******,,서울 성동구,일반 유흥주점,옥수,20220114,,옥수
A9897F7C55,서울특별시 성동구 한림말길 24,옥수*****,,서울 성동구,주스,옥수,20240604,,옥수
8BFDD0339E,서울특별시 성동구 한림말길 31,카페*******,,서울 성동구,카페,옥수,20231124,,옥수
BC088F9E92,서울특별시 성동구 한림말길 31,동보*,,서울 성동구,중식당,옥수,20190610,,옥수
E684B115A0,서울특별시 성동구 한림말길 31,우주**,,서울 성동구,백반/가정식,옥수,20210927,,옥수
3481C0108F,서울특별시 성동구 한림말길 33,옥수**,,서울 성동구,일식-참치회,옥수,20170913,,옥수
D87CAF8855,서울특별시 성동구 한림말길 37,옥수*****,,서울 성동구,분식,옥수,20240906,,옥수
239B67CD70,서울특별시 성동구 한림말길 37,한남****,,서울 성동구,일식-초밥/롤,옥수,20240207,,옥수
EFC23E5401,서울특별시 성동구 한림말길 48,오하****,,서울 성동구,베이커리,옥수,20170331,,옥수
B7958D77E3,서울특별시 성동구 한림말길 56,포몬*****,동남아/인도음식5,서울 성동구,동남아/인도음식,옥수,20200630,,옥수
8E1FCF09CD,서울특별시 성동구 행당로1길 7,남도*********,,서울 성동구,분식,,20230220,,행당
73EAEB36C5,서울특별시 성동구 행당로1길 7,스윗***,,서울 성동구,식료품,,20201224,,행당
3D972997F9,서울특별시 성동구 행당로1길 7,국가****,,서울 성동구,백반/가정식,,20200723,,행당
3C76B0425D,서울특별시 성동구 행당로1길 7,전기****,,서울 성동구,한식-단품요리일반,,20230803,,행당
178A3B9A58,서울특별시 성동구 행당로1길 8,달꽃*,,서울 성동구,농산물,,20230113,,행당
A2D9C941A9,서울특별시 성동구 행당로5길 2,메가***********,커피전문점2,서울 성동구,커피전문점,,20220823,,행당
24B47BE5E4,서울특별시 성동구 행당로8길 3,TH********,,서울 성동구,아이스크림/빙수,행당,20180612,,행당
768A5CD0A0,서울  성동구  독서당로40길  39,육연*,,서울 성동구,한식-단품요리일반,옥수,20120816,,옥수
DB794CF0E3,서울  성동구  마장로29길  46-1,빅토***,,서울 성동구,분식,마장동,20060105,,마장동
3C918D8F6A,서울  성동구  성수일로11길  11,동치*,,서울 성동구,한식-찌개/전골,뚝섬,20120423,,성수
C8ECC49AA2,서울  성동구  성수일로12길  34,성수**,,서울 성동구,한식-해물/생선,성수,20120321,,성수
6F49465F62,서울  성동구  왕십리로24길  29,옛날****,,서울 성동구,농산물,왕십리,20120924,,왕십리
03360C97C5,서울  성동구  용답중앙11길  20,레벤**,,서울 성동구,호프/맥주,답십리,20120607,,답십리
1DF52E7C5F,서울  성동구  용답중앙15길  16,배스****,아이스크림/빙수1,서울 성동구,아이스크림/빙수,답십리,20120523,,용답
38277AF289,서울 성동구 고산자로24길 14-2.,제인**,,서울 성동구,축산물,마장동,20091109,,왕십리
946258597D,서울 성동구 고산자로24길 14-2.,신숯***,,서울 성동구,한식-육류/고기,마장동,20151229,,왕십리
EC8722B2DA,서울 성동구 광나루로11길 14-1.,꾸리**,,서울 성동구,베이커리,,20110926,,뚝섬
0A6388B8A5,서울 성동구 광나루로2길 34-17.,슬로*******,,서울 성동구,피자,성수,20130529,,뚝섬
3864418FCC,서울 성동구 독서당로46가길 28.,노컷******************,,서울 성동구,백반/가정식,금남시장,20181029,,옥수
16C1722BC0,서울 성동구 독서당로51길 23-1.,디무*********,,서울 성동구,양식,,20151020,,옥수
2F35E163EB,서울 성동구 마장로27가길 27-6.,촬*,,서울 성동구,한식-육류/고기,,20090427,,마장동
1ED630331D,서울 성동구 마장로27가길 27-6.,송가******,,서울 성동구,한식-육류/고기,,20130130,,마장동
5099D60AF1,서울 성동구 성수일로12길 16-1.,남원******,,서울 성동구,한식-국밥/설렁탕,성수,20130111,,성수
925AC1B723,서울 성동구 아차산로17길 14-1.,뽀식**,,서울 성동구,백반/가정식,,20160610,,건대입구
2C1B90C392,서울 성동구 왕십리로10길 19-2.,레타*********,,서울 성동구,한식-단품요리일반,뚝섬,20200602,,뚝섬
8177FA0EF1,서울 성동구 왕십리로14길 12-1.,카페**,,서울 성동구,카페,뚝섬,20161012,,뚝섬
28DC0855AC,서울 성동구 왕십리로14길 22-2.,비밀****,,서울 성동구,카페,뚝섬,20150330,,뚝섬
7EE617798C,서울 성동구 왕십리로14길 26-2.,자금*,,서울 성동구,중식당,뚝섬,20161208,,뚝섬
FEBEA35A73,서울 성동구 왕십리로24길 10-1.,조박****,,서울 성동구,한식-육류/고기,왕십리,20060310,,왕십리
A107D94EC1,서울 성동구 왕십리로24길 13-1.,만*,,서울 성동구,호프/맥주,왕십리,20140724,,왕십리
DA7C0F3255,서울 성동구 왕십리로24길 16-1.,성식******,,서울 성동구,한식-육류/고기,,20140822,,왕십리
0255C174CC,서울 성동구 왕십리로24나길 10.,달구*,,서울 성동구,한식-육류/고기,왕십리,20140915,,왕십리
67309EAD75,서울 성동구 왕십리로28길 28-1.,떡세*,,서울 성동구,백반/가정식,,20201005,,왕십리
20BF89EDFA,서울 성동구 왕십리로31가길 31.,산수*******,,서울 성동구,한식-해물/생선,,20091223,,왕십리
B51D3CC6E0,서울 성동구 왕십리로31나길 24.,어울**,,서울 성동구,백반/가정식,,20161027,,왕십리
1710309E11,서울 성동구 왕십리로31나길 33.,24*********,,서울 성동구,카페,,20170629,,왕십리
2143174547,서울 성동구 용답중앙13길 15-1.,슬로***,,서울 성동구,카페,답십리,20141125,,답십리
83452EE395,서울 성동구 용답중앙15길 10-1.,하노********,,서울 성동구,요리주점,답십리,20160706,,용답
45D355879A,서울 성동구 용답중앙15길 15-6.,스시**,,서울 성동구,일식당,,20231107,,용답
0FA542A8DB,서울 성동구 자동차시장1길 70 .,대지**,,서울 성동구,카페,장한평자동차,20190625,,장한평자동차
9042A5401C,서울 성동구 자동차시장1길 96 .,비바***,,서울 성동구,카페,장한평자동차,20181004,20250806.0,장한평자동차
74E2CC9A6B,서울특별시 성동구 고산자로 130,블랙**,,서울 성동구,카페,,20240409,,왕십리
8F2E3CF4D7,서울특별시 성동구 고산자로 164,순한****,,서울 성동구,축산물,,20191209,,왕십리
00646B6673,서울특별시 성동구 고산자로 164,봉밀******,,서울 성동구,한식-냉면,,20220106,,왕십리
C174E3CA47,서울특별시 성동구 고산자로 177,깜닭**,치킨9,서울 성동구,치킨,,20240528,,왕십리
A9B8207363,서울특별시 성동구 고산자로 177,드립*****,,서울 성동구,카페,,20230719,,왕십리
4BA019BAEF,서울특별시 성동구 고산자로 177,케키*******,,서울 성동구,식료품,,20240129,,왕십리
82FE8B6C05,서울특별시 성동구 고산자로 177,한우***,,서울 성동구,한식-육류/고기,,20180626,,왕십리
EB0EDEEF49,서울특별시 성동구 고산자로 177,형제**,,서울 성동구,한식-육류/고기,,20230214,,왕십리
153D5AC634,서울특별시 성동구 고산자로 194,포케*******,,서울 성동구,기타세계요리,,20231129,,왕십리
B638F301B1,서울특별시 성동구 고산자로 197,무학********,,서울 성동구,식료품,행당,20240604,,왕십리
730E4C7574,서울특별시 성동구 고산자로 198,홍연********,,서울 성동구,한식-단품요리일반,왕십리,20240507,20250728.0,왕십리
975338EB45,서울특별시 성동구 고산자로 201,맘스*******,햄버거2,서울 성동구,햄버거,왕십리,20210531,,왕십리
ACEE39AB64,서울특별시 성동구 고산자로 201,복호******,,서울 성동구,베이커리,왕십리,20240115,,왕십리
56CE6776C6,서울특별시 성동구 고산자로 212,구내**,,서울 성동구,구내식당/푸드코트,왕십리,20220920,,왕십리
066E49F118,서울특별시 성동구 고산자로 234,키즈***,,서울 성동구,인삼제품,왕십리,20201217,,왕십리
0220D6AA93,서울특별시 성동구 고산자로 253,프롬***************,카페14,서울 성동구,카페,왕십리,20170704,,왕십리
21A130787D,서울특별시 성동구 고산자로 275,플러**********,,서울 성동구,카페,왕십리,20240801,,왕십리
26034FF5B2,서울특별시 성동구 고산자로 277,도선**,,서울 성동구,백반/가정식,왕십리,20231213,,왕십리
8D1EB6E432,서울특별시 성동구 고산자로 281,제일***,,서울 성동구,한식-육류/고기,왕십리,20230609,,왕십리
FDAA673A8F,서울특별시 성동구 고산자로 281,제일**,,서울 성동구,한식-찌개/전골,왕십리,20170216,,왕십리
557D0AECD2,서울특별시 성동구 고산자로 284,하얀****,,서울 성동구,분식,왕십리,20170614,,왕십리
2C2BF9EB44,서울특별시 성동구 고산자로 284,매머*********,카페4,서울 성동구,카페,왕십리,20241011,,왕십리
CDF016103F,서울특별시 성동구 고산자로 284,정육***,,서울 성동구,축산물,왕십리,20210106,,왕십리
8221C4D066,서울특별시 성동구 고산자로 284,봉평*******,,서울 성동구,한식-국수/만두,왕십리,20180724,,왕십리
B93D0BD7EA,서울특별시 성동구 고산자로 284,마장**,,서울 성동구,한식-육류/고기,왕십리,20240930,,왕십리
46F56D0D63,서울특별시 성동구 고산자로 293,메가************,커피전문점2,서울 성동구,커피전문점,왕십리,20220519,,왕십리
81135EEC23,서울특별시 성동구 고산자로 293,배들**,,서울 성동구,한식-찌개/전골,왕십리,20190705,,왕십리
1674C40960,서울특별시 성동구 고산자로 294,하이*****,,서울 성동구,한식-육류/고기,왕십리,20210406,,왕십리
3573438877,서울특별시 성동구 고산자로 297,문토******,,서울 성동구,이자카야,왕십리,20241122,,왕십리
FA5BFF2F5E,서울특별시 성동구 고산자로 297,한우**,,서울 성동구,한식-육류/고기,왕십리,20230607,,왕십리
ED7C41B517,서울특별시 성동구 고산자로 297,왕십****,,서울 성동구,한식-육류/고기,왕십리,20231108,,왕십리
6384E450BD,서울특별시 성동구 고산자로 299,조교**,,서울 성동구,한식뷔페,왕십리,20240403,,왕십리
26D174D6A5,서울특별시 성동구 고산자로 304,경성***,,서울 성동구,한식-육류/고기,,20190401,,왕십리
5159C627D2,서울특별시 성동구 고산자로 306,서울**,,서울 성동구,분식,,20170208,,왕십리
D6C06FDF89,서울특별시 성동구 고산자로 306,인디**,,서울 성동구,호프/맥주,,20170512,,왕십리
8C6E34858D,서울특별시 성동구 고산자로 308,플래*****************,,서울 성동구,한식-단품요리일반,,20180525,,왕십리
E9FD5A6490,서울특별시 성동구 고산자로 337,전라***,,서울 성동구,한식-단품요리일반,마장동,20211208,,왕십리
AB68D92311,서울특별시 성동구 고산자로 339,비비*******,치킨2,서울 성동구,치킨,마장동,20240701,,왕십리
8839A42F11,서울특별시 성동구 고산자로 341,야시****,,서울 성동구,룸살롱/단란주점,마장동,20181011,,왕십리
14AAC1149B,서울특별시 성동구 고산자로 349,덕성**,,서울 성동구,축산물,마장동,20161005,,왕십리
BDB8AA2BA9,서울특별시 성동구 고산자로 354,마장**,,서울 성동구,식료품,마장동,20230626,,왕십리
A4CF81DD03,서울특별시 성동구 고산자로 354,손건********,,서울 성동구,한식-육류/고기,마장동,20230421,,왕십리
EDB32887DE,서울특별시 성동구 광나루로 130,윤스**,,서울 성동구,분식,뚝섬,20180329,,뚝섬
DA5B732423,서울특별시 성동구 광나루로 130,셀렉***********,커피전문점5,서울 성동구,커피전문점,뚝섬,20180420,,뚝섬
44544F2DCE,서울특별시 성동구 광나루로 130,밥플********,,서울 성동구,백반/가정식,뚝섬,20230713,,뚝섬
EE4985D57B,서울특별시 성동구 광나루로 144,도그**,,서울 성동구,도너츠,뚝섬,20230926,,뚝섬
1DBC834628,서울특별시 성동구 광나루로 144,커피**************,,서울 성동구,커피전문점,뚝섬,20240920,,뚝섬
978A3E2554,서울특별시 성동구 광나루로 144,조양**,,서울 성동구,백반/가정식,뚝섬,20230228,,뚝섬
E4E1737501,서울특별시 성동구 광나루로 152,파티*****,,서울 성동구,베이커리,뚝섬,20220111,,뚝섬
B3DAD00A6C,서울특별시 성동구 광나루로 229,서브***********************,,서울 성동구,카페,성수,20240923,,뚝섬
F200A12359,서울특별시 성동구 광나루로 233,신가*,,서울 성동구,한식-단품요리일반,성수,20230802,20250821.0,뚝섬
203FEED90F,서울특별시 성동구 광나루로 289,당*,,서울 성동구,한식-단품요리일반,,20240416,,뚝섬
5866051D91,서울특별시 성동구 광나루로 290,신신*,,서울 성동구,중식당,,20180608,,뚝섬
EAA6C3BAD2,서울특별시 성동구 광나루로 290,장맛****,,서울 성동구,한식-국수/만두,,20190517,,뚝섬
544E8A51CC,서울특별시 성동구 광나루로 291,김앤*,,서울 성동구,분식,,20170911,,뚝섬
A50A5265C1,서울특별시 성동구 광나루로 291,스윗***,,서울 성동구,카페,,20221201,,뚝섬
54048E2190,서울특별시 성동구 광나루로 302,오늘***,,서울 성동구,일식당,,20240313,,뚝섬
F7E9A69F8D,서울특별시 성동구 광나루로 302,테크******,,서울 성동구,커피전문점,,20240207,,뚝섬
AFD6BFB090,서울특별시 성동구 광나루로 302,열*,,서울 성동구,한식-육류/고기,,20220520,,뚝섬
3FE023E09E,서울특별시 성동구 광나루로 306,브레***************,,서울 성동구,카페,,20230920,,뚝섬
C33E478AD0,서울특별시 성동구 광나루로 310,그린**,,서울 성동구,백반/가정식,,20220930,,뚝섬
9E0BA26F39,서울특별시 성동구 광나루로 313,해*,,서울 성동구,한식-해물/생선,,20171211,,뚝섬
893B7A1CDB,서울특별시 성동구 광나루로 315,왕분*,,서울 성동구,분식,,20240823,,뚝섬
ADE05152B3,서울특별시 성동구 광나루로 323,빵*,,서울 성동구,일반 유흥주점,,20241002,,뚝섬
B00E0D8C60,서울특별시 성동구 광나루로 325,족발*********,한식-육류/고기23,서울 성동구,한식-육류/고기,,20210209,,뚝섬
5B110F468D,서울특별시 성동구 광나루로 337,메가************,커피전문점2,서울 성동구,커피전문점,,20210723,,뚝섬
A787679642,서울특별시 성동구 금호로 141-1,오픈********,,서울 성동구,카페,신금호,20201103,,신금호
C5CAC5BC9E,서울특별시 성동구 금호로 141-2,설내*,,서울 성동구,식료품,신금호,20231117,,신금호
CE23799B3A,서울특별시 성동구 금호로 141-2,설내****,,서울 성동구,한식-국밥/설렁탕,신금호,20221208,,신금호
8C57DE46AA,서울특별시 성동구 금호로 148-1,라쿵********,,서울 성동구,중식당,신금호,20201118,,신금호
0507C6C859,서울특별시 성동구 금호로 148-1,가띠**,,서울 성동구,샌드위치/토스트,신금호,20230817,20250819.0,신금호
45FEE5DBC4,서울특별시 성동구 금호로13길 3,더커**************************,,서울 성동구,카페,신금호,20220728,,신금호
8CF0FD6C6A,서울특별시 성동구 금호로1길 41,청정***,,서울 성동구,한식-해물/생선,금남시장,20170725,,신금호
51D51815C2,서울특별시 성동구 금호로1길 43,스마*,,서울 성동구,백반/가정식,금남시장,20220927,,신금호
2FB0335820,서울특별시 성동구 금호산2길 13,가뱅*******,,서울 성동구,와인바,금남시장,20201013,20250708.0,금남시장
46AC67DA98,서울특별시 성동구 금호산2길 18,금남*,,서울 성동구,요리주점,금남시장,20200603,,금남시장
2DAF105D58,서울특별시 성동구 금호산2길 20,쾌걸***,,서울 성동구,한식-해물/생선,금남시장,20211130,,금남시장
BEC769D20C,서울특별시 성동구 금호산2길 21,시장**,,서울 성동구,일반 유흥주점,금남시장,20231031,,금남시장
377472828B,서울특별시 성동구 금호산2길 23,금호**,,서울 성동구,포장마차,금남시장,20201021,,금남시장
A0615EE5D9,서울특별시 성동구 금호산2길 24,제이*****,,서울 성동구,한식-단품요리일반,금남시장,20231005,,금남시장
AB86B46958,서울특별시 성동구 금호산2길 26,호남**,,서울 성동구,축산물,금남시장,20230628,,금남시장
61A7EE0050,서울특별시 성동구 금호산2길 27,형제***,,서울 성동구,떡/한과 제조,금남시장,20190703,20250716.0,금남시장
B6CE608009,서울특별시 성동구 금호산8길 13,우리**,,서울 성동구,식료품,금남시장,20240530,,금남시장
C37E3670B1,서울특별시 성동구 난계로 101-1,더(*************,,서울 성동구,식료품,,20210203,,왕십리
674011F2F1,서울특별시 성동구 독서당로 160,스위*,,서울 성동구,카페,옥수,20220609,,옥수
9918AC572D,서울특별시 성동구 독서당로 166,과자****,,서울 성동구,베이커리,옥수,20181015,,옥수
F074FA6DCE,서울특별시 성동구 독서당로 166,해녀*******,,서울 성동구,한식-해물/생선,옥수,20241105,,옥수
5DC3FB1D5F,서울특별시 성동구 독서당로 168,코페*******,카페12,서울 성동구,카페,옥수,20221028,,옥수
6821430102,서울특별시 성동구 독서당로 177,일그********,,서울 성동구,베이커리,,20200212,,옥수
E4A76A9E0C,서울특별시 성동구 독서당로 177,뱅뱅******,,서울 성동구,아이스크림/빙수,,20240105,,옥수
C1C544732B,서울특별시 성동구 독서당로 187,피오******,,서울 성동구,주류,,20210707,,옥수
B4FE75E894,서울특별시 성동구 독서당로 187,달콤***,,서울 성동구,식료품,,20200519,,옥수
5828134AC4,서울특별시 성동구 독서당로 187,영 ****,,서울 성동구,베이커리,,20210721,,옥수
61D516DBB4,서울특별시 성동구 독서당로 188,어게*************************,,서울 성동구,와인바,옥수,20201201,,옥수
4BF4E76EB1,서울특별시 성동구 독서당로 192,열정**,,서울 성동구,축산물,옥수,20180404,,옥수
5C312171F4,서울특별시 성동구 독서당로 194,디핀**,,서울 성동구,양식,옥수,20210702,,옥수
41405E4F25,서울특별시 성동구 독서당로 194,라폰*,,서울 성동구,백반/가정식,옥수,20221206,,옥수
D3C7D7CE86,서울특별시 성동구 독서당로 194,명가***,한식-국수/만두5,서울 성동구,한식-국수/만두,옥수,20181122,,옥수
9F524F74CC,서울특별시 성동구 독서당로 194,푸른****,,서울 성동구,한식-해물/생선,옥수,20210928,,옥수
CF4878F0AB,서울특별시 성동구 독서당로 208,푸라*****,한식-육류/고기29,서울 성동구,한식-육류/고기,옥수,20230830,,옥수
ED35FCD6A1,서울특별시 성동구 독서당로 216,테이********************,,서울 성동구,커피전문점,옥수,20210524,,옥수
0D98347CAA,서울특별시 성동구 독서당로 222,미*,,서울 성동구,일식당,옥수,20190513,,옥수
5266257AE8,서울특별시 성동구 독서당로 223,김가*,분식1,서울 성동구,분식,,20171031,,옥수
0CCC996EB3,서울특별시 성동구 독서당로 223,커피******,,서울 성동구,카페,,20240723,,옥수
8123742D88,서울특별시 성동구 독서당로 223,예당**,,서울 성동구,축산물,,20220922,,옥수
F1157A79D0,서울특별시 성동구 독서당로 223,투썸***********,커피전문점13,서울 성동구,커피전문점,,20211013,,옥수
830D91CD85,서울특별시 성동구 독서당로 224,깐부******,치킨8,서울 성동구,치킨,옥수,20191029,,옥수
07E426EE6F,서울특별시 성동구 독서당로 227,더올**,,서울 성동구,한식-단품요리일반,옥수,20180412,,옥수
E71A3EA260,서울특별시 성동구 독서당로 230,앁(****,,서울 성동구,한식-단품요리일반,옥수,20201111,,옥수
BB508E9B60,서울특별시 성동구 독서당로 269,아우***************,,서울 성동구,카페,금남시장,20210323,,옥수
A8288C7C45,서울특별시 성동구 독서당로 270,마케***,,서울 성동구,이자카야,금남시장,20220413,,옥수
9DBBC0BC17,서울특별시 성동구 독서당로 270,윌로**,,서울 성동구,커피전문점,금남시장,20190108,,옥수
64632B784A,서울특별시 성동구 독서당로 270,유류**,,서울 성동구,백반/가정식,,20171123,,옥수
8EE88EAB44,서울특별시 성동구 독서당로 274,동구**,,서울 성동구,백반/가정식,금남시장,20230828,,옥수
E9C5B231DE,서울특별시 성동구 독서당로 276,고돼*****,,서울 성동구,한식-단품요리일반,금남시장,20231127,,옥수
2D9601ED38,서울특별시 성동구 독서당로 283,은진****,,서울 성동구,포장마차,금남시장,20200106,,옥수
09B5A19D91,서울특별시 성동구 독서당로 285,금남**************,,서울 성동구,와인바,금남시장,20190704,20250714.0,옥수
8980D26E8D,서울특별시 성동구 독서당로 285,폼페*,,서울 성동구,백반/가정식,금남시장,20200914,,옥수
4FD8F44568,서울특별시 성동구 독서당로 287,인생*******,,서울 성동구,한식-해물/생선,금남시장,20240920,20250704.0,옥수
A4B6E8F2A9,서울특별시 성동구 독서당로 294,다*,,서울 성동구,농산물,금남시장,20200410,,옥수
FE826E7775,서울특별시 성동구 독서당로 296,빽다*********,커피전문점4,서울 성동구,커피전문점,금남시장,20210521,,옥수
E25C0935BB,서울특별시 성동구 독서당로 311,본죽**********,한식-죽2,서울 성동구,한식-죽,금남시장,20170622,,옥수
3FD4A26C54,서울특별시 성동구 독서당로 318,아이************,,서울 성동구,아이스크림/빙수,금남시장,20240813,,옥수
6BF23575B6,서울특별시 성동구 독서당로 322,갈팡******,,서울 성동구,한식-단품요리일반,금남시장,20230530,,옥수
596D95834C,서울특별시 성동구 독서당로 329,금호**,,서울 성동구,분식,금남시장,20230905,,옥수
2C72D19DB4,서울특별시 성동구 독서당로 329,메가************,커피전문점2,서울 성동구,커피전문점,금남시장,20211012,,옥수
E9547BAC81,서울특별시 성동구 독서당로 336,공용**,,서울 성동구,식료품,,20200306,,옥수
2F4B0C323E,서울특별시 성동구 독서당로 336,우리***************,,서울 성동구,한식-육류/고기,,20230626,,옥수
EBA77DE1F3,서울특별시 성동구 독서당로 337,무진****,,서울 성동구,한식-육류/고기,,20181029,,옥수
7CD2C4CE8C,서울특별시 성동구 독서당로 339,오똔*,,서울 성동구,카페,,20240227,,옥수
B9CF9A1A80,서울특별시 성동구 독서당로 344,마피****,카페3,서울 성동구,카페,,20180528,,옥수
166A58D2FD,서울특별시 성동구 독서당로 375,더(************,,서울 성동구,아이스크림/빙수,,20211018,,옥수
641883F244,서울특별시 성동구 독서당로 377,작*,,서울 성동구,한식-육류/고기,,20170705,,옥수
132DD33068,서울특별시 성동구 독서당로 381,파파*,,서울 성동구,분식,,20180702,,옥수
7E78A7C976,서울특별시 성동구 독서당로 381,이디******,커피전문점6,서울 성동구,커피전문점,,20210421,,옥수
DA3FBABC19,서울특별시 성동구 독서당로 381,비비********,,서울 성동구,한식-단품요리일반,,20231128,,옥수
B11D3238E3,서울특별시 성동구 독서당로 384,마넌*,,서울 성동구,한식-육류/고기,,20240802,,옥수
B2A47557AD,서울특별시 성동구 독서당로 398,교촌*******,치킨6,서울 성동구,치킨,,20231214,,옥수
777479BC93,서울특별시 성동구 독서당로 434,참김***,,서울 성동구,분식,,20180123,,옥수
90644ECF42,서울특별시 성동구 독서당로 434,위치***,,서울 성동구,카페,,20210805,,옥수
DAE13C0508,서울특별시 성동구 동일로 135-1,맨날**,,서울 성동구,양식,,20210111,,건대입구
69756C0A85,서울특별시 성동구 동일로 257-1,테라**,,서울 성동구,카페,,20200528,,건대입구
73ADFB70B4,서울특별시 성동구 동일로 75-18,닷 ***************,,서울 성동구,양식,,20231113,,건대입구
FB0BD34001,서울특별시 성동구 동일로 75-18,올*,,서울 성동구,일식당,,20221216,,건대입구
C95A3B0715,서울특별시 성동구 동일로43길 1,지하***,,서울 성동구,백반/가정식,,20200812,,건대입구
5F4BD315F9,서울특별시 성동구 동일로55길 3,팔분***,,서울 성동구,한식-육류/고기,,20241118,,건대입구
CD542717CA,서울특별시 성동구 동일로57길 9,군자**,,서울 성동구,식료품,,20180828,,건대입구
C18C547370,서울특별시 성동구 동호로2길 28,타코*****,,서울 성동구,양식,금남시장,20170522,,금남시장
B918A3FB98,서울특별시 성동구 둘레15길 4-1,에이********,,서울 성동구,카페,성수,20221109,,성수
E2D2AE237A,서울특별시 성동구 둘레9가길 23,태광**,,서울 성동구,농산물,성수,20180418,,성수
5F4E878B3F,서울특별시 성동구 둘레9가길 36,시골**,,서울 성동구,백반/가정식,성수,20180222,,성수
266F94FF9C,서울특별시 성동구 둘레9가길 36,최가**,,서울 성동구,한식-단품요리일반,성수,20210729,,성수
4C60EE6CA4,서울특별시 성동구 둘레9길 18-7,카페****,,서울 성동구,카페,성수,20240115,,성수
6E6BD0839D,서울특별시 성동구 뚝섬로 408-7,성수**********,,서울 성동구,양식,성수,20230911,,성수
24F5384BB4,서울특별시 성동구 뚝섬로 408-7,오푸******,,서울 성동구,카페,성수,20230403,,성수
48B6DB988C,서울특별시 성동구 뚝섬로 420-4,호경***,,서울 성동구,백반/가정식,,20180420,,성수
3FEEF8EC29,서울특별시 성동구 뚝섬로 427-8,헨리****,,서울 성동구,카페,,20241129,,성수
6387170291,서울특별시 성동구 뚝섬로13길 3,안타*,,서울 성동구,동남아/인도음식,,20240808,,성수
7E6B28839A,서울특별시 성동구 뚝섬로13길 5,꽈배********,,서울 성동구,분식,,20220208,,성수
CD14EDE90F,서울특별시 성동구 뚝섬로1길 10,카페**,,서울 성동구,카페,,20240315,,성수
0F646F50F7,서울특별시 성동구 뚝섬로1길 25,더카*******,카페2,서울 성동구,카페,뚝섬,20200821,,성수
C4BF630797,서울특별시 성동구 뚝섬로1길 31,오뜨*******,,서울 성동구,양식,뚝섬,20190515,,성수
4A42915A44,서울특별시 성동구 뚝섬로1길 31,매머*************,,서울 성동구,커피전문점,뚝섬,20230420,,성수
3B463692E1,서울특별시 성동구 뚝섬로1길 55,돼지*,,서울 성동구,한식-육류/고기,뚝섬,20220905,,성수
E2E58BA667,서울특별시 성동구 뚝섬로1길 63,오늘************,,서울 성동구,백반/가정식,뚝섬,20240426,,성수
2E4264DFBD,서울특별시 성동구 뚝섬로3길 16,쿠켄**,,서울 성동구,치킨,성수,20190228,,성수
37075F1B6D,서울특별시 성동구 뚝섬로3길 16,성수**,,서울 성동구,한식-육류/고기,성수,20231103,,성수
89D3C820E9,서울특별시 성동구 뚝섬로5길 11,하피********,,서울 성동구,카페,성수,20210420,,성수
E4FEADA057,서울특별시 성동구 뚝섬로7길 14,와일*****,,서울 성동구,양식,성수,20221020,,성수
AB962133CC,서울특별시 성동구 뚝섬로9길 16,색다**,,서울 성동구,한식-국수/만두,성수,20171031,,성수
AC3DCE45BE,서울특별시 성동구 뚝섬로9길 20,컴포*********,커피전문점11,서울 성동구,커피전문점,성수,20210428,,성수
123EF86057,서울특별시 성동구 마장로 187-2,돈대*,,서울 성동구,호프/맥주,,20200825,,마장동
C2A4BBE3AF,서울특별시 성동구 마장로 192-1,태양*****,,서울 성동구,룸살롱/단란주점,,20241127,,마장동
068FABCF18,서울특별시 성동구 마장로 203-1,홍익**,,서울 성동구,요리주점,,20220525,,마장동
2D3C8D6F8A,서울특별시 성동구 마장로 203-1,갱상**********,,서울 성동구,한식-육류/고기,,20230717,,마장동
6B1134ACB2,서울특별시 성동구 마장로 203-1,갱상*******,,서울 성동구,한식-육류/고기,,20231222,,마장동
36348ED941,서울특별시 성동구 마장로 203-1,미라********,,서울 성동구,한식-단품요리일반,,20230727,,마장동
E08EC54D85,서울특별시 성동구 마장로 204-1,청춘********,,서울 성동구,한식-육류/고기,,20220623,,마장동
1BCD8AC994,서울특별시 성동구 마장로 230-1,펠어*******,,서울 성동구,카페,왕십리,20240924,,마장동
E9DF09936C,서울특별시 성동구 마장로 230-1,펠*,,서울 성동구,한식-단품요리일반,왕십리,20230814,,마장동
6EF7FADB37,서울특별시 성동구 마장로 293-2,홍진*,,서울 성동구,치킨,,20240726,,마장동
012A64A73B,서울특별시 성동구 마장로 319-1,인생**,,서울 성동구,포장마차,,20181102,,마장동
2D56DC79C1,서울특별시 성동구 마장로23길 7,처갓*********,치킨30,서울 성동구,치킨,,20190129,20230515.0,마장동
F439455087,서울특별시 성동구 마장로23길 7,처갓**********,치킨30,서울 성동구,치킨,,20230515,20241028.0,마장동
4CE99C7D02,서울특별시 성동구 마장로23길 7,처갓**********,치킨30,서울 성동구,치킨,,20241028,,마장동
D2392DB08D,서울특별시 성동구 마장로23길 7,마장*******,,서울 성동구,한식-감자탕,,20190513,,마장동
4D57A4C1A5,서울특별시 성동구 마장로26길 8,해창**,,서울 성동구,축산물,왕십리,20200904,,마장동
0B01EED5DC,서울특별시 성동구 마장로31길 5,지혜**,,서울 성동구,축산물,,20230106,,마장동
BC3B472D8E,서울특별시 성동구 마조로 15-11,갈십*,,서울 성동구,카페,한양대,20190131,,한양대
A4FE771AB2,서울특별시 성동구 마조로 15-12,철길*********,,서울 성동구,호프/맥주,한양대,20221227,,한양대
E402643C21,서울특별시 성동구 마조로 15-13,한양**,,서울 성동구,호프/맥주,한양대,20240910,,한양대
13B170C44E,서울특별시 성동구 마조로 15-13,백*,,서울 성동구,백반/가정식,한양대,20220707,,한양대
898632E7CF,서울특별시 성동구 마조로 15-14,스시**,,서울 성동구,일식당,한양대,20170912,,한양대
B95A7665A4,서울특별시 성동구 마조로 15-16,호말**,,서울 성동구,커피전문점,한양대,20211115,,한양대
21B58D4396,서울특별시 성동구 마조로 19-10,태원**,,서울 성동구,식료품,한양대,20210121,,한양대
85AE872C0E,서울특별시 성동구 마조로 64-20,제주*********,,서울 성동구,식료품,,20240318,,한양대
6B62F6001E,서울특별시 성동구 마조로11길 7,유유**,,서울 성동구,커피전문점,한양대,20180320,,한양대
BA3F65BE47,서울특별시 성동구 마조로11길 9,츄로************************,,서울 성동구,커피전문점,한양대,20240216,,한양대
C5CC45C4BE,서울특별시 성동구 마조로15길 2,호식***********,치킨38,서울 성동구,치킨,,20201113,,한양대
EE0A7B3068,서울특별시 성동구 마조로19길 7,효창***,,서울 성동구,축산물,,20241113,,마장동
B78082EBDD,서울특별시 성동구 마조로1길 32,띵똥**,베이커리3,서울 성동구,베이커리,한양대,20170331,,한양대
A4B8D9B260,서울특별시 성동구 마조로1길 36,전원******,,서울 성동구,이자카야,한양대,20240116,,한양대
B5AFB737F5,서울특별시 성동구 마조로1길 39,타*,,서울 성동구,카페,한양대,20200313,,한양대
4554B97419,서울특별시 성동구 마조로1길 39,전원*************,,서울 성동구,포장마차,한양대,20240112,,한양대
6235F64612,서울특별시 성동구 마조로1길 39,육쌈**,한식-냉면2,서울 성동구,한식-냉면,한양대,20190703,,한양대
C224A1BCA1,서울특별시 성동구 마조로1길 39,새마********,한식-육류/고기12,서울 성동구,한식-육류/고기,한양대,20181227,,한양대
7608ABD020,서울특별시 성동구 마조로1길 39,해탄******,,서울 성동구,한식-해물/생선,한양대,20240308,,한양대
2EF97A568C,서울특별시 성동구 마조로1길 40,쭈꾸*********,,서울 성동구,한식-단품요리일반,한양대,20190909,,한양대
6C51C3210B,서울특별시 성동구 마조로1길 41,돌화***********,,서울 성동구,치킨,한양대,20240409,,한양대
A43D9F5A0D,서울특별시 성동구 마조로1길 41,명랑*********,베이커리4,서울 성동구,베이커리,한양대,20221125,,한양대
AD5BBEFD72,서울특별시 성동구 마조로1길 41,왕십********,,서울 성동구,일식-우동/소바/라면,한양대,20220218,,한양대
50BB2EA330,서울특별시 성동구 마조로1길 42,메가********,커피전문점2,서울 성동구,커피전문점,한양대,20170309,,한양대
099CE5DB1F,서울특별시 성동구 마조로3길 10,바*,,서울 성동구,한식-육류/고기,한양대,20240910,20250730.0,한양대
C530609FDA,서울특별시 성동구 마조로5길 10,김두*,,서울 성동구,한식-육류/고기,한양대,20211208,20250721.0,한양대
DFF4FC9533,서울특별시 성동구 마조로5길 11,한사********,,서울 성동구,포장마차,한양대,20171228,,한양대
2CC7A59E1B,서울특별시 성동구 마조로5길 11,다트***,,서울 성동구,일반 유흥주점,한양대,20241007,,한양대
833D6DB650,서울특별시 성동구 마조로5길 14,낙원**,한식-단품요리일반2,서울 성동구,한식-단품요리일반,한양대,20180112,,한양대
82E38303DD,서울특별시 성동구 마조로7길 13,봄의*******,,서울 성동구,양식,한양대,20230620,,한양대
6DC52C1CBC,서울특별시 성동구 마조로7길 14,오늘***********,와인바1,서울 성동구,와인바,한양대,20211123,,한양대
701E62EE56,서울특별시 성동구 마조로7길 14,맵당**********,,서울 성동구,한식-단품요리일반,한양대,20220502,20250703.0,한양대
AF2404C4F8,서울특별시 성동구 마조로9길 12,나희*****,,서울 성동구,한식-단품요리일반,한양대,20240701,,한양대
8D8246AFD2,서울특별시 성동구 마조로9길 17,간식***********,,서울 성동구,아이스크림/빙수,한양대,20230911,,한양대
B9FF00B43A,서울특별시 성동구 무학로12길 2,얼음*****************,,서울 성동구,아이스크림/빙수,,20240813,,왕십리
5126178CAE,서울특별시 성동구 무학로14길 6,다올**,,서울 성동구,떡/한과,,20240402,,왕십리
282DE0EEF4,서울특별시 성동구 무학로2길 11,왕십******,,서울 성동구,한식-육류/고기,왕십리,20231023,,왕십리
B5FA7D1201,서울특별시 성동구 무학로2길 16,행복**,,서울 성동구,주류,왕십리,20240911,,왕십리
3F14DF48F3,서울특별시 성동구 무학로2길 16,스시****,,서울 성동구,일식당,왕십리,20230308,,왕십리
8F7DEDE719,서울특별시 성동구 무학로2길 30,역전*********,호프/맥주5,서울 성동구,호프/맥주,왕십리,20191024,,왕십리
6A43ED334C,서울특별시 성동구 무학로2길 32,와이*******,,서울 성동구,룸살롱/단란주점,왕십리,20170918,,왕십리
FA5108E188,서울특별시 성동구 무학로2길 34,햄찌**********,,서울 성동구,한식-찌개/전골,왕십리,20230224,,왕십리
5C599A6F56,서울특별시 성동구 무학로2길 35,종로***********,,서울 성동구,한식-육류/고기,왕십리,20191122,,왕십리
3556A9EA7B,서울특별시 성동구 무학로2길 38,베스******,,서울 성동구,룸살롱/단란주점,왕십리,20211104,,왕십리
28DEFF1F60,서울특별시 성동구 무학로2길 39,오사*********,,서울 성동구,이자카야,왕십리,20241127,,왕십리
FAC60AB34E,서울특별시 성동구 무학로2길 39,등촌***********,한식-국수/만두4,서울 성동구,한식-국수/만두,왕십리,20240619,,왕십리
CA01F6A76C,서울특별시 성동구 무학로2길 41,주전*,,서울 성동구,요리주점,왕십리,20200130,,왕십리
F565E3EC41,서울특별시 성동구 무학로2길 41,앤*,,서울 성동구,일반 유흥주점,왕십리,20180402,,왕십리
5D5111FAC3,서울특별시 성동구 무학로2길 43,귀한********,,서울 성동구,한식-육류/고기,왕십리,20230818,,왕십리
AAE6F17DA3,서울특별시 성동구 무학로2길 44,섬마*,,서울 성동구,한식-해물/생선,왕십리,20220729,,왕십리
44469393FD,서울특별시 성동구 무학로2길 45,에*,,서울 성동구,일반 유흥주점,왕십리,20230314,,왕십리
5A5EBCB3A8,서울특별시 성동구 무학로2길 46,엠비***********,,서울 성동구,일반 유흥주점,왕십리,20160628,,왕십리
64477AD191,서울특별시 성동구 무학로2길 48,커피**,,서울 성동구,커피전문점,왕십리,20180514,20241010.0,왕십리
FC6E670F70,서울특별시 성동구 무학로2길 48,커피**,,서울 성동구,커피전문점,왕십리,20241010,,왕십리
E5E7DB8834,서울특별시 성동구 무학로2길 48,더블***,,서울 성동구,일반 유흥주점,왕십리,20201211,,왕십리
DAFBA48973,서울특별시 성동구 무학로2길 48,동해******,,서울 성동구,한식-해물/생선,왕십리,20241030,,왕십리
A41AFFA748,서울특별시 성동구 무학로2길 50,대명***,,서울 성동구,한식-육류/고기,왕십리,20200910,,왕십리
352569F469,서울특별시 성동구 무학로2길 52,더카***********************,,서울 성동구,카페,왕십리,20240509,,왕십리
6E069E8678,서울특별시 성동구 무학로4길 30,아이*******,아이스크림/빙수3,서울 성동구,아이스크림/빙수,왕십리,20220721,,왕십리
3FE6E9531A,서울특별시 성동구 무학로6길 25,원제**,,서울 성동구,축산물,왕십리,20200521,,왕십리
B17C13DDBE,서울특별시 성동구 무학로6길 33,82****,,서울 성동구,양식,왕십리,20230327,,왕십리
259546987D,서울특별시 성동구 무학로6길 33,82*****,,서울 성동구,백반/가정식,왕십리,20230816,,왕십리
85B1514422,서울특별시 성동구 무학로6길 47,신영**,,서울 성동구,축산물,왕십리,20220616,,왕십리
932F4562E9,서울특별시 성동구 무학로6길 50,파스*********,,서울 성동구,양식,왕십리,20240228,,왕십리
CCFF1D98D6,서울특별시 성동구 무학로6길 50,쌤*,,서울 성동구,치킨,왕십리,20230323,,왕십리
81591BC56A,서울특별시 성동구 무학로6길 50,아시***,,서울 성동구,식료품,왕십리,20170901,,왕십리
9CD0B652B8,서울특별시 성동구 무학로6길 50,한국**,,서울 성동구,인삼제품,왕십리,20190325,,왕십리
5A51AD1FF1,서울특별시 성동구 무학로6길 50,컴포*********,커피전문점11,서울 성동구,커피전문점,왕십리,20230116,,왕십리
4FF1B07188,서울특별시 성동구 무학로6길 50,추선*,,서울 성동구,백반/가정식,왕십리,20180402,,왕십리
F4EB8AB693,서울특별시 성동구 무학로6길 50,건강**,,서울 성동구,백반/가정식,왕십리,20180504,,왕십리
6AA4F9B857,서울특별시 성동구 무학로6길 50,경동*****,,서울 성동구,백반/가정식,왕십리,20211019,,왕십리
74E56D3EBE,서울특별시 성동구 무학로6길 50,마마**,,서울 성동구,백반/가정식,왕십리,20220419,,왕십리
641F185DE4,서울특별시 성동구 무학로6길 50,도리*************,,서울 성동구,백반/가정식,왕십리,20230419,,왕십리
D8B9E99952,서울특별시 성동구 무학로6길 50,양지*,,서울 성동구,한식-육류/고기,왕십리,20200311,,왕십리
887F609C60,서울특별시 성동구 무학로6길 50,김사***********,,서울 성동구,한식-육류/고기,왕십리,20230126,,왕십리
4CAFD6C3F4,서울특별시 성동구 무학로6길 50,김선*********,,서울 성동구,한식-육류/고기,왕십리,20230130,,왕십리
A242CDED34,서울특별시 성동구 무학로6길 50,59***********,,서울 성동구,한식-육류/고기,왕십리,20230418,,왕십리
6F9C8F530D,서울특별시 성동구 무학로6길 50,돌매*,,서울 성동구,한식-육류/고기,왕십리,20240117,,왕십리
21BA47CF6E,서울특별시 성동구 무학로6길 50,김호*******,,서울 성동구,한식-국밥/설렁탕,왕십리,20200804,,왕십리
49F556B92E,서울특별시 성동구 무학로6길 50,쉐르****,,서울 성동구,한식-단품요리일반,왕십리,20180607,,왕십리
9FF6A227B7,서울특별시 성동구 무학로6길 50,부산*****,,서울 성동구,한식-단품요리일반,왕십리,20220405,,왕십리
308272D87D,서울특별시 성동구 무학로6길 51,왕십****,,서울 성동구,한식-단품요리일반,왕십리,20180918,,왕십리
5EB844551A,서울특별시 성동구 무학로8길 21,아토******,,서울 성동구,카페,왕십리,20220124,,왕십리
1AF84D2DC1,서울특별시 성동구 무학로8길 29,어폴******,,서울 성동구,카페,왕십리,20240605,,왕십리
718E77B3A8,서울특별시 성동구 무학로8길 31,정성**,,서울 성동구,백반/가정식,왕십리,20220818,,왕십리
09F834CF4D,서울특별시 성동구 무학봉15길 6,송하*,,서울 성동구,한식-육류/고기,왕십리,20171201,,왕십리
14DA1400F7,서울특별시 성동구 무학봉15길 8,비타***********,,서울 성동구,건강식품,왕십리,20230707,,왕십리
E5A898ED0C,서울특별시 성동구 무학봉16길 3,평강****,,서울 성동구,한식-육류/고기,왕십리,20231120,,왕십리
B528BA693F,서울특별시 성동구 무학봉16길 3,렉(****,,서울 성동구,한식-단품요리일반,왕십리,20231006,,왕십리
B615F252E2,서울특별시 성동구 무학봉21길 9,메이******,,서울 성동구,베이커리,왕십리,20230407,,왕십리
A2A41AAC50,서울특별시 성동구 무학봉26길 2,이지***********,,서울 성동구,카페,왕십리,20210712,,왕십리
6DE0F0A2A3,서울특별시 성동구 무학봉26길 2,희령******,,서울 성동구,한식-해물/생선,왕십리,20231121,,왕십리
05D686D94E,서울특별시 성동구 무학봉26길 3,그해**,,서울 성동구,식료품,왕십리,20210623,,왕십리
B87969F843,서울특별시 성동구 무학봉28길 1,왕십******,,서울 성동구,한식-육류/고기,왕십리,20181012,,왕십리
132EC808F2,서울특별시 성동구 무학봉28길 3,59****,,서울 성동구,한식-육류/고기,왕십리,20190927,20250811.0,왕십리
8F1BE98A86,서울특별시 성동구 무학봉28길 7,제이*******,,서울 성동구,한식-단품요리일반,왕십리,20240709,,왕십리
9AFD0B9DFA,서울특별시 성동구 무학봉28길 9,와시*,,서울 성동구,일식당,왕십리,20210601,,왕십리
3C6D370558,서울특별시 성동구 사근동11길 3,피자*,,서울 성동구,피자,,20170823,,한양대
A66BAF7A4E,서울특별시 성동구 사근동11길 7,스시*****,,서울 성동구,일식당,,20220927,,한양대
636D494093,서울특별시 성동구 사근동4길 11,한양*,,서울 성동구,백반/가정식,한양대,20240814,,한양대
FF73A2D71A,서울특별시 성동구 사근동8길 12,스타***,,서울 성동구,한식-단품요리일반,한양대,20170202,,한양대
361EC9A5E8,서울특별시 성동구 살곶이8길 22,모음*******,,서울 성동구,양식,한양대,20190410,,한양대
7162A93F6B,서울특별시 성동구 살곶이길 200,(오*******,,서울 성동구,카페,한양대,20221024,,마장동
BE6D091D98,서울특별시 성동구 살곶이길 346,우*,,서울 성동구,백반/가정식,한양대,20200731,,마장동
E9082AE454,서울특별시 성동구 살곶이길 354,35*****,,서울 성동구,분식,,20210824,,마장동
C5FB5DF5D0,서울특별시 성동구 상원10길 4-1,슬로********,,서울 성동구,양식,뚝섬,20230223,,뚝섬
1A018DCAD1,서울특별시 성동구 상원10길 8-1,숙도**,,서울 성동구,도시락,뚝섬,20221031,,뚝섬
38C18AF0CF,서울특별시 성동구 상원1길 11-1,우웨**,,서울 성동구,중식당,뚝섬,20230502,,뚝섬
8E6AC8C283,서울특별시 성동구 상원1길 15-1,남매***,,서울 성동구,한식-국수/만두,뚝섬,20200806,,뚝섬
C380136CEA,서울특별시 성동구 상원1길 35-9,누메***,,서울 성동구,양식,뚝섬,20180518,,뚝섬
4F6821E9D7,서울특별시 성동구 상원1길 39-1,스시*****,,서울 성동구,일식당,뚝섬,20210625,,뚝섬
AD8ADF090E,서울특별시 성동구 상원2길 1-10,용이******,,서울 성동구,분식,뚝섬,20230323,,뚝섬
8B9E003063,서울특별시 성동구 상원2길 1-10,프레****,,서울 성동구,양식,뚝섬,20230525,,뚝섬
FF2A41988A,서울특별시 성동구 상원2길 1-10,와아*****,,서울 성동구,와인바,뚝섬,20230919,,뚝섬
327194B461,서울특별시 성동구 상원2길 1-10,무*,,서울 성동구,일식당,뚝섬,20230404,,뚝섬
FBA935A166,서울특별시 성동구 상원2길 5-11,어썸***,,서울 성동구,양식,뚝섬,20180921,,뚝섬
FF03884FF0,서울특별시 성동구 상원2길 5-11,서후**,,서울 성동구,한식-육류/고기,뚝섬,20180821,,뚝섬
C76B1790F8,서울특별시 성동구 상원6길 11-1,모멘*****,,서울 성동구,카페,뚝섬,20220303,,뚝섬
B53EDBB2ED,서울특별시 성동구 상원6나길 14,에그******,,서울 성동구,한식-단품요리일반,뚝섬,20200226,,뚝섬
677AEC4179,서울특별시 성동구 상원길 50-15,독*,,서울 성동구,요리주점,뚝섬,20201111,,뚝섬
E09000C96D,서울특별시 성동구 상원길 50-31,하이***,,서울 성동구,양식,뚝섬,20230425,,뚝섬
5095698AC0,서울특별시 성동구 서울숲2길 13,지티******,,서울 성동구,양식,,20240129,,성수
0A4491652C,서울특별시 성동구 서울숲2길 13,카프******,,서울 성동구,양식,,20240829,,성수
468982150B,서울특별시 성동구 서울숲2길 13,암암*,,서울 성동구,백반/가정식,,20210728,,성수
95CED9DF82,서울특별시 성동구 서울숲2길 14,숲*,,서울 성동구,분식,,20200714,,성수
CF19A96F63,서울특별시 성동구 서울숲2길 14,피키**,,서울 성동구,양식,,20210909,20241114.0,성수
D77841D9B4,서울특별시 성동구 서울숲2길 15,뽈로***,,서울 성동구,스테이크,,20230605,,성수
812202E747,서울특별시 성동구 서울숲2길 15,뮐(******,,서울 성동구,한식-육류/고기,,20240412,,성수
E549A26D24,서울특별시 성동구 서울숲2길 34,쎄콩*****,,서울 성동구,양식,뚝섬,20210908,,성수
4482179D1C,서울특별시 성동구 서울숲2길 36,밥잘*******,,서울 성동구,백반/가정식,뚝섬,20240925,,성수
545BE56226,서울특별시 성동구 서울숲2길 47,미술**********,,서울 성동구,일식-덮밥/돈가스,뚝섬,20231106,,성수
65E9AD1E06,서울특별시 성동구 서울숲4길 13,란돌***************,,서울 성동구,한식-단품요리일반,뚝섬,20220628,,성수
2CF63CC8AA,서울특별시 성동구 서울숲4길 16,타크******,,서울 성동구,카페,뚝섬,20220517,,성수
3AE8B97E90,서울특별시 성동구 서울숲4길 17,파티********,,서울 성동구,카페,뚝섬,20200929,,성수
64A48DF745,서울특별시 성동구 서울숲4길 21,후추******,,서울 성동구,양식,뚝섬,20221026,,성수
38BDC5B4AE,서울특별시 성동구 서울숲4길 23,사길**,,서울 성동구,중식당,뚝섬,20230112,,성수
B0BF2F0AB2,서울특별시 성동구 서울숲4길 26,베르*****,,서울 성동구,카페,뚝섬,20241028,,성수
67A793BE25,서울특별시 성동구 서울숲4길 28,밸런****,,서울 성동구,양식,뚝섬,20210601,20250820.0,성수
950EA7A1A2,서울특별시 성동구 서울숲4길 28,성수**,,서울 성동구,백반/가정식,뚝섬,20210709,,성수
1F59865E54,서울특별시 성동구 서울숲6길 12,최가********,,서울 성동구,한식-국수/만두,뚝섬,20240429,,뚝섬
CE0E9B9A73,서울특별시 성동구 서울숲6길 13,루쎄********,,서울 성동구,양식,뚝섬,20240827,,뚝섬
A0A1FF8F0B,서울특별시 성동구 서울숲6길 14,시즈*********,,서울 성동구,카페,뚝섬,20220630,,뚝섬
115B45FBBE,서울특별시 성동구 서울숲6길 14,정선***,,서울 성동구,백반/가정식,뚝섬,20171106,,뚝섬
7036B6AC6E,서울특별시 성동구 성덕정13길 4,산약***,,서울 성동구,한식-육류/고기,성수,20190207,,성수
6B3F9F91EA,서울특별시 성동구 성덕정15길 3,빵양**,,서울 성동구,꼬치구이,성수,20241122,,성수
12E8C996B1,서울특별시 성동구 성덕정15길 6,국밥***,,서울 성동구,한식-국밥/설렁탕,성수,20241223,,성수
E300186CEB,서울특별시 성동구 성덕정17길 3,연탄***,,서울 성동구,요리주점,성수,20180418,,성수
F7FAA7961C,서울특별시 성동구 성덕정17길 4,헤*,,서울 성동구,요리주점,성수,20231107,,성수
01FDC9FAEA,서울특별시 성동구 성덕정17길 4,성수**,,서울 성동구,포장마차,성수,20231108,,성수
C9EF27B57A,서울특별시 성동구 성덕정17길 5,계자*,,서울 성동구,백반/가정식,성수,20211108,,성수
C9934643AC,서울특별시 성동구 성덕정17길 7,사*,,서울 성동구,일식당,성수,20230330,,성수
D78F1F696C,서울특별시 성동구 성덕정17길 7,굿누*,,서울 성동구,호프/맥주,성수,20200820,,성수
A8F5102FC7,서울특별시 성동구 성덕정17길 8,진미**,,서울 성동구,백반/가정식,성수,20180802,,성수
99FF67EFD4,서울특별시 성동구 성덕정17길 9,정희*****,,서울 성동구,한식-육류/고기,성수,20230530,,성수
023652A43E,서울특별시 성동구 성덕정17길 9,은빛******,,서울 성동구,한식-해물/생선,성수,20190711,,성수
45E1109CF3,서울특별시 성동구 성덕정19길 3,뚝섬***,,서울 성동구,한식-해물/생선,성수,20190429,,성수
5E30D7653F,서울특별시 성동구 성덕정19길 6,카멜****************,,서울 성동구,커피전문점,성수,20170605,,성수
22B7683FF6,서울특별시 성동구 성덕정21길 6,자*,,서울 성동구,일식당,,20240612,,성수
30262EF19E,서울특별시 성동구 성덕정9길 10,하이************,,서울 성동구,카페,성수,20240712,,성수
8EDC8EDB1E,서울특별시 성동구 성덕정길 100,뚝도**,,서울 성동구,한식-국수/만두,성수,20180426,,송정동
C7EB1E8F0F,서울특별시 성동구 성덕정길 102,일월****,,서울 성동구,분식,성수,20240213,,송정동
48DBF4F872,서울특별시 성동구 성덕정길 103,성수**,,서울 성동구,요리주점,성수,20231013,,송정동
E8F19A150F,서울특별시 성동구 성덕정길 109,피자*******,,서울 성동구,피자,성수,20210218,,송정동
389F10CE1E,서울특별시 성동구 성덕정길 118,아지*,,서울 성동구,호프/맥주,,20231024,,송정동
788C76269C,서울특별시 성동구 성덕정길 120,성수***,,서울 성동구,일식-덮밥/돈가스,,20240923,,송정동
7E39BD7D1A,서울특별시 성동구 성덕정길 121,우*,,서울 성동구,이자카야,,20230712,,송정동
0E614A7B1A,서울특별시 성동구 성덕정길 127,후*,,서울 성동구,카페,,20220927,,송정동
187D17CE25,서울특별시 성동구 성덕정길 127,성수*****,,서울 성동구,베이커리,,20240617,,송정동
2CEF80C971,서울특별시 성동구 성덕정길 127,픽미************,,서울 성동구,아이스크림/빙수,,20220418,,송정동
0FAD4CAABE,서울특별시 성동구 성덕정길 132,스위*****,,서울 성동구,카페,,20240521,,송정동
BB59A21676,서울특별시 성동구 성덕정길 133,너랑**********,,서울 성동구,한식-육류/고기,,20180416,,송정동
562E873FFE,서울특별시 성동구 성덕정길 134,썬*,,서울 성동구,호프/맥주,,20180626,,송정동
F7AB2719E7,서울특별시 성동구 성덕정길 136,스캔*,,서울 성동구,한식-단품요리일반,,20180419,20250708.0,송정동
F326DA276A,서울특별시 성동구 성덕정길 139,핏자******,,서울 성동구,피자,,20220106,,송정동
09801BCCB5,서울특별시 성동구 성덕정길 141,심토**,,서울 성동구,백반/가정식,,20241029,,송정동
30602E70F0,서울특별시 성동구 성덕정길 141,건*,,서울 성동구,한식-단품요리일반,,20201217,,송정동
6FDA7613EC,서울특별시 성동구 성덕정길 145,영동**,,서울 성동구,백반/가정식,,20170905,,송정동
916A68D648,서울특별시 성동구 성덕정길 150,헤*,,서울 성동구,한식-단품요리일반,,20221007,,송정동
E4E07865EF,서울특별시 성동구 성덕정길 152,프레****,,서울 성동구,양식,,20201027,,송정동
F0228002E3,서울특별시 성동구 성수이로 118,부흥**,,서울 성동구,농산물,성수,20230329,,성수
BDC1AFBD07,서울특별시 성동구 성수이로 118,장위*********,백반/가정식20,서울 성동구,백반/가정식,성수,20190129,,성수
557870DAE7,서울특별시 성동구 성수이로 118,라성**,,서울 성동구,백반/가정식,성수,20220419,,성수
DFA0B92DE8,서울특별시 성동구 성수이로 118,라성**,,서울 성동구,한식-단품요리일반,성수,20231108,,성수
35A9CD5DCA,서울특별시 성동구 성수이로 126,칼(****,,서울 성동구,한식-국수/만두,성수,20220831,,성수
401DA3A519,서울특별시 성동구 성수이로 126,돼지**,,서울 성동구,한식-육류/고기,성수,20211104,,성수
0C1B547B6E,서울특별시 성동구 성수이로 127,에젤**,,서울 성동구,커피전문점,성수,20180430,,성수
4F9BAC95BF,서울특별시 성동구 성수이로 127,일심*,,서울 성동구,한식-해물/생선,성수,20180502,,성수
519381C21B,서울특별시 성동구 성수이로 147,그리*,,서울 성동구,양식,성수,20230126,,성수
7F5F0D0F33,서울특별시 성동구 성수이로 147,더벤*********,커피전문점1,서울 성동구,커피전문점,성수,20240510,,성수
4FAC32FBDC,서울특별시 성동구 성수이로 147,우리***,,서울 성동구,백반/가정식,성수,20190612,,성수
BFFAC4B600,서울특별시 성동구 성수이로 147,호랑*,,서울 성동구,한식-육류/고기,성수,20211015,,성수
25B6936E82,서울특별시 성동구 성수일로 111,쇼콜****,,서울 성동구,식료품,뚝섬,20231127,,성수
4A01501171,서울특별시 성동구 성수일로 111,커피************,,서울 성동구,커피전문점,뚝섬,20240531,,성수
17251C4F10,서울특별시 성동구 송정4가길 65,성수*****,,서울 성동구,한식-단품요리일반,,20200429,,송정동
147EC9E665,서울특별시 성동구 아차산로 100,어묵**,,서울 성동구,식료품,성수,20180822,,건대입구
362A12ACAB,서울특별시 성동구 아차산로 103,필리******,,서울 성동구,양식,성수,20230512,,건대입구
416F075512,서울특별시 성동구 아차산로 110,성수**,,서울 성동구,한식-육류/고기,성수,20240412,,건대입구
770A25491E,서울특별시 성동구 아차산로 113,메가**********,커피전문점2,서울 성동구,커피전문점,성수,20230811,,건대입구
0C25C3B746,서울특별시 성동구 아차산로 113,성수*******,샌드위치/토스트2,서울 성동구,샌드위치/토스트,성수,20230130,,건대입구
43376C6456,서울특별시 성동구 아차산로 116,이가****,꼬치구이2,서울 성동구,꼬치구이,성수,20210521,,건대입구
5529CDFCDF,서울특별시 성동구 아차산로 116,토끼****,,서울 성동구,민속주점,성수,20200825,,건대입구
908B8FB682,서울특별시 성동구 아차산로 126,소안***,,서울 성동구,백반/가정식,성수,20210524,,건대입구
00F733C995,서울특별시 성동구 아차산로 126,성수*************,,서울 성동구,한식-육류/고기,성수,20210317,,건대입구
E476C4A851,서울특별시 성동구 아차산로 126,마르***,,서울 성동구,한식-단품요리일반,성수,20210521,20240102.0,건대입구
B2240E407A,서울특별시 성동구 아차산로 135,에이*********,,서울 성동구,카페,성수,20201201,,건대입구
6F85E6F670,서울특별시 성동구 아차산로 135,에르*******,,서울 성동구,식료품,성수,20210104,,건대입구
EB1B4CDCD1,서울특별시 성동구 아차산로 137,잠수**,,서울 성동구,한식-육류/고기,,20200214,,건대입구
0C9C887E27,서울특별시 성동구 아차산로 144,에이******,,서울 성동구,커피전문점,,20240124,,건대입구
0C8BE8ECAD,서울특별시 성동구 아차산로 153,카페******,,서울 성동구,카페,,20220906,,건대입구
75F4B46777,서울특별시 성동구 연무장13길 9,진수**,,서울 성동구,한식뷔페,성수,20171010,,성수
5D86802675,서울특별시 성동구 연무장17길 5,프롤*********,,서울 성동구,카페,,20210406,,성수
BF702C4B97,서울특별시 성동구 연무장17길 5,성수**,,서울 성동구,와인바,,20210914,,성수
CA789A700E,서울특별시 성동구 연무장17길 6,온누*,,서울 성동구,백반/가정식,,20230713,,성수
132078A4FE,서울특별시 성동구 연무장3길 13,플라*****,,서울 성동구,커피전문점,성수,20220401,,성수
2E8B2318F2,서울특별시 성동구 연무장3길 14,스탠*****,,서울 성동구,카페,성수,20210119,,성수
DEABE6F7A5,서울특별시 성동구 연무장7길 12,남다*******,,서울 성동구,백반/가정식,성수,20180810,,성수
D406BC7817,서울특별시 성동구 연무장7길 16,김사****,,서울 성동구,한식-해물/생선,성수,20200618,,성수
CF11E9E059,서울특별시 성동구 연무장9길 10,매머***************,,서울 성동구,커피전문점,성수,20211020,,성수
AD3A7FC51E,서울특별시 성동구 연무장길 110,바오**,,서울 성동구,중식당,,20220506,,성수
16FA1843AE,서울특별시 성동구 연무장길 114,차일**,,서울 성동구,카페,,20230821,,성수
A1A793329B,서울특별시 성동구 연무장길 114,샌드*******,,서울 성동구,샌드위치/토스트,,20190628,,성수
A2C52B6B6A,서울특별시 성동구 연무장길 114,차일**,,서울 성동구,한식-단품요리일반,,20220608,20230821.0,성수
9CF8A5D7BA,서울특별시 성동구 연무장길 5-9,신사********,한식-육류/고기15,서울 성동구,한식-육류/고기,성수,20241014,,성수
285AE413AF,서울특별시 성동구 연무장길 8-1,윈야****,,서울 성동구,양식,성수,20220127,,성수
82E74E7BC1,서울특별시 성동구 연무장길 9-1,고우**,,서울 성동구,백반/가정식,성수,20221027,,성수
3991680872,서울특별시 성동구 연무장길 9-1,밀키****,,서울 성동구,한식-단품요리일반,성수,20231121,,성수
929615BC0A,서울특별시 성동구 왕십리로 100,빽다*******,커피전문점4,서울 성동구,커피전문점,뚝섬,20240405,,뚝섬
BCA89C9A13,서울특별시 성동구 왕십리로 102,커피*******,,서울 성동구,카페,뚝섬,20210125,,뚝섬
BE7CFBC6B2,서울특별시 성동구 왕십리로 102,피비**,,서울 성동구,와인바,뚝섬,20211224,,뚝섬
1A8BA43A9D,서울특별시 성동구 왕십리로 106,19***************,,서울 성동구,양식,뚝섬,20220527,,뚝섬
6A74F1538A,서울특별시 성동구 왕십리로 107,왕돈******,일식-덮밥/돈가스2,서울 성동구,일식-덮밥/돈가스,뚝섬,20171205,,뚝섬
9D63C0B760,서울특별시 성동구 왕십리로 108,쎄시*****,,서울 성동구,양식,뚝섬,20231221,,뚝섬
0ACB344C1B,서울특별시 성동구 왕십리로 108,경성***,,서울 성동구,베이커리,뚝섬,20200514,,뚝섬
D20D8BF71F,서울특별시 성동구 왕십리로 108,본(****,,서울 성동구,일반 유흥주점,뚝섬,20220927,,뚝섬
F5A33FDFC2,서울특별시 성동구 왕십리로 108,뚝딱****,,서울 성동구,한식-육류/고기,뚝섬,20221028,,뚝섬
E5BF99B7A0,서울특별시 성동구 왕십리로 114,성수****,,서울 성동구,양식,뚝섬,20170704,,뚝섬
8C98E1C09B,서울특별시 성동구 왕십리로 114,파파********,피자7,서울 성동구,피자,뚝섬,20210429,,뚝섬
A412739857,서울특별시 성동구 왕십리로 115,디 *********,,서울 성동구,카페,뚝섬,20230714,,뚝섬
C5C7C7B0FE,서울특별시 성동구 왕십리로 134,청죽*,,서울 성동구,백반/가정식,뚝섬,20210928,,뚝섬
5D68AB9C70,서울특별시 성동구 왕십리로 134,훼미********,,서울 성동구,한식-육류/고기,뚝섬,20160929,,뚝섬
EE2DE56210,서울특별시 성동구 왕십리로 136,팩피*******,,서울 성동구,양식,뚝섬,20170908,,뚝섬
D4BD053ECB,서울특별시 성동구 왕십리로 136,무브*********,,서울 성동구,일반 유흥주점,뚝섬,20231207,,뚝섬
F136D24734,서울특별시 성동구 왕십리로 206,달콤****,,서울 성동구,베이커리,한양대,20200420,,한양대
9CC514117B,서울특별시 성동구 왕십리로 217,의정******,한식-찌개/전골2,서울 성동구,한식-찌개/전골,한양대,20210406,,한양대
ED8A95E5CB,서울특별시 성동구 왕십리로 222,공차**********,차1,서울 성동구,차,한양대,20190211,,한양대
B24D425CDE,서울특별시 성동구 왕십리로 222,김밥**,분식2,서울 성동구,분식,한양대,20180824,,한양대
293EA4B2A0,서울특별시 성동구 왕십리로 222,유니**,,서울 성동구,분식,한양대,20240208,,한양대
EE3122B53A,서울특별시 성동구 왕십리로 222,매란***,,서울 성동구,중식당,한양대,20210525,,한양대
AF1AD2ECAD,서울특별시 성동구 왕십리로 222,일구**,,서울 성동구,중식당,한양대,20230104,,한양대
6CB3606866,서울특별시 성동구 왕십리로 222,투썸***************,커피전문점13,서울 성동구,커피전문점,한양대,20170629,,한양대
0A043079E8,서울특별시 성동구 왕십리로 222,신의*****,한식-육류/고기16,서울 성동구,한식-육류/고기,한양대,20181207,,한양대
B1A685CB2A,서울특별시 성동구 왕십리로 235,랭스*********,,서울 성동구,카페,한양대,20240329,,한양대
E322BB2F76,서울특별시 성동구 왕십리로 236,지지******,분식16,서울 성동구,분식,한양대,20210823,,한양대
48C1483437,서울특별시 성동구 왕십리로 241,여백***,,서울 성동구,카페,,20170213,,왕십리
BF88DF05E7,서울특별시 성동구 왕십리로 257,에스***********,,서울 성동구,식료품,왕십리,20170522,,왕십리
276A8846C9,서울특별시 성동구 왕십리로 257,한양*,,서울 성동구,백반/가정식,왕십리,20190222,,왕십리
9748DB8705,서울특별시 성동구 왕십리로 259,아이***********,담배1,서울 성동구,담배,왕십리,20180727,,왕십리
A4A6A57812,서울특별시 성동구 왕십리로 273,꽃찬*********,한식-육류/고기3,서울 성동구,한식-육류/고기,,20180515,,왕십리
F719EFDFC0,서울특별시 성동구 왕십리로 280,어메**,,서울 성동구,한식-육류/고기,왕십리,20170802,,왕십리
376A5D3F6B,서울특별시 성동구 왕십리로 284,치킨***,,서울 성동구,치킨,왕십리,20220926,,왕십리
E64A353E00,서울특별시 성동구 왕십리로 284,루비*****,,서울 성동구,일반 유흥주점,왕십리,20241022,,왕십리
4B32EF06FA,서울특별시 성동구 왕십리로 287,샤보**,,서울 성동구,백반/가정식,왕십리,20231222,,왕십리
D8A875AA9D,서울특별시 성동구 왕십리로 293,고품******,,서울 성동구,한식-육류/고기,왕십리,20241112,,왕십리
68E9B3CBB0,서울특별시 성동구 왕십리로 295,시올******,,서울 성동구,한식-단품요리일반,왕십리,20230602,,왕십리
6FE0E66A8A,서울특별시 성동구 왕십리로 309,이디*,커피전문점6,서울 성동구,커피전문점,왕십리,20170320,,왕십리
99EA6AF2C9,서울특별시 성동구 왕십리로 309,홍능******,,서울 성동구,한식-육류/고기,왕십리,20200904,,왕십리
EC9D2C4B17,서울특별시 성동구 왕십리로 313,민준**,,서울 성동구,한식-육류/고기,왕십리,20170504,,왕십리
12A28908F1,서울특별시 성동구 왕십리로 315,바나********,카페5,서울 성동구,카페,왕십리,20240123,20250729.0,왕십리
741A5F2B65,서울특별시 성동구 왕십리로 318,디(***********,,서울 성동구,양식,왕십리,20170913,,왕십리
4CE9DA1D26,서울특별시 성동구 왕십리로 328,백억*******,,서울 성동구,카페,왕십리,20240425,,왕십리
15460DF7A9,서울특별시 성동구 왕십리로 328,골드*****,,서울 성동구,일반 유흥주점,왕십리,20231204,,왕십리
203FCB7DD9,서울특별시 성동구 왕십리로 328,써브********,샌드위치/토스트2,서울 성동구,샌드위치/토스트,왕십리,20190724,20250716.0,왕십리
560D700A0A,서울특별시 성동구 왕십리로 331,김승***,,서울 성동구,일식당,왕십리,20210114,,왕십리
1F0239CF1F,서울특별시 성동구 왕십리로 333,으뜸**,,서울 성동구,건강식품,왕십리,20241018,,왕십리
BD8A0F6D76,서울특별시 성동구 왕십리로 336,렉스*****,,서울 성동구,담배,왕십리,20211117,,왕십리
9A0EC55599,서울특별시 성동구 왕십리로 336,메가************,커피전문점2,서울 성동구,커피전문점,왕십리,20210709,,왕십리
93EC04859E,서울특별시 성동구 왕십리로 336,에그******,,서울 성동구,한식-단품요리일반,왕십리,20240613,,왕십리
41A48AF8FE,서울특별시 성동구 왕십리로 340,모리********,,서울 성동구,커피전문점,왕십리,20240905,,왕십리
09805F8B6F,서울특별시 성동구 왕십리로 340,백남********,,서울 성동구,한식-단품요리일반,왕십리,20230202,,왕십리
9A9ADB69FB,서울특별시 성동구 왕십리로 343,미닛*****,,서울 성동구,카페,왕십리,20230418,,왕십리
CB3797D731,서울특별시 성동구 왕십리로 345,일일*,중식당4,서울 성동구,중식당,왕십리,20210908,,왕십리
4EE6193540,서울특별시 성동구 왕십리로 347,커피***,,서울 성동구,커피전문점,왕십리,20170919,,왕십리
A869CB21ED,서울특별시 성동구 왕십리로 347,홍고*****,,서울 성동구,한식-육류/고기,왕십리,20221031,,왕십리
C05AB78A24,서울특별시 성동구 왕십리로 348,경희*****,,서울 성동구,인삼제품,왕십리,20210202,,왕십리
E38998FBCE,서울특별시 성동구 왕십리로 348,킹스***,,서울 성동구,호프/맥주,왕십리,20240531,,왕십리
A88E00AF74,서울특별시 성동구 왕십리로 355,파리***********,베이커리10,서울 성동구,베이커리,왕십리,20180319,,왕십리
EB654FE0E6,서울특별시 성동구 왕십리로 357,화곡**********,,서울 성동구,도너츠,,20230213,,왕십리
9300D17DDE,서울특별시 성동구 왕십리로 357,돌삼****,,서울 성동구,한식-육류/고기,,20180921,,왕십리
04393D7C92,서울특별시 성동구 왕십리로 357,왕십*****,,서울 성동구,한식-육류/고기,,20190313,20250723.0,왕십리
3181D01F3F,서울특별시 성동구 왕십리로 358,상왕****,,서울 성동구,담배,왕십리,20201015,,왕십리
FCDFAFB42A,서울특별시 성동구 왕십리로 359,일월*******,,서울 성동구,한식-육류/고기,,20230817,,왕십리
32F21633BE,서울특별시 성동구 왕십리로 363,싸부****,,서울 성동구,한식-단품요리일반,,20200703,20231031.0,왕십리
5AFF1D97F2,서울특별시 성동구 왕십리로 363,싸부*******,,서울 성동구,한식-단품요리일반,,20231031,20240710.0,왕십리
DD4FCA5BE6,서울특별시 성동구 왕십리로 363,싸부****,,서울 성동구,한식-단품요리일반,,20240710,,왕십리
56355334E5,서울특별시 성동구 왕십리로 381,레몬***********,,서울 성동구,기타세계요리,,20240223,,왕십리
868FFBF701,서울특별시 성동구 왕십리로 382,만만**,,서울 성동구,일식당,,20230224,20250723.0,왕십리
01670CF403,서울특별시 성동구 왕십리로 390,한스*******,,서울 성동구,베이커리,,20200709,,왕십리
A5C5B7E719,서울특별시 성동구 왕십리로 410,비밀**,,서울 성동구,반찬,,20191120,,왕십리
3046541AF9,서울특별시 성동구 왕십리로 410,싸다**,,서울 성동구,분식,,20200804,,왕십리
072ED18558,서울특별시 성동구 왕십리로 410,오토**********,,서울 성동구,분식,,20230209,,왕십리
92B5E6E8E9,서울특별시 성동구 왕십리로 410,또아******,,서울 성동구,양식,,20170310,,왕십리
9402DC5480,서울특별시 성동구 왕십리로 410,오*,,서울 성동구,양식,,20180928,,왕십리
93CECB5143,서울특별시 성동구 왕십리로 410,이태**,,서울 성동구,양식,,20221031,,왕십리
FD186D39D7,서울특별시 성동구 왕십리로 410,밀땅************,,서울 성동구,양식,,20221107,,왕십리
8C29C85978,서울특별시 성동구 왕십리로 410,피자*******,,서울 성동구,양식,,20241122,,왕십리
A2BE23B78B,서울특별시 성동구 왕십리로 410,딜리*****************************,,서울 성동구,주류,,20210122,,왕십리
F25F012B89,서울특별시 성동구 왕십리로 410,바틀**,,서울 성동구,주류,,20230426,,왕십리
ED2BD4308F,서울특별시 성동구 왕십리로 410,치킨***********,치킨31,서울 성동구,치킨,,20230425,,왕십리
8BD1977593,서울특별시 성동구 왕십리로 410,어거*************,,서울 성동구,치킨,,20240131,,왕십리
5A0D48A713,서울특별시 성동구 왕십리로 410,카페***,,서울 성동구,카페,,20170302,,왕십리
4BA62EBC13,서울특별시 성동구 왕십리로 410,안느*****************,,서울 성동구,카페,,20170523,,왕십리
02A32AE992,서울특별시 성동구 왕십리로 410,카페**,,서울 성동구,카페,,20170703,,왕십리
2FB475D73E,서울특별시 성동구 왕십리로 410,오버**********,,서울 성동구,카페,,20210317,,왕십리
9ED42062FD,서울특별시 성동구 왕십리로 410,탐앤***********,카페13,서울 성동구,카페,,20210407,,왕십리
00F54829E1,서울특별시 성동구 왕십리로 410,카페***,,서울 성동구,카페,,20220630,,왕십리
69473BF966,서울특별시 성동구 왕십리로 410,잭슨*******,,서울 성동구,피자,,20211018,,왕십리
4E8BDFA3D8,서울특별시 성동구 왕십리로 410,한솥*********,도시락3,서울 성동구,도시락,,20230824,20250808.0,왕십리
C8892CAE05,서울특별시 성동구 왕십리로 410,환상**,,서울 성동구,식료품,,20170317,,왕십리
02621706D5,서울특별시 성동구 왕십리로 410,미래*,,서울 성동구,식료품,,20211231,,왕십리
FEAD704455,서울특별시 성동구 왕십리로 410,케키******,,서울 성동구,식료품,,20220113,,왕십리
21ED3E83CA,서울특별시 성동구 왕십리로 410,더디******,,서울 성동구,식료품,,20230613,,왕십리
94D1FFE0F6,서울특별시 성동구 왕십리로 410,참치*****,,서울 성동구,일식당,,20170206,,왕십리
DD2B300AD5,서울특별시 성동구 왕십리로 410,다온**,,서울 성동구,일식당,,20170717,,왕십리
492180DBE3,서울특별시 성동구 왕십리로 410,스시**,,서울 성동구,일식당,,20190603,,왕십리
D3DEA832D8,서울특별시 성동구 왕십리로 410,백소******,,서울 성동구,일식당,,20230726,,왕십리
730B956D46,서울특별시 성동구 왕십리로 410,마라**,,서울 성동구,중식당,,20210506,,왕십리
4EE6D5E718,서울특별시 성동구 왕십리로 410,성화**********,,서울 성동구,중식당,,20220921,,왕십리
2637B87ECB,서울특별시 성동구 왕십리로 410,스위******,,서울 성동구,청과물,,20171206,,왕십리
5D173C6BD3,서울특별시 성동구 왕십리로 410,프리*********,,서울 성동구,청과물,,20230327,,왕십리
B2B0A6FE69,서울특별시 성동구 왕십리로 410,흥부**,,서울 성동구,축산물,,20190927,20250610.0,왕십리
6C47280EB3,서울특별시 성동구 왕십리로 410,손민******,,서울 성동구,축산물,,20240822,,왕십리
C3358FB0BB,서울특별시 성동구 왕십리로 410,맘스***********,햄버거2,서울 성동구,햄버거,,20221219,,왕십리
72466FE427,서울특별시 성동구 왕십리로 410,벤티*******,,서울 성동구,햄버거,,20240801,,왕십리
9676184554,서울특별시 성동구 왕십리로 410,몽쥬***********************,,서울 성동구,베이커리,,20190311,,왕십리
041B7CBFB0,서울특별시 성동구 왕십리로 410,찰리****,,서울 성동구,베이커리,,20211012,,왕십리
70B94E4108,서울특별시 성동구 왕십리로 410,브레********,베이커리5,서울 성동구,베이커리,,20221116,,왕십리
D3B3CDB5D1,서울특별시 성동구 왕십리로 410,아띠*,,서울 성동구,베이커리,,20240103,,왕십리
0806C51324,서울특별시 성동구 왕십리로 410,위클****,,서울 성동구,베이커리,,20240411,,왕십리
1A1EC4B50C,서울특별시 성동구 왕십리로 410,생활**,호프/맥주4,서울 성동구,호프/맥주,,20170602,,왕십리
1AE0F9961C,서울특별시 성동구 왕십리로 410,메가************,커피전문점2,서울 성동구,커피전문점,,20220224,,왕십리
1CCF1F16FD,서울특별시 성동구 왕십리로 410,텐퍼*****,,서울 성동구,커피전문점,,20230801,,왕십리
B2319196A9,서울특별시 성동구 왕십리로 410,컴포**********,커피전문점11,서울 성동구,커피전문점,,20231121,,왕십리
EFEE980DF0,서울특별시 성동구 왕십리로 410,읍천***********,,서울 성동구,커피전문점,,20240517,,왕십리
8BA8BCCA0D,서울특별시 성동구 왕십리로 410,투썸***********,커피전문점13,서울 성동구,커피전문점,,20240813,,왕십리
82D491E6AB,서울특별시 성동구 왕십리로 410,커스***********,,서울 성동구,커피전문점,,20240927,,왕십리
3D432C28C3,서울특별시 성동구 왕십리로 410,장한*******,,서울 성동구,백반/가정식,,20170427,,왕십리
7A922D4172,서울특별시 성동구 왕십리로 410,대찬**,,서울 성동구,백반/가정식,,20170515,,왕십리
011E53BB76,서울특별시 성동구 왕십리로 410,정성**,백반/가정식21,서울 성동구,백반/가정식,,20171024,,왕십리
864DADCA45,서울특별시 성동구 왕십리로 410,화포********,백반/가정식24,서울 성동구,백반/가정식,,20190906,,왕십리
1786026A63,서울특별시 성동구 왕십리로 410,속초*******,,서울 성동구,백반/가정식,,20200103,,왕십리
059A6DEC9E,서울특별시 성동구 왕십리로 410,대동*,백반/가정식6,서울 성동구,백반/가정식,,20210915,,왕십리
E8869D79C1,서울특별시 성동구 왕십리로 410,미분*,,서울 성동구,기타세계요리,,20201217,,왕십리
A69C8FE49A,서울특별시 성동구 왕십리로 410,라채**,,서울 성동구,일식-샤브샤브,,20231013,,왕십리
1B10962D6B,서울특별시 성동구 왕십리로 410,하남**********,한식-육류/고기30,서울 성동구,한식-육류/고기,,20181116,,왕십리
33EF2536AD,서울특별시 성동구 왕십리로 410,푸줏*****************,,서울 성동구,한식-육류/고기,,20200511,,왕십리
C6A16C1225,서울특별시 성동구 왕십리로 410,고기********,,서울 성동구,한식-육류/고기,,20240423,,왕십리
B1F6E35E99,서울특별시 성동구 왕십리로 410,우대*******,,서울 성동구,한식-육류/고기,,20241111,,왕십리
1673EFE7A4,서울특별시 성동구 왕십리로 410,마시***********,,서울 성동구,한식-찌개/전골,,20240424,,왕십리
1521FF7269,서울특별시 성동구 왕십리로 410,강릉***************,,서울 성동구,한식-해물/생선,,20220125,20240903.0,왕십리
C0E191132C,서울특별시 성동구 왕십리로 410,강릉****************,,서울 성동구,한식-해물/생선,,20240903,,왕십리
5D90E2AA8B,서울특별시 성동구 왕십리로 410,리틀**********,,서울 성동구,동남아/인도음식,,20190709,,왕십리
45748D67A8,서울특별시 성동구 왕십리로 410,써브********,샌드위치/토스트2,서울 성동구,샌드위치/토스트,,20230307,,왕십리
7A40C57CE9,서울특별시 성동구 왕십리로 410,폴 ****,,서울 성동구,샌드위치/토스트,,20240912,,왕십리
7FC37F0D91,서울특별시 성동구 왕십리로 410,아이***************,,서울 성동구,아이스크림/빙수,,20210415,,왕십리
E14648B415,서울특별시 성동구 왕십리로 410,요요*********,,서울 성동구,아이스크림/빙수,,20230627,,왕십리
2EEFCB2C63,서울특별시 성동구 왕십리로 410,배스***************,아이스크림/빙수1,서울 성동구,아이스크림/빙수,,20240228,,왕십리
9345D90AE7,서울특별시 성동구 왕십리로 410,청실**,,서울 성동구,한식-단품요리일반,,20210820,,왕십리
6A9BA67C2E,서울특별시 성동구 왕십리로 410,샐러*******,한식-단품요리일반8,서울 성동구,한식-단품요리일반,,20220523,,왕십리
F94D17B95F,서울특별시 성동구 왕십리로 410,효자************,,서울 성동구,한식-단품요리일반,,20221103,,왕십리
2A4DAD9E0E,서울특별시 성동구 왕십리로 410,맘마*******,,서울 성동구,한식-단품요리일반,,20221213,,왕십리
39624DF65A,서울특별시 성동구 용답19길 3-1,종로***,한식-단품요리일반10,서울 성동구,한식-단품요리일반,답십리,20220317,,용답
F4835443B8,서울특별시 성동구 용답길 169-1,코너***************,,서울 성동구,식료품,답십리,20180905,,용답
4067FB5604,서울특별시 성동구 장터5길 2-15,립서**,,서울 성동구,백반/가정식,금남시장,20221011,,금남시장
FD27934820,서울특별시 성동구 천호대로 286,다*,,서울 성동구,식료품,답십리,20231229,,답십리
317594F27F,서울특별시 성동구 천호대로 288,태양**,,서울 성동구,한식-해물/생선,답십리,20181112,,답십리
795AAE487C,서울특별시 성동구 천호대로 294,김밥*,분식6,서울 성동구,분식,답십리,20170124,,답십리
47DF527035,서울특별시 성동구 천호대로 294,토리*******,,서울 성동구,한식-단품요리일반,답십리,20230911,,답십리
E852479CD1,서울특별시 성동구 천호대로 296,장어**,,서울 성동구,농산물,답십리,20220622,,답십리
244740AC40,서울특별시 성동구 천호대로 312,오공**,,서울 성동구,분식,답십리,20241112,,답십리
CA60093BA7,서울특별시 성동구 천호대로 312,달콤***********,,서울 성동구,기타세계요리,답십리,20230807,,답십리
8B0A9AC171,서울특별시 성동구 천호대로 316,커피************,카페10,서울 성동구,카페,답십리,20240812,,답십리
D0C8ACE492,서울특별시 성동구 천호대로 320,제이****************,,서울 성동구,커피전문점,답십리,20240920,,답십리
C5F8521BC4,서울특별시 성동구 천호대로 328,명륜********,백반/가정식9,서울 성동구,백반/가정식,답십리,20191120,,답십리
BF872A7E89,서울특별시 성동구 천호대로 400,매머**************,카페4,서울 성동구,카페,장한평자동차,20170306,,장한평자동차
BA9B0547FD,서울특별시 성동구 천호대로 416,투썸**********,커피전문점13,서울 성동구,커피전문점,장한평자동차,20230717,,장한평자동차
85C6B72386,서울특별시 성동구 천호대로 426,메가***************,커피전문점2,서울 성동구,커피전문점,장한평자동차,20240904,,장한평자동차
C2A525F314,서울특별시 성동구 천호대로 426,폭*,,서울 성동구,일반 유흥주점,장한평자동차,20241115,,장한평자동차
A523C21333,서울특별시 성동구 천호대로 432,큐브******,,서울 성동구,일반 유흥주점,장한평자동차,20210506,,장한평자동차
F4E7570A2E,서울특별시 성동구 청계천로 450,더가*****,카페1,서울 성동구,카페,,20191216,,용답
33CEE3F3AA,서울특별시 성동구 청계천로 474,릴즈********,,서울 성동구,양식,,20210219,,용답
BC8AC58034,서울특별시 성동구 청계천로 484,두*,,서울 성동구,한식-육류/고기,,20180517,,용답
7E1DD52BF1,서울특별시 성동구 청계천로 494,로그***,,서울 성동구,카페,,20220406,,용답
32C35D2846,서울특별시 성동구 한림말1길 10,베스***********,아이스크림/빙수1,서울 성동구,아이스크림/빙수,옥수,20231226,,옥수
819DFB541A,서울특별시 성동구 한림말1길 12,세이**,,서울 성동구,식료품,옥수,20241115,,옥수
A7CC582C60,서울특별시 성동구 한림말1길 12,아우*********,,서울 성동구,베이커리,옥수,20241104,,옥수
4257D2CFAA,서울특별시 성동구 한림말1길 12,토리*******,,서울 성동구,한식-단품요리일반,옥수,20240905,,옥수
7AFF6C86CE,서울특별시 성동구 한림말1길 16,르루***********,,서울 성동구,카페,옥수,20190227,,옥수
80F02261CF,서울특별시 성동구 한림말1길 17,수제*****,,서울 성동구,요리주점,옥수,20210721,,옥수
19325B3A29,서울특별시 성동구 한림말3길 10,캘*,,서울 성동구,햄버거,옥수,20211123,,옥수
9B746411BA,서울특별시 성동구 한림말3길 12,옥토*,,서울 성동구,백반/가정식,옥수,20240523,,옥수
BE3F9032F3,서울특별시 성동구 한림말3길 14,모찌**,,서울 성동구,베이커리,옥수,20170720,,옥수
6B8978E14C,서울특별시 성동구 한림말3길 15,본죽***********,한식-죽2,서울 성동구,한식-죽,옥수,20231103,,옥수
F6AC821645,서울특별시 성동구 한림말3길 21,펑키***,,서울 성동구,양식,옥수,20201208,,옥수
0AA044D334,서울특별시 성동구 한림말3길 21,베이****,,서울 성동구,베이커리,옥수,20201214,,옥수
037D7CDBAE,서울특별시 성동구 한림말3길 29,좋은*****,,서울 성동구,일식당,옥수,20200715,,옥수
B2DA05F4F2,서울특별시 성동구 한림말3길 31,항구*****,,서울 성동구,한식-단품요리일반,옥수,20170209,,옥수
84407A0DDB,서울특별시 성동구 한림말5길 11,애플********,,서울 성동구,분식,옥수,20220614,,옥수
055A2785B9,서울특별시 성동구 한림말5길 11,커피***********,,서울 성동구,커피전문점,옥수,20190607,,옥수
743AB5992F,서울특별시 성동구 한림말5길 15,케이***********,,서울 성동구,분식,옥수,20201104,,옥수
A8D93F0376,서울특별시 성동구 한림말5길 15,옥수**,,서울 성동구,식료품,옥수,20241204,,옥수
32514851CD,서울특별시 성동구 한림말5길 17,카페****,,서울 성동구,카페,옥수,20190508,,옥수
727BA366E7,서울특별시 성동구 한림말5길 17,생활*******,호프/맥주4,서울 성동구,호프/맥주,옥수,20230327,,옥수
47C597A064,서울특별시 성동구 한림말5길 25,맑을*,,서울 성동구,주류,옥수,20171220,,옥수
75FEAA7D87,서울특별시 성동구 행당로 104-1,진이*******,반찬2,서울 성동구,반찬,행당,20210527,,행당
5C57D59C97,서울특별시 성동구 행당로 112-5,청춘**,,서울 성동구,한식-육류/고기,행당,20170818,,행당
0B6A827588,서울특별시 성동구 행당로 119-6,아이*****,,서울 성동구,아이스크림/빙수,행당,20200623,,행당
AA24604161,서울특별시 성동구 행당로 119-6,오코*******,,서울 성동구,일식-우동/소바/라면,행당,20170313,,행당
EC2497D7F4,서울특별시 성동구 행당로 125-4,스시*,,서울 성동구,일식당,왕십리,20240703,,행당
9D2E924E3E,서울특별시 성동구 행당로 125-4,하노*****,동남아/인도음식7,서울 성동구,동남아/인도음식,왕십리,20180622,20250730.0,행당
9C542A99A9,서울특별시 성동구 행당로11길 4,깐부*******,치킨8,서울 성동구,치킨,행당,20230324,,행당
6D30C7D218,서울특별시 성동구 행당로15길 4,마라**,,서울 성동구,중식-훠궈/마라탕,행당,20221216,,행당
95B2C3A482,서울특별시 성동구 행당로17길 2,간식**,,서울 성동구,아이스크림/빙수,왕십리,20230720,,행당
7DEB8C0391,서울특별시 성동구 행당로17길 3,뚜레*****,베이커리2,서울 성동구,베이커리,왕십리,20220510,,행당
400C105927,서울특별시 성동구 행당로1길 22,한랑**,,서울 성동구,요리주점,,20230823,,행당
9FE4CA2E40,서울특별시 성동구 행당로9길 43,리마***,,서울 성동구,중식당,행당,20240305,,행당
D4C5EBD12F,서울특별시 성동구 행당로9길 43,석촌*******,,서울 성동구,백반/가정식,행당,20240305,,행당
43C7FF8A46,경기 동두천시 중앙로265번길 30.,은하***,,서울 성동구,한식-해물/생선,행당,20191030,,행당
2402B1EA00,서울  성동구  자동차시장1길  82,장안**,,서울 성동구,백반/가정식,답십리,20120316,,답십리
F677279FBB,서울 성동구 자동차시장1길 24-1.,청해*,중식당6,서울 성동구,중식당,장한평자동차,20070629,,장한평자동차
65199A38DE,서울 성동구 자동차시장1길 30-10,뚱이***,,서울 성동구,포장마차,장한평자동차,20150713,,장한평자동차
816261F28B,서울특별시 성동구 고산자로2길 4,간식******,,서울 성동구,아이스크림/빙수,,20210818,,왕십리
5257313CF4,서울특별시 성동구 광나루로9길 2,본*,,서울 성동구,떡/한과,,20221013,,뚝섬
F8CF4EB923,서울특별시 성동구 광나루로9길 2,우리**,,서울 성동구,백반/가정식,,20170608,,뚝섬
3F9407A8C2,서울특별시 성동구 금호로13길 20,카페**,,서울 성동구,카페,,20170420,,신금호
CC3A3D392C,서울특별시 성동구 금호로3가길 3,도르****,,서울 성동구,동남아/인도음식,금남시장,20221006,,신금호
63AB211FC9,서울특별시 성동구 금호산2가길 2,완도****,,서울 성동구,한식-해물/생선,금남시장,20170412,,금남시장
CE412204AA,서울특별시 성동구 금호산2길 6-1,고기**,,서울 성동구,한식-육류/고기,금남시장,20211006,20240514.0,금남시장
38D9B1B96A,서울특별시 성동구 금호산2길 6-1,고기*******,,서울 성동구,한식-육류/고기,금남시장,20240514,,금남시장
1BB00863B9,서울특별시 성동구 금호산길 10-1,서울****,,서울 성동구,농산물,금남시장,20240509,,신금호
F344AFB600,서울특별시 성동구 금호산길 30-1,보라***,,서울 성동구,식료품,,20220324,,신금호
D799D3A520,서울특별시 성동구 금호산길 38-4,소이**,,서울 성동구,농산물,신금호,20241128,,신금호
EE000D3E14,서울특별시 성동구 금호산길 40-1,카페***,,서울 성동구,카페,신금호,20240102,20250724.0,신금호
AD045C18E5,서울특별시 성동구 금호산길 49-1,그로****,,서울 성동구,카페,신금호,20180307,,신금호
25E23A7190,서울특별시 성동구 금호산길 49-1,수미********,,서울 성동구,식료품,신금호,20230907,,신금호
2381F744F1,서울특별시 성동구 금호산길 49-1,먹깨***,,서울 성동구,한식-육류/고기,신금호,20190514,,신금호
6B99F5A278,서울특별시 성동구 금호산길 56-1,아지***,,서울 성동구,카페,신금호,20230309,,신금호
B53E9730C4,서울특별시 성동구 금호산길 56-1,명가*********,,서울 성동구,아이스크림/빙수,신금호,20200519,,신금호
6F8840FB72,서울특별시 성동구 금호산길 66-1,본죽*******,한식-죽1,서울 성동구,한식-죽,신금호,20180820,,신금호
13BB3CF1BB,서울특별시 성동구 금호산길 66-1,메이***********,,서울 성동구,백반/가정식,신금호,20210106,,신금호
2A9CD599EF,서울특별시 성동구 금호산길 66-1,덕구**,,서울 성동구,한식-단품요리일반,신금호,20210517,,신금호
E145D9B3BC,서울특별시 성동구 난계로 114-31,주아**,,서울 성동구,농산물,,20230116,,왕십리
FE56C99A69,서울특별시 성동구 뚝섬로 341-18,아후*****,,서울 성동구,베이커리,성수,20221102,,성수
EAF82B5862,서울특별시 성동구 뚝섬로 341-18,시냅*,,서울 성동구,일반 유흥주점,성수,20221020,,성수
8BA38E4DD1,서울특별시 성동구 뚝섬로 341-18,이키**,,서울 성동구,일식-덮밥/돈가스,성수,20221123,,성수
C4B2112114,서울특별시 성동구 뚝섬로 366-46,리브*,,서울 성동구,양식,성수,20211109,,성수
036B3FD49B,서울특별시 성동구 뚝섬로 385-32,컴포***************,커피전문점11,서울 성동구,커피전문점,성수,20220715,,성수
8CF39A31E0,서울특별시 성동구 뚝섬로 385-32,밀단*,,서울 성동구,일식-샤브샤브,성수,20171016,20250808.0,성수
0A11294210,서울특별시 성동구 뚝섬로 385-40,무공**********,,서울 성동구,분식,성수,20220204,,성수
B0A6B628D3,서울특별시 성동구 뚝섬로 385-40,샵 *********,,서울 성동구,커피전문점,성수,20200616,,성수
4EEF5997AF,서울특별시 성동구 뚝섬로 385-40,오부*,,서울 성동구,한식-찌개/전골,성수,20171012,,성수
AEC1C59A9D,서울특별시 성동구 뚝섬로 427-15,지우*,,서울 성동구,중식-딤섬/중식만두,,20241004,,성수
7E8084659F,서울특별시 성동구 뚝섬로11길 21,써니*************,,서울 성동구,양식,성수,20220413,,성수
2DD4A5D048,서울특별시 성동구 뚝섬로11길 21,포케*******,,서울 성동구,기타세계요리,성수,20230822,,성수
C3D4010F52,서울특별시 성동구 뚝섬로13길 36,디디******,,서울 성동구,카페,성수,20240612,,성수
537AB5F50E,서울특별시 성동구 뚝섬로15길 27,바위******,,서울 성동구,양식,,20220217,,성수
655851E372,서울특별시 성동구 뚝섬로15길 29,리브*,,서울 성동구,카페,,20190507,,성수
5595AE45A8,서울특별시 성동구 뚝섬로17길 29,커피*****,,서울 성동구,커피전문점,,20230525,,성수
05EE42C739,서울특별시 성동구 뚝섬로1나길 5,로우*,,서울 성동구,카페,뚝섬,20210608,,성수
B5A87E019D,서울특별시 성동구 뚝섬로7길 7-1,포도************,,서울 성동구,요리주점,성수,20220719,,성수
80DB1CE0EE,서울특별시 성동구 뚝섬로9길 3-1,파라*,,서울 성동구,와인바,성수,20211110,,성수
BA2CC9CBB0,서울특별시 성동구 뚝섬로9길 3-1,카페***********,,서울 성동구,아이스크림/빙수,성수,20241008,,성수
61811034C2,서울특별시 성동구 마장로 227-16,영재**,,서울 성동구,축산물,,20210714,,마장동
EE46679C37,서울특별시 성동구 마장로 228-12,민들*,,서울 성동구,백반/가정식,왕십리,20230103,,마장동
56EE904EE0,서울특별시 성동구 마장로 228-18,떡두*,,서울 성동구,백반/가정식,왕십리,20231219,,마장동
4F6533C9B9,서울특별시 성동구 마장로 228-24,모야**,,서울 성동구,분식,왕십리,20200210,,마장동
627F539A91,서울특별시 성동구 마장로 229-17,비터*****,,서울 성동구,커피전문점,,20241008,,마장동
8866726E15,서울특별시 성동구 마장로26길 13,노무*,,서울 성동구,와인바,왕십리,20230130,,마장동
C15C0FAF26,서울특별시 성동구 마장로29길 45,제철********,,서울 성동구,청과물,마장동,20200429,,마장동
02377784A1,서울특별시 성동구 마장로31길 40,한우**,,서울 성동구,축산물,마장동,20170424,,마장동
525D3B1AD2,서울특별시 성동구 마장로31길 40,흥일**,,서울 성동구,축산물,마장동,20200107,,마장동
E8152DDA49,서울특별시 성동구 마장로31길 40,하나**,,서울 성동구,축산물,마장동,20210705,,마장동
83A0FDAFA7,서울특별시 성동구 마장로31길 40,대광**,,서울 성동구,축산물,마장동,20240905,,마장동
02B9A2CC01,서울특별시 성동구 마장로31길 40,마장*******,,서울 성동구,한식-육류/고기,마장동,20200730,,마장동
4C4C19D23F,서울특별시 성동구 마장로31길 43,서문**,,서울 성동구,축산물,마장동,20170420,,마장동
A6964F8879,서울특별시 성동구 마장로31길 43,원일**,,서울 성동구,축산물,마장동,20170824,,마장동
83900DDFE0,서울특별시 성동구 마장로31길 43,삼호**,,서울 성동구,축산물,마장동,20190910,,마장동
F5449AAD7F,서울특별시 성동구 마장로31길 43,나눔****,,서울 성동구,축산물,마장동,20191206,,마장동
FB4DA73643,서울특별시 성동구 마장로31길 43,로또****,축산물2,서울 성동구,축산물,마장동,20210709,,마장동
5B537AFFD8,서울특별시 성동구 마장로31길 44,동남**,,서울 성동구,축산물,마장동,20180419,,마장동
823EAE1BFC,서울특별시 성동구 마장로31길 44,대찬**,,서울 성동구,축산물,마장동,20191226,,마장동
4D45E10163,서울특별시 성동구 마장로31길 44,삼보****,,서울 성동구,축산물,마장동,20230116,,마장동
6880AFD844,서울특별시 성동구 마장로31길 48,한솔**,,서울 성동구,한식-단품요리일반,마장동,20211108,,마장동
AB7C12DD2E,서울특별시 성동구 마장로33길 13,덕유**,,서울 성동구,축산물,,20190617,,마장동
59C69D9CD8,서울특별시 성동구 마장로33길 67,좋은****,,서울 성동구,축산물,마장동,20210209,,마장동
7939D0AA25,서울특별시 성동구 마장로33길 67,경동****,,서울 성동구,축산물,마장동,20220418,,마장동
0A14F6BC71,서울특별시 성동구 마장로35길 36,강진**,,서울 성동구,백반/가정식,마장동,20170424,,마장동
2E11392CA8,서울특별시 성동구 마장로35길 46,대*,,서울 성동구,축산물,마장동,20170105,,마장동
4DC1192CB7,서울특별시 성동구 마장로35길 46,보형**,,서울 성동구,축산물,마장동,20180906,,마장동
3A81FE047A,서울특별시 성동구 마장로35길 46,정오**,,서울 성동구,축산물,마장동,20240223,,마장동
7042BE8B0B,서울특별시 성동구 마장로35길 70,다복**,,서울 성동구,축산물,마장동,20210114,,마장동
4261C5A667,서울특별시 성동구 마장로35길 76,하울**,,서울 성동구,카페,,20180220,,마장동
CF090D5B8C,서울특별시 성동구 마장로35길 76,한우**,,서울 성동구,축산물,,20190308,,마장동
3478DD65AA,서울특별시 성동구 마장로35길 76,한백****,,서울 성동구,축산물,,20210106,,마장동
790D3285E3,서울특별시 성동구 마장로35길 76,값진**,,서울 성동구,축산물,,20220726,,마장동
9192973649,서울특별시 성동구 마장로35길 76,대명******,,서울 성동구,축산물,,20230427,,마장동
B239A919FA,서울특별시 성동구 마장로35길 76,고기**,,서울 성동구,축산물,,20231226,,마장동
A03C9ACB92,서울특별시 성동구 마장로35길 76,전봇**,,서울 성동구,한식-육류/고기,,20240902,,마장동
448BDB28BD,서울특별시 성동구 마장로35길 76,와&*,,서울 성동구,한식-단품요리일반,,20240314,,마장동
7DD84417BD,서울특별시 성동구 마장로35길 76,한*,,서울 성동구,한식-단품요리일반,,20240722,,마장동
EEA824DBB4,서울특별시 성동구 마장로37길 33,수정**,,서울 성동구,백반/가정식,마장동,20161212,,마장동
80847B8A08,서울특별시 성동구 마장로37길 40,한우**,,서울 성동구,농산물,,20180330,,마장동
1E10EECF86,서울특별시 성동구 마장로37길 40,동원****,,서울 성동구,축산물,,20200214,,마장동
62170CD834,서울특별시 성동구 마장로37길 40,장수****,,서울 성동구,축산물,,20200521,,마장동
AEDB32EDA4,서울특별시 성동구 마장로37길 40,대성**,축산물2,서울 성동구,축산물,,20210825,,마장동
7DECE5D4FD,서울특별시 성동구 마장로37길 40,미육*******,,서울 성동구,축산물,,20230802,,마장동
9E656CB539,서울특별시 성동구 마장로37길 40,이영**,,서울 성동구,축산물,,20230822,,마장동
ED52C35FC7,서울특별시 성동구 마장로37길 41,우진**,,서울 성동구,축산물,마장동,20210709,,마장동
81159E8CD8,서울특별시 성동구 마장로37길 41,우진**,,서울 성동구,축산물,마장동,20240405,,마장동
995AA17CD7,서울특별시 성동구 마장로37길 43,마장**,,서울 성동구,축산물,마장동,20170310,,마장동
31AED9557A,서울특별시 성동구 마장로37길 43,현대**,,서울 성동구,축산물,마장동,20180611,,마장동
F8D42257C0,서울특별시 성동구 마장로37길 43,한우**,,서울 성동구,축산물,마장동,20230209,,마장동
519942A2F8,서울특별시 성동구 마장로37길 43,우여*,,서울 성동구,축산물,마장동,20231006,,마장동
F27F93CCEE,서울특별시 성동구 마장로37길 43,우여*,,서울 성동구,한식-육류/고기,마장동,20221024,,마장동
FEDAD7667E,서울특별시 성동구 마장로37길 45,탐라**,,서울 성동구,축산물,마장동,20170406,,마장동
8640E83EC0,서울특별시 성동구 마장로37길 45,신부**,,서울 성동구,축산물,마장동,20190716,,마장동
AFD575EAD3,서울특별시 성동구 마장로37길 45,대한**,,서울 성동구,축산물,마장동,20200812,,마장동
F4D804EFA3,서울특별시 성동구 마장로37길 49,명진****,,서울 성동구,축산물,마장동,20200826,,마장동
BE98ECE2C2,서울특별시 성동구 마장로37길 49,남원***,,서울 성동구,축산물,마장동,20230526,,마장동
A1B826773C,서울특별시 성동구 마장로37길 49,남원**,,서울 성동구,축산물,마장동,20230908,,마장동
104031A6C2,서울특별시 성동구 마장로37길 53,한일**,,서울 성동구,축산물,마장동,20200213,20240521.0,마장동
60AD2EEEB8,서울특별시 성동구 마장로37길 53,마블*,,서울 성동구,축산물,마장동,20240521,,마장동
0495B069FF,서울특별시 성동구 마장로39길 34,다다**,,서울 성동구,식료품,,20180523,,마장동
ABBBDF19AC,서울특별시 성동구 마장로39길 36,더달************,,서울 성동구,아이스크림/빙수,,20200615,,마장동
63FA0DEB58,서울특별시 성동구 마장로39길 51,계동**,치킨5,서울 성동구,치킨,,20190410,,마장동
A0995D635E,서울특별시 성동구 마장로46길 18,무진**,,서울 성동구,축산물,,20200724,,마장동
8A5378CE22,서울특별시 성동구 마조로11길 10,커피*,,서울 성동구,커피전문점,한양대,20211027,20250808.0,한양대
E1FDBF2D4D,서울특별시 성동구 마조로11길 12,톤즈**,,서울 성동구,커피전문점,한양대,20230118,,한양대
6779202960,서울특별시 성동구 마조로15길 16,와츠*,,서울 성동구,카페,,20230822,,한양대
00FDB35E9C,서울특별시 성동구 마조로15길 19,작은**,,서울 성동구,카페,,20190129,,한양대
70E5A42DE8,서울특별시 성동구 마조로16길 23,이지****,,서울 성동구,식료품,,20221031,,마장동
837F9F44DC,서울특별시 성동구 마조로16길 23,얼음*******************,,서울 성동구,아이스크림/빙수,,20210218,,마장동
E8B987DD5B,서울특별시 성동구 마조로18길 12,가평**,,서울 성동구,백반/가정식,,20200213,,마장동
85042E07C2,서울특별시 성동구 마조로19길 21,금룡***,,서울 성동구,중식당,,20191010,,마장동
7B846CCF0A,서울특별시 성동구 마조로1가길 1,한신*******,,서울 성동구,분식,한양대,20240122,,한양대
279E4BE602,서울특별시 성동구 마조로1가길 1,서초***,백반/가정식13,서울 성동구,백반/가정식,한양대,20200317,,한양대
0A21C8B332,서울특별시 성동구 마조로3가길 3,하쿠****,,서울 성동구,일식당,한양대,20181218,,한양대
62DA6EB79A,서울특별시 성동구 마조로3길 2-1,치폴******,,서울 성동구,한식-육류/고기,한양대,20181010,,한양대
6ECC011278,서울특별시 성동구 마조로3길 7-1,여*,,서울 성동구,이자카야,한양대,20230302,,한양대
FF14F559B9,서울특별시 성동구 마조로3길 7-1,언더**************,,서울 성동구,한식-단품요리일반,한양대,20160624,,한양대
B72347F20F,서울특별시 성동구 마조로5길 3-3,리올*,,서울 성동구,한식-단품요리일반,한양대,20231102,,한양대
AF12407D8A,서울특별시 성동구 마조로5길 4-5,짙은********,,서울 성동구,카페,한양대,20200925,,한양대
A9242223C7,서울특별시 성동구 마조로5길 4-5,한양**,,서울 성동구,포장마차,한양대,20220503,,한양대
7A3C729CA2,서울특별시 성동구 마조로7길 4-6,만게******,,서울 성동구,일식당,한양대,20240624,20250728.0,한양대
AEE4ACBA39,서울특별시 성동구 마조로7길 6-1,칠성**,,서울 성동구,한식-단품요리일반,한양대,20220926,,한양대
13F380E465,서울특별시 성동구 마조로7길 9-1,세이********************,,서울 성동구,양식,한양대,20231121,,한양대
FBAAA9652B,서울특별시 성동구 마조로9길 6-3,어거******,,서울 성동구,베이커리,한양대,20240617,,한양대
2D92AEB068,서울특별시 성동구 마조로9길 6-5,핏제****************************,,서울 성동구,피자,한양대,20211109,,한양대
42028E39B5,서울특별시 성동구 마조로9길 6-8,호수***,,서울 성동구,한식-해물/생선,한양대,20190702,,한양대
643B6CDCC2,서울특별시 성동구 무수막길 60-2,우리***,,서울 성동구,건강원,신금호,20171220,,신금호
C8670ECB8D,서울특별시 성동구 무수막길 61-1,닉앤****,,서울 성동구,한식-단품요리일반,신금호,20230421,,신금호
80B55AD69E,서울특별시 성동구 무수막길 76-1,멜시******,,서울 성동구,분식,신금호,20230421,,신금호
8F6BDD4F8F,서울특별시 성동구 무수막길 88-1,금이*,,서울 성동구,호프/맥주,신금호,20220620,,신금호
775E4B34A4,서울특별시 성동구 무수막길 89-2,신금*****,,서울 성동구,분식,신금호,20210916,,신금호
9ABB023176,서울특별시 성동구 무수막길 89-5,멘부******,,서울 성동구,일식당,신금호,20220712,,신금호
636DB3B918,서울특별시 성동구 무수막길 91-1,나영**,,서울 성동구,백반/가정식,신금호,20191025,,신금호
CFC3884DF7,서울특별시 성동구 무수막길 91-1,영자***,한식-육류/고기18,서울 성동구,한식-육류/고기,신금호,20240904,,신금호
B3FEDC6A1C,서울특별시 성동구 무수막길 91-1,국물*******,,서울 성동구,한식-육류/고기,신금호,20241104,20250730.0,신금호
723DD32135,서울특별시 성동구 무학로10길 30,혜화******,,서울 성동구,일식-덮밥/돈가스,왕십리,20180112,,왕십리
998702EE5E,서울특별시 성동구 무학로14길 33,우나*,,서울 성동구,축산물,,20240822,,왕십리
BF08598BF2,서울특별시 성동구 무학로4길 4-1,에코****,,서울 성동구,수산물,왕십리,20190110,,왕십리
0576F5F42A,서울특별시 성동구 무학봉15길 12,멜스**,,서울 성동구,식료품,왕십리,20170215,,왕십리
8AD6B5D807,서울특별시 성동구 무학봉15길 14,꾸브*********,,서울 성동구,치킨,왕십리,20201127,,왕십리
FEB83042A5,서울특별시 성동구 무학봉15길 20,BL******,,서울 성동구,카페,왕십리,20211029,,왕십리
50CA101871,서울특별시 성동구 무학봉15길 24,두번*****,,서울 성동구,마카롱,왕십리,20190527,,왕십리
9D72F83B30,서울특별시 성동구 무학봉15길 25,바다*********,,서울 성동구,농산물,,20221107,,왕십리
50BD9E37F2,서울특별시 성동구 무학봉15길 25,둘시**********************,,서울 성동구,베이커리,,20240528,,왕십리
EBE0962975,서울특별시 성동구 무학봉15길 27,이디***********************,커피전문점6,서울 성동구,커피전문점,,20181227,,왕십리
3ADF083472,서울특별시 성동구 무학봉15길 28,큐브**,,서울 성동구,백반/가정식,,20240903,,왕십리
A1546D188A,서울특별시 성동구 무학봉15길 28,한우*,,서울 성동구,한식-육류/고기,,20241024,,왕십리
F67A482D90,서울특별시 성동구 무학봉16길 11,스마*,,서울 성동구,분식,왕십리,20180802,,왕십리
302563C7F4,서울특별시 성동구 무학봉16길 15,삼죽*,,서울 성동구,한식-육류/고기,왕십리,20241014,,왕십리
C4EB3CD558,서울특별시 성동구 무학봉16길 20,용문**,,서울 성동구,식료품,왕십리,20201209,,왕십리
9852E1C1E8,서울특별시 성동구 무학봉16길 26,마린********,,서울 성동구,한식-해물/생선,왕십리,20200810,,왕십리
A17BCB86AE,서울특별시 성동구 무학봉16길 28,육회****,,서울 성동구,한식-육류/고기,왕십리,20210416,,왕십리
827A8265A3,서울특별시 성동구 무학봉21길 11,삼척*******,,서울 성동구,분식,왕십리,20230717,,왕십리
0A249AE8F1,서울특별시 성동구 무학봉26길 12,골목**,,서울 성동구,요리주점,왕십리,20200204,,왕십리
304DF7C3D2,서울특별시 성동구 무학봉28길 16,브라*************,,서울 성동구,카페,왕십리,20231027,,왕십리
201D6EE851,서울특별시 성동구 무학봉28길 19,나라***,,서울 성동구,한식-육류/고기,왕십리,20170821,,왕십리
15312BD018,서울특별시 성동구 무학봉28길 20,수상***,,서울 성동구,한식-육류/고기,왕십리,20190422,,왕십리
559A0E2C40,서울특별시 성동구 무학봉28길 21,먹어****,한식-육류/고기9,서울 성동구,한식-육류/고기,왕십리,20210323,,왕십리
812F84AF3D,서울특별시 성동구 무학봉길 41-1,빨간********,피자4,서울 성동구,피자,,20221214,,왕십리
245B7B99B2,서울특별시 성동구 무학봉길 41-1,빨간*********,피자4,서울 성동구,피자,,20231213,,왕십리
EE91547CA3,서울특별시 성동구 무학봉길 42-1,반디****,,서울 성동구,양식,,20240925,,왕십리
4B5CD08E49,서울특별시 성동구 무학봉길 54-1,큰집***,치킨34,서울 성동구,치킨,,20180611,,왕십리
D45A8799DB,서울특별시 성동구 무학봉길 54-1,청년******,피자6,서울 성동구,피자,,20240617,,왕십리
4B06EC5432,서울특별시 성동구 무학봉길 54-1,싱싱****,,서울 성동구,농산물,,20200603,,왕십리
D2C222F8FA,서울특별시 성동구 무학봉길 64-4,청담*,,서울 성동구,반찬,,20210209,,왕십리
86D853E501,서울특별시 성동구 무학봉길 64-4,아이***,,서울 성동구,식료품,,20200731,,왕십리
ADFA98CFBF,서울특별시 성동구 무학봉길 65-2,해늘**,,서울 성동구,분식,,20220708,,왕십리
2D948AFFC9,서울특별시 성동구 무학봉길 97-1,왕십******,,서울 성동구,한식-단품요리일반,왕십리,20220603,,왕십리
0487117D58,서울특별시 성동구 사근동10길 14,카페****************,,서울 성동구,카페,한양대,20210903,,한양대
664477153F,서울특별시 성동구 사근동8가길 1,한끼*****,,서울 성동구,백반/가정식,한양대,20180425,,한양대
57D8D0DAEE,서울특별시 성동구 사근동길 20-1,올쿡*******,,서울 성동구,반찬,한양대,20240405,,한양대
3632A29DDA,서울특별시 성동구 사근동길 21-1,길이********,,서울 성동구,백반/가정식,한양대,20170420,,한양대
831DD29FAB,서울특별시 성동구 사근동길 52-1,카페***,,서울 성동구,카페,한양대,20200923,,한양대
E376C90F04,서울특별시 성동구 사근동길 63-1,다모*,,서울 성동구,식료품,한양대,20240123,,한양대
613B8B6375,서울특별시 성동구 상원12길 24-1,그라*****,,서울 성동구,커피전문점,뚝섬,20200810,,뚝섬
BA5B405677,서울특별시 성동구 상원1길 35-14,백소******,,서울 성동구,일식당,뚝섬,20210528,,뚝섬
1F7D63C933,서울특별시 성동구 상원1길 35-14,아루*,,서울 성동구,이자카야,뚝섬,20230523,,뚝섬
BF43B6D3DA,서울특별시 성동구 상원1길 35-18,크로*******,,서울 성동구,카페,뚝섬,20220705,,뚝섬
2403DDB210,서울특별시 성동구 상원1길 35-22,타코****,,서울 성동구,양식,뚝섬,20241128,,뚝섬
6D684E1B4C,서울특별시 성동구 상원1길 35-22,소코*****,,서울 성동구,한식-단품요리일반,뚝섬,20230302,,뚝섬
0F236D513F,서울특별시 성동구 상원1길 35-23,래빗****,,서울 성동구,햄버거,뚝섬,20240422,,뚝섬
3DDD63B1FA,서울특별시 성동구 서울숲2길 8-7,리글*,,서울 성동구,카페,,20220708,,성수
D3477E9950,서울특별시 성동구 서울숲7길 9-1,포도**,,서울 성동구,베이커리,뚝섬,20211001,,뚝섬
E7A25A394B,서울특별시 성동구 서울숲길 46-1,제*,,서울 성동구,중식당,뚝섬,20191209,,성수
D669157A58,서울특별시 성동구 서울숲길 51-1,아오***,,서울 성동구,한식-단품요리일반,뚝섬,20210624,,성수
B4C8D0B6AD,서울특별시 성동구 성덕정11길 18,베티*,,서울 성동구,카페,성수,20210217,,성수
36E8832157,서울특별시 성동구 성덕정11길 20,행복****,,서울 성동구,한식-국수/만두,성수,20230405,,성수
54BC20B0A0,서울특별시 성동구 성덕정15길 12,쏘*,,서울 성동구,양식,성수,20230724,,성수
EE0678A190,서울특별시 성동구 성덕정15길 12,예쓰******,,서울 성동구,커피전문점,성수,20230906,,성수
ED67372F75,서울특별시 성동구 성덕정17길 11,코치********,,서울 성동구,일식당,성수,20220620,,성수
747664A81F,서울특별시 성동구 성덕정17길 11,성수**,,서울 성동구,일식당,성수,20231212,,성수
25CB7FE229,서울특별시 성동구 성덕정17길 11,흙과**,,서울 성동구,한식-단품요리일반,성수,20180228,,성수
92B0D7B1BB,서울특별시 성동구 성덕정17길 12,밤새**,,서울 성동구,요리주점,성수,20191216,,성수
5D164CCB8F,서울특별시 성동구 성덕정19길 13,아타*,,서울 성동구,일식당,,20210309,,성수
D01DF9EC5F,서울특별시 성동구 성덕정19길 23,파라**,,서울 성동구,카페,,20220805,,성수
31EC330DC9,서울특별시 성동구 성덕정3가길 1,회현*,,서울 성동구,백반/가정식,성수,20210310,,성수
CCE28D1338,서울특별시 성동구 성덕정3길 5-1,팔레*,,서울 성동구,백반/가정식,,20200106,,성수
0E0486902E,서울특별시 성동구 성덕정3길 7-1,혼합**,,서울 성동구,한식-단품요리일반,,20190418,,성수
3574088A21,서울특별시 성동구 성덕정9가길 2,뵈르************,,서울 성동구,식료품,성수,20210317,,성수
E82E2D91C7,서울특별시 성동구 성덕정9가길 2,벌스*********************,,서울 성동구,식료품,성수,20230725,,성수
44A9291640,서울특별시 성동구 성덕정9가길 2,후프***************,,서울 성동구,커피전문점,성수,20210504,,성수
9B6F07D54C,서울특별시 성동구 성덕정9가길 2,강진*****,,서울 성동구,한식-육류/고기,성수,20230918,,성수
932E799577,서울특별시 성동구 성덕정9가길 6,룸템****,,서울 성동구,양식,성수,20241010,,성수
ED1FCA35E8,서울특별시 성동구 성덕정길 52-1,레드*********,,서울 성동구,양식,성수,20201224,,송정동
3C16CE8803,서울특별시 성동구 성덕정길 72-4,순심**,,서울 성동구,백반/가정식,성수,20181023,,송정동
9D2CF29F75,서울특별시 성동구 성덕정길 72-4,시크******,,서울 성동구,일반 유흥주점,성수,20201014,,송정동
EB036FFB76,서울특별시 성동구 성덕정길 74-1,교동*,,서울 성동구,식료품,성수,20170707,,송정동
452E7CAA14,서울특별시 성동구 성덕정길 82-1,작*,,서울 성동구,일식당,성수,20200619,,송정동
BB15AB32DE,서울특별시 성동구 성덕정길 82-1,이안**,,서울 성동구,백반/가정식,성수,20220627,,송정동
2604CC295C,서울특별시 성동구 성덕정길 90-1,분식***,,서울 성동구,분식,성수,20231115,,송정동
7679418849,서울특별시 성동구 성덕정길 92-2,플록******,,서울 성동구,한식-단품요리일반,성수,20210423,,송정동
4ACBCC7739,서울특별시 성동구 성덕정길 95-7,형제**,,서울 성동구,한식-단품요리일반,성수,20240307,,송정동
9C3EC0EDDC,서울특별시 성동구 성수이로 18-1,높은************,,서울 성동구,카페,성수,20200831,,성수
20EEE2EE86,서울특별시 성동구 성수이로 24-1,꽃나***,,서울 성동구,분식,성수,20211203,,성수
4187D0B073,서울특별시 성동구 성수이로 30-1,뚝섬****,,서울 성동구,일식당,성수,20240610,,성수
D354915A15,서울특별시 성동구 성수이로 30-3,뚝도**,,서울 성동구,한식-해물/생선,성수,20171121,,성수
0B91BA490B,서울특별시 성동구 성수이로 30-4,은식*,,서울 성동구,백반/가정식,성수,20200924,,성수
53E08ECF72,서울특별시 성동구 성수이로 32-3,훈이*,,서울 성동구,백반/가정식,성수,20220622,,성수
03DCE2BB5C,서울특별시 성동구 성수이로 33-3,메가**,,서울 성동구,백반/가정식,성수,20241011,,성수
C1E11E7838,서울특별시 성동구 성수이로 34-1,쿨베***********,,서울 성동구,담배,성수,20210722,,성수
2E234CD1DD,서울특별시 성동구 성수이로 36-7,골목**,,서울 성동구,한식-단품요리일반,성수,20230823,,성수
8EC31C80FF,서울특별시 성동구 성수이로 36-9,시골*,,서울 성동구,백반/가정식,성수,20200923,,성수
383481B7AC,서울특별시 성동구 성수이로7길 1,모센***********,,서울 성동구,카페,성수,20221102,,성수
4251F43180,서울특별시 성동구 성수이로7길 1,범*,,서울 성동구,요리주점,성수,20211220,,성수
FD1D26195F,서울특별시 성동구 성수이로7길 1,젤라****,,서울 성동구,아이스크림/빙수,성수,20180419,,성수
FCE9599321,서울특별시 성동구 성수이로7길 7,가가**,,서울 성동구,일식당,성수,20200622,,성수
79DB6DBBB4,서울특별시 성동구 성수이로7길 7,커피******,커피전문점8,서울 성동구,커피전문점,성수,20171220,,성수
182C5D1799,서울특별시 성동구 성수이로7길 7,이랑****************,,서울 성동구,한식-단품요리일반,성수,20170214,,성수
D67C0BE6A2,서울특별시 성동구 성수일로1길 8,뇨끼*,,서울 성동구,양식,,20230509,,성수
A479497AF2,서울특별시 성동구 성수일로3길 2,록*,,서울 성동구,일식-우동/소바/라면,성수,20200814,,성수
4BBF641656,서울특별시 성동구 성수일로8길 5,더카***********,카페2,서울 성동구,카페,성수,20241122,,성수
10ED44611E,서울특별시 성동구 성수일로8길 5,에이***,,서울 성동구,피자,성수,20201030,,성수
69C8736433,서울특별시 성동구 성수일로8길 5,파워*********,,서울 성동구,백반/가정식,성수,20201127,,성수
5864A763E4,서울특별시 성동구 성수일로8길 5,마루***,,서울 성동구,한식-단품요리일반,성수,20211201,,성수
6B8D1ED40D,서울특별시 성동구 송정12라길 27,온이***,,서울 성동구,양식,,20240717,,송정동
FDE93C77D7,서울특별시 성동구 송정12마길 23,대한**,,서울 성동구,식료품,,20200915,,송정동
5386608DEC,서울특별시 성동구 송정14길 14-1,아랫***,,서울 성동구,백반/가정식,,20181029,,송정동
20B38FBA58,서울특별시 성동구 아차산로1길 9,문화*****,,서울 성동구,양식,뚝섬,20220818,,건대입구
9E3A686B70,서울특별시 성동구 아차산로1길 9,그리*****,,서울 성동구,베이커리,뚝섬,20230915,,건대입구
77DBEC55AD,서울특별시 성동구 아차산로1길 9,카모*****,,서울 성동구,커피전문점,뚝섬,20191216,,건대입구
3A52CE5658,서울특별시 성동구 아차산로3길 9,성일*******,,서울 성동구,한식-육류/고기,뚝섬,20170929,,건대입구
28A86E02D8,서울특별시 성동구 아차산로3길 9,성일*******,,서울 성동구,한식-육류/고기,뚝섬,20171206,,건대입구
77CDCFE833,서울특별시 성동구 아차산로7길 4,우향******,,서울 성동구,백반/가정식,성수,20220325,,성수
307DBEB4EC,서울특별시 성동구 아차산로7길 4,등*,,서울 성동구,한식-육류/고기,성수,20221024,,성수
1290AD294E,서울특별시 성동구 아차산로7길 4,베스*********,아이스크림/빙수1,서울 성동구,아이스크림/빙수,성수,20230317,,성수
F3E07DF794,서울특별시 성동구 아차산로7길 7,토리***,,서울 성동구,일식당,성수,20201209,,성수
28EA223BD1,서울특별시 성동구 아차산로7길 7,박돼*****,,서울 성동구,축산물,성수,20240226,,성수
F2119F711A,서울특별시 성동구 아차산로7길 7,철길***,,서울 성동구,호프/맥주,성수,20231018,,성수
AE41AF8C70,서울특별시 성동구 아차산로7길 7,북촌********,한식-단품요리일반7,서울 성동구,한식-단품요리일반,성수,20160926,,성수
C31C533DC4,서울특별시 성동구 아차산로7길 8,대구****,,서울 성동구,백반/가정식,성수,20231130,,성수
8B23667254,서울특별시 성동구 연무장11길 10,젠젠****,,서울 성동구,카페,성수,20220613,,성수
FBC56DE125,서울특별시 성동구 연무장15길 11,쁘띠*****************,,서울 성동구,양식,,20220729,20250220.0,성수
A29B6BBC99,서울특별시 성동구 연무장15길 11,프렌*******************,,서울 성동구,양식,,20240328,,성수
33C513E513,서울특별시 성동구 연무장15길 11,맥코***********************,,서울 성동구,커피전문점,,20230703,,성수
8EA61A843E,서울특별시 성동구 연무장15길 11,파리*******,,서울 성동구,아이스크림/빙수,,20240523,,성수
B05183195E,서울특별시 성동구 연무장15길 11,밀키*****************,,서울 성동구,한식-단품요리일반,,20240805,,성수
26FAE231DB,서울특별시 성동구 연무장17길 14,쏘쏘*****,,서울 성동구,베이커리,,20221012,,성수
A5905A359E,서울특별시 성동구 연무장18길 14,차일******,,서울 성동구,피자,,20211118,,성수
991AACE110,서울특별시 성동구 연무장19길 10,성수**,,서울 성동구,요리주점,,20200309,,성수
DDA448BE28,서울특별시 성동구 연무장19길 12,윤식*,,서울 성동구,한식뷔페,,20190318,,성수
B74BDE56CF,서울특별시 성동구 연무장19길 18,호남**,,서울 성동구,식료품,,20190408,,성수
E20F4A8C30,서울특별시 성동구 연무장19길 18,수상****,,서울 성동구,한식-국밥/설렁탕,,20240131,,성수
C6C9F3F826,서울특별시 성동구 연무장5가길 7,얌샘*******,분식14,서울 성동구,분식,성수,20241029,,성수
2B88E8F026,서울특별시 성동구 연무장5가길 7,미*,,서울 성동구,양식,성수,20210113,,성수
B89447A3C4,서울특별시 성동구 연무장5가길 7,성수****,,서울 성동구,중식당,성수,20240904,,성수
84768B892E,서울특별시 성동구 연무장5가길 7,토메*****,,서울 성동구,이자카야,성수,20220926,,성수
03BE2D577F,서울특별시 성동구 연무장5가길 7,커피************,,서울 성동구,커피전문점,성수,20230725,,성수
A9E4FFF531,서울특별시 성동구 연무장5가길 7,부산**,,서울 성동구,한식-국수/만두,성수,20210607,,성수
D3CEEC6D94,서울특별시 성동구 연무장5가길 7,샐러******,,서울 성동구,한식-단품요리일반,성수,20240206,,성수
49D7D6044C,서울특별시 성동구 연무장5가길 7,멘노**,,서울 성동구,일식-우동/소바/라면,성수,20240426,,성수
A93F318601,서울특별시 성동구 연무장7가길 2,대*,,서울 성동구,요리주점,성수,20230405,,성수
155685F58E,서울특별시 성동구 연무장7가길 2,스시**,,서울 성동구,일식-초밥/롤,성수,20241031,,성수
007BE37BA2,서울특별시 성동구 연무장7가길 2,토리******,,서울 성동구,한식-단품요리일반,성수,20211013,,성수
B72212ED1C,서울특별시 성동구 연무장7가길 5,온*,,서울 성동구,요리주점,성수,20210705,,성수
652AA8E8C5,서울특별시 성동구 연무장7가길 9,유스*************,,서울 성동구,카페,성수,20210420,,성수
1166DE00E7,서울특별시 성동구 연무장7가길 9,블루***,,서울 성동구,와인바,성수,20230103,,성수
3E5737823F,서울특별시 성동구 연무장7길 7-1,오늘********,와인바1,서울 성동구,와인바,성수,20240530,,성수
C93B3BC4D1,서울특별시 성동구 연무장7길 7-1,스시**,,서울 성동구,일식당,성수,20170713,,성수
646D7BE313,서울특별시 성동구 연무장7길 7-1,성수**,,서울 성동구,한식-찌개/전골,성수,20200416,,성수
57ECFF0227,서울특별시 성동구 연무장7길 7-1,시옹**,,서울 성동구,동남아/인도음식,성수,20220225,,성수
63064A8A5C,서울특별시 성동구 연무장7길 8-1,메가**************,커피전문점2,서울 성동구,커피전문점,성수,20181017,,성수
8D7C69A199,서울특별시 성동구 연무장7길 8-1,커피**********,,서울 성동구,커피전문점,성수,20191028,20230418.0,성수
FC1BE5CBBF,서울특별시 성동구 연무장7길 8-1,태양*****,,서울 성동구,한식-찌개/전골,성수,20240612,,성수
D4AA4CAA8D,서울특별시 성동구 연무장9길 8-1,골든******************,,서울 성동구,중식당,성수,20230621,20250703.0,성수
E74932DE0A,서울특별시 성동구 연무장길 16-2,웜브**************,,서울 성동구,베이커리,성수,20230619,20250731.0,성수
81920AB1D5,서울특별시 성동구 연무장길 20-1,르 ***************,,서울 성동구,베이커리,성수,20221107,,성수
12C9656088,서울특별시 성동구 연무장길 29-1,드렁*******,,서울 성동구,양식,성수,20230120,,성수
B360E93D13,서울특별시 성동구 연무장길 29-1,칠렉******,,서울 성동구,식료품,성수,20240612,,성수
20B4D65D66,서울특별시 성동구 연무장길 31-1,51*******,,서울 성동구,베이커리,성수,20230726,,성수
E781672309,서울특별시 성동구 연무장길 37-5,에트**************************,,서울 성동구,베이커리,성수,20241113,,성수
8B137D6875,서울특별시 성동구 연무장길 41-9,키 **,,서울 성동구,일반 유흥주점,성수,20180326,,성수
E4D0E6B1B0,서울특별시 성동구 연무장길 54-1,시브****,,서울 성동구,카페,성수,20241220,,성수
EE28A75CE0,서울특별시 성동구 왕십리로 80-1,서울****,,서울 성동구,한식-해물/생선,뚝섬,20191112,,뚝섬
11BFFCBE83,서울특별시 성동구 왕십리로 80-1,당*,,서울 성동구,아이스크림/빙수,뚝섬,20240110,,뚝섬
5FA82D7B59,서울특별시 성동구 왕십리로 94-2,공차*****,차1,서울 성동구,차,뚝섬,20190715,,뚝섬
460FC7898C,서울특별시 성동구 왕십리로 96-1,미국*********,,서울 성동구,햄버거,뚝섬,20240202,,뚝섬
776F48CD6C,서울특별시 성동구 왕십리로 98-1,성수*****,,서울 성동구,베이커리,뚝섬,20220922,,뚝섬
C12009C4BE,서울특별시 성동구 왕십리로5길 3,퀴*,,서울 성동구,양식,뚝섬,20210617,,뚝섬
F7ED8A9A8C,서울특별시 성동구 왕십리로6길 4,명가*********,중식당2,서울 성동구,중식당,뚝섬,20200428,,뚝섬
33EA4BF6E9,서울특별시 성동구 왕십리로8길 5,고집********,,서울 성동구,한식-육류/고기,뚝섬,20210209,,뚝섬
B8F3A35930,서울특별시 성동구 왕십리로8길 7,도슨***,,서울 성동구,양식,뚝섬,20220413,,뚝섬
995D6B6C92,서울특별시 성동구 왕십리로8길 8,에토******,,서울 성동구,카페,뚝섬,20220622,,뚝섬
283E6BD7FF,서울특별시 성동구 왕십리로8길 8,봉평******,한식-국수/만두8,서울 성동구,한식-국수/만두,뚝섬,20230407,,뚝섬
2F63B0EE20,서울특별시 성동구 왕십리로8길 8,서울*******,,서울 성동구,한식-육류/고기,뚝섬,20200827,,뚝섬
9A9F63379E,서울특별시 성동구 왕십리로8길 8,춘천***,한식-육류/고기25,서울 성동구,한식-육류/고기,뚝섬,20240627,,뚝섬
5ED1A1DEB4,서울특별시 성동구 왕십리로8길 8,안뜰******,,서울 성동구,한식-해물/생선,뚝섬,20180208,,뚝섬
C7323D89BF,서울특별시 성동구 용답19가길 24,후참*,,서울 성동구,일식-참치회,답십리,20220921,,답십리
75E3C003BC,서울특별시 성동구 용답19길 11-1,봉평**********,,서울 성동구,한식-국수/만두,답십리,20200131,,용답
65EF268E18,서울특별시 성동구 용답19길 12-1,육회************,,서울 성동구,한식-단품요리일반,답십리,20241113,,용답
FFE9F1CC6A,서울특별시 성동구 용답19길 13-1,김첨*,,서울 성동구,백반/가정식,답십리,20241128,,용답
3AAA1F7B5B,서울특별시 성동구 용답19길 14-1,너와*,,서울 성동구,한식-육류/고기,답십리,20171208,,용답
373FC35FF2,서울특별시 성동구 용답19길 16-1,소풍*******,,서울 성동구,분식,답십리,20230607,,용답
96029D2561,서울특별시 성동구 용답19길 18-1,모모*******,,서울 성동구,일식당,답십리,20201104,,용답
A6EB992C6A,서울특별시 성동구 용답19길 18-1,싱싱****,,서울 성동구,청과물,답십리,20240613,,용답
4B3D70F3C7,서울특별시 성동구 용답19길 18-1,복음**,,서울 성동구,떡/한과 제조,답십리,20210804,,용답
B75F0C155E,서울특별시 성동구 용답25나길 24,현미*****,식품 제조1,서울 성동구,식품 제조,답십리,20171010,,답십리
E2BDC284DA,서울특별시 성동구 용답25다길 23,푸른******,,서울 성동구,한식-해물/생선,답십리,20180608,20250723.0,답십리
58168DBBE0,서울특별시 성동구 용답25다길 23,못말****,,서울 성동구,일식-우동/소바/라면,답십리,20190314,,답십리
2A6D92878C,서울특별시 성동구 용답25다길 24,먹거***,,서울 성동구,백반/가정식,답십리,20180322,,답십리
8F839093AF,서울특별시 성동구 용답25다길 24,찐이***,,서울 성동구,한식-육류/고기,답십리,20240517,,답십리
228EDD81BA,서울특별시 성동구 용답29길 10-1,행복****,,서울 성동구,한식-국수/만두,답십리,20231017,,답십리
756D7DCEEE,서울특별시 성동구 용답길 157-32,커피****,,서울 성동구,카페,답십리,20240509,,용답
3F3922C8C3,서울특별시 성동구 용답중앙길 42,본떡**,,서울 성동구,분식,답십리,20200416,,답십리
FD69236F45,서울특별시 성동구 용답중앙길 50,로맹**,,서울 성동구,카페,답십리,20220302,,답십리
13C3C13D99,서울특별시 성동구 용답중앙길 57,동네**,,서울 성동구,커피전문점,답십리,20181024,,답십리
66EE334562,서울특별시 성동구 용답중앙길 58,용답**,,서울 성동구,한식-국수/만두,답십리,20240105,,답십리
A66E664F52,서울특별시 성동구 용답중앙길 58,막주****,,서울 성동구,한식-단품요리일반,답십리,20240520,,답십리
554B8B39CF,서울특별시 성동구 용답중앙길 69,경원**,,서울 성동구,농산물,답십리,20240520,,답십리
90C18D7863,서울특별시 성동구 용답중앙길 69,대성**,,서울 성동구,축산물,답십리,20200403,,답십리
23E72E19E5,서울특별시 성동구 용답중앙길 72,오늘**,,서울 성동구,한식-해물/생선,답십리,20190227,,답십리
090DD25F79,서울특별시 성동구 용답중앙길 76,기연*,,서울 성동구,중식당,답십리,20200831,,답십리
844C36220E,서울특별시 성동구 용답중앙길 78,꿀단****,,서울 성동구,한식-육류/고기,답십리,20220427,,답십리
24AA9CA0A5,서울특별시 성동구 용답중앙길 80,(포******,,서울 성동구,중식당,답십리,20240829,,답십리
C7A37F14A6,서울특별시 성동구 용답중앙길 90,키미***,,서울 성동구,식료품,답십리,20240830,,답십리
FCEC2103C8,서울특별시 성동구 행당로17길 17,하동*,,서울 성동구,한식-국밥/설렁탕,왕십리,20180711,,행당
E9EA02C4EA,서울특별시 성동구 행당로17길 18,포*,,서울 성동구,동남아/인도음식,왕십리,20230907,,행당
1C3EE116AE,서울특별시 성동구 행당로17길 21,노가***,룸살롱/단란주점1,서울 성동구,룸살롱/단란주점,왕십리,20190917,,행당
D9A68478F5,서울특별시 성동구 행당로17길 23,굴과***,,서울 성동구,한식-해물/생선,왕십리,20241216,,행당
90BB88D55E,서울특별시 성동구 행당로17길 25,찰랑**,,서울 성동구,요리주점,왕십리,20220902,,행당
DDC5B3DE0C,서울특별시 성동구 행당로17길 27,디저*******,베이커리1,서울 성동구,베이커리,왕십리,20231006,,행당
84C49C7222,서울특별시 성동구 행당로17길 27,고구***,,서울 성동구,한식-육류/고기,왕십리,20240325,,행당
DA74E018B2,서울특별시 성동구 행당로17길 27,달항****,,서울 성동구,한식-육류/고기,왕십리,20240408,,행당
8AA06764E9,서울특별시 성동구 행당로17길 32,나누***,,서울 성동구,반찬,왕십리,20200421,,행당
9E3E2C654F,서울특별시 성동구 행당로17길 32,컴포*********,커피전문점11,서울 성동구,커피전문점,왕십리,20241202,,행당
7D2B5253F5,서울특별시 성동구 행당로17길 34,에이*****,,서울 성동구,일식당,왕십리,20240415,,행당
ADD9CCF7A2,서울특별시 성동구 행당로17길 34,에이***,,서울 성동구,백반/가정식,왕십리,20240415,,행당
614B42817C,서울  성동구  무학로2나길  21-19,샘터**,,서울 성동구,백반/가정식,왕십리,20120503,,왕십리
162B21238D,서울  성동구  청계천로10나길  77,해돋***,,서울 성동구,축산물,마장동,20091207,,마장동
B5AD8350EE,서울 성동구 자동차시장1길 94-15.,동대******,,서울 성동구,한식-찌개/전골,장한평자동차,20180516,,장한평자동차
79758BA350,서울 성동구 청계천로10가길 64-3.,청계****,,서울 성동구,한식-국밥/설렁탕,마장동,20240802,,마장동
05870C6994,서울 성동구 청계천로10나길 82-14,전주**,,서울 성동구,백반/가정식,마장동,20150414,,마장동
CC35F3E6A1,서울 성동구 청계천로10다길 61-1.,가람**,,서울 성동구,축산물,마장동,20090619,,마장동
99973542B9,서울특별시 성동구 고산자로 337-2,달콤***,,서울 성동구,카페,마장동,20170915,,왕십리
CDAEDB0A25,서울특별시 성동구 고산자로 339-2,이디********,커피전문점6,서울 성동구,커피전문점,마장동,20190220,,왕십리
BFA619CF5E,서울특별시 성동구 고산자로10길 8,시대**,,서울 성동구,농산물,왕십리,20211001,,왕십리
03A4C45CEB,서울특별시 성동구 고산자로10길 8,장어**,,서울 성동구,한식-해물/생선,왕십리,20211001,,왕십리
CF93CCB79E,서울특별시 성동구 고산자로12길 1,행당**,,서울 성동구,식료품,왕십리,20181101,,왕십리
F9E3638CA1,서울특별시 성동구 고산자로20길 9,만나********,,서울 성동구,농산물,마장동,20210128,,왕십리
0E8F0F8410,서울특별시 성동구 고산자로20길 9,리안**,,서울 성동구,축산물,마장동,20190530,,왕십리
CAF68EC2CB,서울특별시 성동구 고산자로22길 6,담*,,서울 성동구,카페,마장동,20221202,,왕십리
26EBEEFD0A,서울특별시 성동구 고산자로24길 6,삼성**,,서울 성동구,축산물,마장동,20240708,,왕십리
E5B86651F8,서울특별시 성동구 고산자로26길 5,구미*,,서울 성동구,한식-육류/고기,마장동,20180919,,왕십리
999B6B5297,서울특별시 성동구 고산자로2길 65,할머************,,서울 성동구,분식,,20240104,20250822.0,왕십리
56072E2ED8,서울특별시 성동구 고산자로2길 65,38****,,서울 성동구,한식-육류/고기,,20240530,,왕십리
81109044D7,서울특별시 성동구 고산자로2길 65,장조*,,서울 성동구,한식-단품요리일반,,20210705,20250804.0,왕십리
755CDB3BAB,서울특별시 성동구 고산자로2길 67,블랑*****,,서울 성동구,베이커리,,20180910,,왕십리
2D7E5C7167,서울특별시 성동구 고산자로2길 67,엄마****,,서울 성동구,백반/가정식,,20220822,,왕십리
A317F15BD9,서울특별시 성동구 고산자로2길 67,붐비********,,서울 성동구,한식-단품요리일반,,20211213,,왕십리
46E766EB0A,서울특별시 성동구 고산자로6길 22,오브*********,,서울 성동구,양식,,20240205,,왕십리
8D3B01376B,서울특별시 성동구 고산자로6길 40,장가**,,서울 성동구,축산물,,20221107,,왕십리
FFEDAC5747,서울특별시 성동구 고산자로6길 40,파리**********,베이커리10,서울 성동구,베이커리,,20190110,,왕십리
BE9777DE4A,서울특별시 성동구 고산자로6길 40,커피******,커피전문점8,서울 성동구,커피전문점,,20240423,,왕십리
1545D071D9,서울특별시 성동구 고산자로8길 20,토리*****,,서울 성동구,한식뷔페,,20220211,,왕십리
A9EDBF95B0,서울특별시 성동구 고산자로8길 20,테트****,한식-육류/고기28,서울 성동구,한식-육류/고기,,20190415,,왕십리
C22422FD12,서울특별시 성동구 고산자로8길 24,자담******,치킨26,서울 성동구,치킨,,20240220,,왕십리
4321CFDE5D,서울특별시 성동구 고산자로8길 27,왕십****,,서울 성동구,한식-단품요리일반,,20240104,,왕십리
4F6748BD4E,서울특별시 성동구 광나루로 303-1,복돼******,,서울 성동구,한식-해물/생선,,20180718,,뚝섬
DABAA47F1B,서울특별시 성동구 광나루로 320-1,신의*****,,서울 성동구,분식,,20191209,,뚝섬
8F21F5ED8C,서울특별시 성동구 광나루로 320-1,송강***,,서울 성동구,일식당,,20170612,,뚝섬
E495DA446B,서울특별시 성동구 광나루로 320-2,제이******,,서울 성동구,백반/가정식,,20220719,,뚝섬
5C2ABD2879,서울특별시 성동구 광나루로11길 3,공간***,,서울 성동구,한식-육류/고기,,20240517,,뚝섬
DE6A101DCA,서울특별시 성동구 광나루로11길 4,밥묵****,,서울 성동구,백반/가정식,,20200728,,뚝섬
F095DE8367,서울특별시 성동구 광나루로11길 5,남원********,한식-해물/생선2,서울 성동구,한식-해물/생선,,20170601,,뚝섬
FCE1F472A0,서울특별시 성동구 광나루로11길 6,송림***,,서울 성동구,농산물,,20220215,,뚝섬
391836F1E0,서울특별시 성동구 광나루로11길 7,하츠*****************,,서울 성동구,카페,,20230831,,뚝섬
AD0F358619,서울특별시 성동구 광나루로2길 34,카페**************,,서울 성동구,카페,성수,20220721,,뚝섬
62DCAD38F6,서울특별시 성동구 광나루로4길 12,어커*******,,서울 성동구,카페,성수,20210602,,뚝섬
FEE6966193,서울특별시 성동구 광나루로6길 35,유니********,,서울 성동구,카페,,20221222,,성수
3316D1C001,서울특별시 성동구 광나루로6길 35,비원***************,,서울 성동구,한식뷔페,,20170124,,성수
9FBE5BF7CF,서울특별시 성동구 광나루로6길 35,매머****************************,,서울 성동구,커피전문점,,20181206,,성수
BDC0AED34F,서울특별시 성동구 광나루로6길 35,커피**,,서울 성동구,커피전문점,,20230324,,성수
FA74A080E1,서울특별시 성동구 광나루로6길 35,프로*****,,서울 성동구,백반/가정식,,20210813,,성수
86D332A825,서울특별시 성동구 광나루로6길 35,이삭***,샌드위치/토스트3,서울 성동구,샌드위치/토스트,,20180823,,성수
129DB16365,서울특별시 성동구 광나루로6길 35,아토**********,,서울 성동구,샌드위치/토스트,,20240426,,성수
8B132478F2,서울특별시 성동구 광나루로6길 35,토프********,,서울 성동구,한식-단품요리일반,,20191112,,성수
33630D7FC6,서울특별시 성동구 광나루로8길 10,다담****,,서울 성동구,한식-단품요리일반,,20211115,,뚝섬
0EC92894F0,서울특별시 성동구 금호로1길 41-1,빙동*****,,서울 성동구,아이스크림/빙수,금남시장,20241007,,신금호
39E9AADD30,서울특별시 성동구 금호산2길 11-1,비에***********,치킨3,서울 성동구,치킨,금남시장,20210728,,금남시장
DA66A755A8,서울특별시 성동구 금호산2길 15-1,담양**********,,서울 성동구,한식-육류/고기,금남시장,20210119,,금남시장
1829BF330D,서울특별시 성동구 금호산2길 17-1,원조***,,서울 성동구,반찬,금남시장,20190313,,금남시장
263A2454D1,서울특별시 성동구 금호산2길 17-1,란*,,서울 성동구,호프/맥주,금남시장,20170913,,금남시장
BA69E3CDB0,서울특별시 성동구 금호산2길 18-1,화락***********,,서울 성동구,치킨,금남시장,20240326,,금남시장
0C52600659,서울특별시 성동구 금호산2길 25-1,금호***,,서울 성동구,건강원,금남시장,20240717,,금남시장
B03818B768,서울특별시 성동구 금호산2길 26-3,스시**,,서울 성동구,일식당,금남시장,20210308,,금남시장
6F534D5C41,서울특별시 성동구 금호산2길 28-2,콩나******,,서울 성동구,백반/가정식,금남시장,20180115,,금남시장
0DE3499749,서울특별시 성동구 독서당로 194-1,카페*********,,서울 성동구,카페,옥수,20170828,,옥수
A306307EAE,서울특별시 성동구 독서당로 194-1,노리*,,서울 성동구,백반/가정식,옥수,20160825,,옥수
FD00BD4D69,서울특별시 성동구 독서당로 216-1,고찌****,,서울 성동구,일식-덮밥/돈가스,옥수,20220307,,옥수
BC2FFDF526,서울특별시 성동구 독서당로 267-6,산청**,,서울 성동구,한식-육류/고기,금남시장,20190318,,옥수
97F13CDA75,서울특별시 성동구 독서당로 274-1,야키******,,서울 성동구,일식당,금남시장,20240419,,옥수
F1A467E06E,서울특별시 성동구 독서당로 293-8,한마*******,,서울 성동구,한식-육류/고기,금남시장,20241202,,옥수
A8934A6565,서울특별시 성동구 독서당로 295-1,얌*,분식14,서울 성동구,분식,금남시장,20221006,,옥수
F72B20D757,서울특별시 성동구 독서당로 295-1,타탄*****************,,서울 성동구,한식-단품요리일반,금남시장,20230525,,옥수
1B13E9E623,서울특별시 성동구 독서당로 295-5,무수*,,서울 성동구,양식,금남시장,20240513,,옥수
078E739D39,서울특별시 성동구 독서당로 295-5,골목**,,서울 성동구,포장마차,금남시장,20231010,,옥수
C9FF8B2E0B,서울특별시 성동구 독서당로 295-5,엄마*****,,서울 성동구,한식-찌개/전골,금남시장,20231025,,옥수
A730AA5039,서울특별시 성동구 독서당로 296-1,맘스******,햄버거2,서울 성동구,햄버거,금남시장,20200218,,옥수
1AB3F0C3B0,서울특별시 성동구 독서당로 296-1,진숙**,,서울 성동구,백반/가정식,금남시장,20181214,,옥수
EFB11372BE,서울특별시 성동구 독서당로 297-2,호호***,,서울 성동구,분식,금남시장,20240829,,옥수
F0879D5E1E,서울특별시 성동구 독서당로 297-2,금대***,,서울 성동구,축산물,금남시장,20201202,,옥수
CA81C3788D,서울특별시 성동구 독서당로 297-3,반도***,,서울 성동구,농산물,금남시장,20190129,,옥수
7D0EEB730E,서울특별시 성동구 독서당로 297-3,돈가********,,서울 성동구,한식-단품요리일반,금남시장,20201204,,옥수
46B7CF90B2,서울특별시 성동구 독서당로 297-8,홍가*****,,서울 성동구,한식-단품요리일반,금남시장,20231024,,옥수
50FB1F6C45,서울특별시 성동구 독서당로 297-9,정광**,,서울 성동구,농산물,금남시장,20171201,,옥수
E7BA575772,서울특별시 성동구 독서당로 299-5,은성**,,서울 성동구,한식-육류/고기,금남시장,20180904,,옥수
B6660D3A83,서울특별시 성동구 독서당로 299-6,매우*,,서울 성동구,한식-육류/고기,금남시장,20200713,,옥수
78331023E2,서울특별시 성동구 독서당로 301-1,청주*****,,서울 성동구,도너츠,금남시장,20210701,,옥수
B9FFD4B49A,서울특별시 성동구 독서당로 303-2,풍천**,한식-해물/생선6,서울 성동구,한식-해물/생선,금남시장,20220620,,옥수
72AC62D037,서울특별시 성동구 독서당로 303-5,금호**,,서울 성동구,식료품,금남시장,20230524,,옥수
B683D261A6,서울특별시 성동구 독서당로 303-7,금남************,,서울 성동구,치킨,금남시장,20221107,,옥수
673E2D3411,서울특별시 성동구 독서당로 312-1,갈비*****,,서울 성동구,한식-국밥/설렁탕,금남시장,20230728,,옥수
6A584E1D14,서울특별시 성동구 독서당로48길 4,미니**,,서울 성동구,카페,금남시장,20200805,,옥수
1B8A35EA99,서울특별시 성동구 독서당로48길 6,하이****************,,서울 성동구,양식,금남시장,20210428,,옥수
1D20FA334E,서울특별시 성동구 독서당로48길 9,간지******,,서울 성동구,요리주점,금남시장,20241206,,옥수
DF32149DAD,서울특별시 성동구 독서당로50길 1,키라***,,서울 성동구,호프/맥주,금남시장,20201217,,옥수
00DA1813DE,서울특별시 성동구 독서당로60길 2,망고***,,서울 성동구,청과물,,20190905,,옥수
026EBC2ED1,서울특별시 성동구 독서당로60길 2,티엔************,,서울 성동구,동남아/인도음식,,20230403,,옥수
AC6E8AC491,서울특별시 성동구 독서당로60길 4,한남*****,,서울 성동구,축산물,,20221031,20250730.0,옥수
5F4D724ED3,서울특별시 성동구 독서당로62길 4,가온*,,서울 성동구,백반/가정식,,20190812,,행당
DE2D4A4E86,서울특별시 성동구 동호로2길 28-1,광명**,,서울 성동구,식료품,금남시장,20211206,,금남시장
C1B6121B9C,서울특별시 성동구 뚝섬로1가길 14,치카*****************,,서울 성동구,베이커리,,20221222,,성수
9371F76478,서울특별시 성동구 뚝섬로1길 55-1,샐러*******,,서울 성동구,백반/가정식,뚝섬,20230613,,성수
D5F0182675,서울특별시 성동구 뚝섬로3나길 11,정*,,서울 성동구,카페,성수,20240424,,성수
F59ADB02C2,서울특별시 성동구 뚝섬로9길 11-1,문문*,,서울 성동구,백반/가정식,성수,20240716,,성수
7001FF8251,서울특별시 성동구 뚝섬로9길 13-1,팬톤****,,서울 성동구,양식,성수,20230605,,성수
AAA80B422A,서울특별시 성동구 뚝섬로9길 13-1,호감*,,서울 성동구,이자카야,성수,20220330,,성수
8934C5353C,서울특별시 성동구 마장로31가길 2,자매**,,서울 성동구,백반/가정식,마장동,20171017,,마장동
386397E23E,서울특별시 성동구 마장로31가길 5,동명**,,서울 성동구,축산물,마장동,20210621,,마장동
C525E44DDB,서울특별시 성동구 마장로31가길 5,희망**,,서울 성동구,축산물,마장동,20211220,,마장동
289FECEDF1,서울특별시 성동구 마장로31가길 5,동명**,,서울 성동구,축산물,마장동,20211222,,마장동
A5252A18CF,서울특별시 성동구 마장로31가길 5,선광**,,서울 성동구,축산물,마장동,20220504,,마장동
33B68F414D,서울특별시 성동구 마장로31가길 6,수정**,,서울 성동구,식료품,마장동,20220803,,마장동
E569E14F36,서울특별시 성동구 마장로35나길 4,길모****,,서울 성동구,커피전문점,마장동,20170629,,마장동
1EC413BB05,서울특별시 성동구 마장로35나길 5,신호**,,서울 성동구,축산물,마장동,20201013,,마장동
C08E57AC76,서울특별시 성동구 마장로35나길 9,남문******,,서울 성동구,한식-찌개/전골,마장동,20240314,,마장동
1FD34CB47A,서울특별시 성동구 마장로35다길 7,세원**,,서울 성동구,축산물,마장동,20210121,,마장동
48A2E5A7D3,서울특별시 성동구 마장로35다길 8,대성****,,서울 성동구,축산물,마장동,20230802,,마장동
4069628130,서울특별시 성동구 마장로35다길 9,OM***,,서울 성동구,축산물,마장동,20170424,,마장동
61E9DEEBD7,서울특별시 성동구 마장로35다길 9,마천**,,서울 성동구,축산물,마장동,20230914,,마장동
3DFABAA899,서울특별시 성동구 마장로35다길 9,예농***,,서울 성동구,축산물,마장동,20240327,,마장동
07048B6141,서울특별시 성동구 마장로35라길 9,한남**,,서울 성동구,백반/가정식,마장동,20200610,,마장동
C99550815C,서울특별시 성동구 마조로16길 3-6,쏘앤**************,,서울 성동구,농산물,,20231211,,마장동
6B57A63A62,서울특별시 성동구 마조로1가길 11,왕십*****************,,서울 성동구,포장마차,한양대,20241202,,한양대
2A74299DD1,서울특별시 성동구 마조로1가길 14,도담*******,치킨13,서울 성동구,치킨,한양대,20230911,20250407.0,한양대
3531297CCD,서울특별시 성동구 마조로1가길 16,한신*******,포장마차1,서울 성동구,포장마차,한양대,20220203,,한양대
E9CC23245B,서울특별시 성동구 마조로1길 26-5,싼(***********,,서울 성동구,피자,한양대,20220106,20240305.0,한양대
1023E7B792,서울특별시 성동구 마조로1길 40-1,주*,,서울 성동구,요리주점,한양대,20240619,,한양대
EE79357E42,서울특별시 성동구 마조로3가길 10,미미**********,,서울 성동구,꼬치구이,한양대,20210319,,한양대
BABA730F00,서울특별시 성동구 마조로3가길 10,생마*****,,서울 성동구,이자카야,한양대,20231128,,한양대
9B4EED47A6,서울특별시 성동구 마조로3가길 11,마장**,,서울 성동구,한식-육류/고기,한양대,20171110,,한양대
E79BB5C3F3,서울특별시 성동구 마조로3가길 12,포차*,,서울 성동구,포장마차,한양대,20240411,,한양대
EC8D405566,서울특별시 성동구 마조로3가길 12,계맛*****,,서울 성동구,한식-육류/고기,한양대,20221104,,한양대
2743897872,서울특별시 성동구 마조로3가길 15,용용*******,,서울 성동구,요리주점,한양대,20191210,,한양대
AB9C75D921,서울특별시 성동구 마조로3가길 18,무지********,,서울 성동구,호프/맥주,한양대,20200904,,한양대
FEA22C8CC8,서울특별시 성동구 마조로3가길 18,92******,,서울 성동구,한식-육류/고기,한양대,20241127,,한양대
FCBE9BD039,서울특별시 성동구 마조로3가길 21,달*,,서울 성동구,한식-단품요리일반,한양대,20200701,,한양대
90AFF4E6B1,서울특별시 성동구 마조로3가길 25,김복*************,,서울 성동구,호프/맥주,한양대,20220722,20250408.0,한양대
6A405B55C3,서울특별시 성동구 마조로3가길 25,몽*,,서울 성동구,백반/가정식,한양대,20240219,,한양대
70B13460CE,서울특별시 성동구 마조로3가길 30,오*,,서울 성동구,이자카야,한양대,20200717,,한양대
FEFBDB41EA,서울특별시 성동구 마조로3가길 30,수세*,,서울 성동구,한식-단품요리일반,한양대,20210531,,한양대
D438843206,서울특별시 성동구 마조로3나길 20,춘*,,서울 성동구,일식당,한양대,20180702,,한양대
5E8B3A9C0F,서울특별시 성동구 마조로3나길 26,곱분*********,,서울 성동구,한식-육류/고기,한양대,20160819,,한양대
5FE888BC65,서울특별시 성동구 마조로3나길 27,메종****,,서울 성동구,백반/가정식,한양대,20240422,,한양대
9E304D405E,서울특별시 성동구 마조로3나길 28,본참*,일식당1,서울 성동구,일식당,한양대,20211203,,한양대
E1D3268137,서울특별시 성동구 마조로5길 4-10,은현******,,서울 성동구,요리주점,한양대,20230803,,한양대
C8E76C194D,서울특별시 성동구 마조로5길 4-11,칠구**************,,서울 성동구,한식-단품요리일반,한양대,20171130,,한양대
98ACFD8C28,서울특별시 성동구 마조로5길 4-12,왕십****,,서울 성동구,한식-해물/생선,한양대,20231005,,한양대
3D8F0EC508,서울특별시 성동구 마조로5길 4-16,완미********,,서울 성동구,한식-육류/고기,한양대,20230829,,한양대
5196197266,서울특별시 성동구 마조로7길 12-1,삼목*,,서울 성동구,한식-육류/고기,한양대,20190712,,한양대
F5FA25FE2A,서울특별시 성동구 무수막18길 6-2,홍대****,,서울 성동구,식료품,신금호,20230530,,신금호
158A1920D0,서울특별시 성동구 무수막길 89-31,레몬*,,서울 성동구,카페,신금호,20190429,,신금호
832EC92421,서울특별시 성동구 무수막길 89-38,비비***********,치킨2,서울 성동구,치킨,신금호,20230405,,신금호
D52B8311A4,서울특별시 성동구 무학로2나길 28,푸른**,,서울 성동구,한식-해물/생선,왕십리,20181120,,왕십리
B50F3C905B,서울특별시 성동구 무학로4길 29-1,소점**,,서울 성동구,백반/가정식,왕십리,20220609,,왕십리
E2A8F11930,서울특별시 성동구 무학로6길 36-2,꼬숩*************,,서울 성동구,백반/가정식,왕십리,20241029,,왕십리
0961D33241,서울특별시 성동구 무학로8길 28-1,까페*****************,,서울 성동구,카페,왕십리,20190910,,왕십리
727C56F5CD,서울특별시 성동구 무학봉15가길 4,달*,,서울 성동구,동남아/인도음식,,20230503,,왕십리
33E070A5FE,서울특별시 성동구 무학봉15가길 7,한국**,,서울 성동구,청과물,,20180907,,왕십리
1ADFDEE86A,서울특별시 성동구 무학봉15다길 2,왕십***,,서울 성동구,치킨,왕십리,20181224,,왕십리
9B74A58D26,서울특별시 성동구 무학봉15다길 4,스멜*,,서울 성동구,베이커리,왕십리,20210813,,왕십리
6FB12F3636,서울특별시 성동구 무학봉15다길 4,째깐********,,서울 성동구,커피전문점,왕십리,20230328,,왕십리
1678DC823A,서울특별시 성동구 무학봉28길 3-1,수컷**,,서울 성동구,요리주점,왕십리,20220414,,왕십리
2AD96F80A2,서울특별시 성동구 무학봉28길 4-1,버텍***************,,서울 성동구,양식,왕십리,20230428,,왕십리
0B36DDFB1B,서울특별시 성동구 무학봉28길 4-1,우마***********,,서울 성동구,이자카야,왕십리,20231017,,왕십리
34CF430710,서울특별시 성동구 무학봉28길 4-1,프로******,,서울 성동구,백반/가정식,왕십리,20230818,,왕십리
9F71F05B15,서울특별시 성동구 무학봉28길 4-1,팔공**,,서울 성동구,한식-단품요리일반,왕십리,20220106,,왕십리
03A581D873,서울특별시 성동구 사근동12길 7-1,원조*******,,서울 성동구,한식-단품요리일반,한양대,20170830,,한양대
A6A47A48A2,서울특별시 성동구 살곶이8길 18-1,틴토*******,,서울 성동구,양식,한양대,20221018,,한양대
FBBAC0BE34,서울특별시 성동구 살곶이길 346-1,두마***********,한식-육류/고기7,서울 성동구,한식-육류/고기,,20220407,,마장동
C70D8E86E1,서울특별시 성동구 서울숲2길 12-8,웨스***,,서울 성동구,베이커리,,20230607,,성수
A4A1BC46DF,서울특별시 성동구 서울숲2길 14-8,고스****,,서울 성동구,카페,,20241202,,성수
098BA50B44,서울특별시 성동구 서울숲2길 14-8,온*,,서울 성동구,백반/가정식,,20230511,,성수
1938F6377B,서울특별시 성동구 서울숲2길 16-9,븨브*****,,서울 성동구,양식,,20240716,,성수
203E53DC61,서울특별시 성동구 서울숲2길 20-8,오일**********,,서울 성동구,백반/가정식,,20220404,,성수
125C6AE5AF,서울특별시 성동구 서울숲2길 24-8,섬타*****,,서울 성동구,베이커리,,20231219,,성수
1AC1527C9A,서울특별시 성동구 서울숲2길 46-9,프롬**********,,서울 성동구,베이커리,뚝섬,20240520,,성수
AF1096FAF2,서울특별시 성동구 서울숲4길 18-8,도우****,,서울 성동구,일식-덮밥/돈가스,뚝섬,20240806,,성수
794735AD42,서울특별시 성동구 서울숲4길 20-1,이리**************,,서울 성동구,카페,뚝섬,20240520,,성수
3D4F4809F0,서울특별시 성동구 서울숲4길 22-7,훈*,,서울 성동구,일식당,뚝섬,20220622,20231113.0,성수
92189088E5,서울특별시 성동구 서울숲4길 22-7,훈*,,서울 성동구,일식당,뚝섬,20231113,,성수
39975534D9,서울특별시 성동구 서울숲6길 16-1,봉땅*********,,서울 성동구,도너츠,뚝섬,20240103,,뚝섬
D402962627,서울특별시 성동구 성덕정15길 2-5,우리******,,서울 성동구,한식-국수/만두,성수,20190625,,성수
92319F9F84,서울특별시 성동구 성덕정15길 2-9,울보**,,서울 성동구,분식,성수,20240708,,성수
33FFBE73C4,서울특별시 성동구 성덕정15길 4-3,락*,,서울 성동구,한식-해물/생선,성수,20200410,,성수
A5DA4E1003,서울특별시 성동구 성덕정15길 4-7,섬 ***,,서울 성동구,양식,성수,20230428,,성수
90D9F5AEB2,서울특별시 성동구 성덕정15길 5-1,성수***,,서울 성동구,와인바,성수,20220502,,성수
D401EA47BD,서울특별시 성동구 성덕정15길 6-1,꿈*,,서울 성동구,양식,성수,20241025,,성수
640F63B1EB,서울특별시 성동구 성덕정17길 3-1,성수**,,서울 성동구,이자카야,성수,20240909,,성수
39ADC0C466,서울특별시 성동구 성덕정17길 7-1,오늘*****,,서울 성동구,일식-참치회,성수,20210520,,성수
2EBD1956DE,서울특별시 성동구 성덕정3길 10-1,성수******,,서울 성동구,분식,성수,20220221,,성수
ABD0A001AF,서울특별시 성동구 성덕정길 101-2,꺅*,,서울 성동구,요리주점,성수,20240816,,송정동
5217838A3C,서울특별시 성동구 성덕정길 111-1,대포*,,서울 성동구,포장마차,성수,20180807,,송정동
46F5D36BCA,서울특별시 성동구 성덕정길 95-13,더 *****,,서울 성동구,한식-국밥/설렁탕,성수,20230710,,송정동
B05164E417,서울특별시 성동구 성수이로 32-10,호랑***,,서울 성동구,백반/가정식,성수,20180226,,성수
4E4F418B9C,서울특별시 성동구 성수이로12길 8,라무*,,서울 성동구,일식당,성수,20220919,,성수
F0B6F6E0EA,서울특별시 성동구 성수이로12길 8,노이*****,,서울 성동구,동남아/인도음식,성수,20220810,,성수
2FC5FFC0AA,서울특별시 성동구 성수이로14길 1,라무***********,꼬치구이1,서울 성동구,꼬치구이,성수,20190712,,성수
8EF97B1238,서울특별시 성동구 성수이로14길 7,구아*,,서울 성동구,일반 유흥주점,성수,20220418,,성수
EC4263AD5F,서울특별시 성동구 성수이로14길 7,세스***,,서울 성동구,샌드위치/토스트,성수,20210714,,성수
44EEDD0526,서울특별시 성동구 성수이로3길 23,성수*****,아이스크림/빙수4,서울 성동구,아이스크림/빙수,성수,20210527,,성수
FCE9571860,서울특별시 성동구 성수이로6길 11,어페***,,서울 성동구,커피전문점,성수,20191125,,성수
BF9955B7C9,서울특별시 성동구 성수이로7길 27,코스****,,서울 성동구,카페,성수,20220414,,성수
9AFEF6448B,서울특별시 성동구 성수이로7길 27,버터*,,서울 성동구,카페,성수,20220713,,성수
882C56DA42,서울특별시 성동구 성수이로7길 27,보배******,,서울 성동구,중식당,성수,20230407,,성수
9F3DC019F2,서울특별시 성동구 성수이로7길 27,조이**,,서울 성동구,한정식,성수,20190527,,성수
85265A7A7A,서울특별시 성동구 성수이로7길 27,천하*****,,서울 성동구,한식-육류/고기,성수,20211208,,성수
0E1F126D2B,서울특별시 성동구 성수이로7길 38,헤이**********,,서울 성동구,양식,성수,20230921,,성수
7AF854D0D5,서울특별시 성동구 성수이로7길 46,에이********,,서울 성동구,피자,성수,20210414,,성수
296E11B196,서울특별시 성동구 성수일로1길 10,유어******,,서울 성동구,와인샵,,20190509,,성수
8939E02566,서울특별시 성동구 성수일로1길 10,성수***,,서울 성동구,일식당,,20220210,20250814.0,성수
80498D20B0,서울특별시 성동구 성수일로1길 13,아이********,,서울 성동구,한식-단품요리일반,,20220516,,성수
19FD619523,서울특별시 성동구 성수일로1길 18,오카*****,,서울 성동구,카페,,20220509,,성수
CED054F322,서울특별시 성동구 성수일로1길 18,퀴바*,,서울 성동구,와인바,,20200617,,성수
66FCF97ECE,서울특별시 성동구 성수일로3길 12,찬마**,,서울 성동구,이자카야,,20230619,,성수
5653B531F7,서울특별시 성동구 성수일로4길 25,라스*******,,서울 성동구,카페,성수,20211125,,성수
4F4288168A,서울특별시 성동구 성수일로4길 25,매머****************,,서울 성동구,커피전문점,성수,20220831,,성수
1E8F8916F6,서울특별시 성동구 성수일로4길 37,스윗**,,서울 성동구,카페,성수,20240425,,성수
9C38AF2E2C,서울특별시 성동구 성수일로4길 37,본죽******************,한식-죽2,서울 성동구,한식-죽,성수,20200811,,성수
D9A86A4A3C,서울특별시 성동구 성수일로4길 37,하루*,,서울 성동구,일식-덮밥/돈가스,성수,20170323,,성수
69C015926E,서울특별시 성동구 성수일로4길 45,성수******,,서울 성동구,한식-육류/고기,성수,20220126,20250820.0,성수
738376575C,서울특별시 성동구 성수일로4길 45,문화**,,서울 성동구,한식-단품요리일반,성수,20230421,,성수
42C1209E01,서울특별시 성동구 성수일로4길 46,우리***,,서울 성동구,한식-국수/만두,성수,20200629,,성수
7B78BDBDBA,서울특별시 성동구 성수일로4길 46,도담***,,서울 성동구,한식-국밥/설렁탕,성수,20200701,,성수
EC9F8C60ED,서울특별시 성동구 성수일로4길 48,성수****,,서울 성동구,백반/가정식,성수,20230306,,성수
358F65FE30,서울특별시 성동구 성수일로6길 47,글리*,,서울 성동구,일반 유흥주점,성수,20200225,,성수
EAD0ED7E79,서울특별시 성동구 성수일로8길 16,백정***,,서울 성동구,한식-육류/고기,성수,20230406,,성수
F4F3149034,서울특별시 성동구 성수일로8길 39,미*,,서울 성동구,중식당,성수,20180418,,성수
53893756B9,서울특별시 성동구 성수일로8길 39,명가******,,서울 성동구,백반/가정식,성수,20180424,,성수
BF8AD0410C,서울특별시 성동구 성수일로8길 40,호랑***,,서울 성동구,분식,성수,20231101,,성수
9F5031D2E1,서울특별시 성동구 성수일로8길 40,아웃*****************,,서울 성동구,일반 유흥주점,성수,20220608,,성수
52F11D88C1,서울특별시 성동구 성수일로8길 40,어부*,,서울 성동구,한식-해물/생선,성수,20241002,,성수
5725D7EE5E,서울특별시 성동구 성수일로8길 41,우야*,,서울 성동구,한식-단품요리일반,성수,20230210,,성수
F8A8FD6F7C,서울특별시 성동구 성수일로8길 42,깐부******,치킨8,서울 성동구,치킨,성수,20241217,,성수
09A3BB12CC,서울특별시 성동구 성수일로8길 42,성수**,,서울 성동구,베이커리,성수,20220622,,성수
5A13DDE2D6,서울특별시 성동구 성수일로8길 42,란 ***,,서울 성동구,한식-국수/만두,성수,20220504,,성수
5DD265DF51,서울특별시 성동구 성수일로8길 53,오한**********,,서울 성동구,중식당,성수,20220908,,성수
36ABF21B6F,서울특별시 성동구 성수일로8길 53,다모***,,서울 성동구,요리주점,성수,20190702,,성수
169ABB9060,서울특별시 성동구 성수일로8길 53,팔각*****,,서울 성동구,한식-육류/고기,성수,20240318,,성수
13A08DED0C,서울특별시 성동구 성수일로8길 60,교대*******,백반/가정식3,서울 성동구,백반/가정식,성수,20211109,,성수
4C8487EFAE,서울특별시 성동구 아차산로13길 2,코트***,,서울 성동구,카페,,20220526,,건대입구
ED5C02F6B2,서울특별시 성동구 아차산로13길 2,재즈****,,서울 성동구,일반 유흥주점,,20240521,,건대입구
46401389CA,서울특별시 성동구 아차산로1길 10,호랭***,,서울 성동구,카페,뚝섬,20240820,,건대입구
10FA1CC7BC,서울특별시 성동구 아차산로5길 26,성수**,,서울 성동구,백반/가정식,성수,20220802,,건대입구
44A595A22B,서울특별시 성동구 아차산로5길 33,미듬**,,서울 성동구,한식뷔페,성수,20240718,,건대입구
ECAA46191A,서울특별시 성동구 아차산로7길 11,피잇**********,,서울 성동구,피자,성수,20201215,,성수
4C102E76F9,서울특별시 성동구 아차산로7길 14,호랑****,,서울 성동구,한식-단품요리일반,성수,20170405,,성수
D09E2B3D82,서울특별시 성동구 아차산로7길 15,본죽*******,한식-죽1,서울 성동구,한식-죽,성수,20170828,,성수
AC38610082,서울특별시 성동구 아차산로7길 15,글*,,서울 성동구,일반 유흥주점,성수,20170329,20250729.0,성수
6EA068280B,서울특별시 성동구 아차산로7길 18,강다*****,,서울 성동구,분식,성수,20230816,,성수
6FD5401343,서울특별시 성동구 아차산로7길 18,노을***,,서울 성동구,한식-육류/고기,성수,20220622,,성수
0BE7C060B5,서울특별시 성동구 아차산로7길 20,성수***,,서울 성동구,중식당,성수,20190617,,성수
A55F21CAF1,서울특별시 성동구 아차산로7길 20,움(*****,,서울 성동구,백반/가정식,성수,20230509,,성수
C229B393D6,서울특별시 성동구 아차산로7길 21,씨탑******,,서울 성동구,인삼제품,성수,20230919,,성수
3C54A75A81,서울특별시 성동구 아차산로7길 21,멍텅*********,,서울 성동구,한식-해물/생선,성수,20240607,,성수
494DCC4C5F,서울특별시 성동구 아차산로7길 22,피자*********,피자8,서울 성동구,피자,성수,20191101,,성수
D1AD4D966E,서울특별시 성동구 아차산로7길 22,코코*****,베이커리9,서울 성동구,베이커리,성수,20191213,,성수
B4F160AD97,서울특별시 성동구 아차산로7길 28,성수**,,서울 성동구,와인바,성수,20201113,20250821.0,성수
0C579C8DE3,서울특별시 성동구 아차산로7길 28,그린****,,서울 성동구,한식뷔페,성수,20170518,,성수
882533C9E4,서울특별시 성동구 아차산로7길 29,서울**,,서울 성동구,백반/가정식,성수,20221004,,성수
C948BD5C50,서울특별시 성동구 아차산로7길 29,김뚜**********,,서울 성동구,한식-찌개/전골,성수,20221012,,성수
0BD77C00B4,서울특별시 성동구 아차산로7길 36,코쿤****,,서울 성동구,식료품,성수,20230621,,성수
78B4B81E3F,서울특별시 성동구 아차산로7길 36,이키*****,,서울 성동구,일식당,성수,20200828,,성수
3A0FA79FF3,서울특별시 성동구 아차산로7길 36,아카**,,서울 성동구,이자카야,성수,20220816,,성수
CC1114DFB5,서울특별시 성동구 아차산로7길 36,정든*,,서울 성동구,백반/가정식,성수,20181214,,성수
7D81241546,서울특별시 성동구 아차산로7길 36,돼지*****,,서울 성동구,한식-육류/고기,성수,20240319,,성수
E9BFE7C269,서울특별시 성동구 아차산로7길 36,더양*********,,서울 성동구,한식-국밥/설렁탕,성수,20240103,,성수
4D639B5299,서울특별시 성동구 아차산로7길 41,레드***,,서울 성동구,양식,성수,20220705,,성수
AAC0448147,서울특별시 성동구 아차산로7길 41,호담****,,서울 성동구,한식-국밥/설렁탕,성수,20240802,,성수
F8BB3FFD0D,서울특별시 성동구 아차산로7길 43,슈퍼**,,서울 성동구,한식-육류/고기,성수,20210719,,성수
DC1615940E,서울특별시 성동구 연무장1길 15-1,르베**,,서울 성동구,한식-단품요리일반,성수,20210727,,성수
798CF98A22,서울특별시 성동구 연무장3길 9-14,이와**,,서울 성동구,요리주점,성수,20230424,,성수
E8D1233979,서울특별시 성동구 연무장3길 9-14,해*,,서울 성동구,백반/가정식,성수,20241119,,성수
D83C7B324D,서울특별시 성동구 연무장5가길 20,까사*********,,서울 성동구,양식,성수,20170905,,성수
1CFE4CFBFB,서울특별시 성동구 연무장5가길 20,성수**,,서울 성동구,양식,성수,20210831,,성수
0328418F66,서울특별시 성동구 연무장5가길 24,솔솥****,,서울 성동구,백반/가정식,성수,20211208,,성수
2CFE1C6776,서울특별시 성동구 연무장5가길 25,루루******,,서울 성동구,와인바,성수,20230523,,성수
88D02E190E,서울특별시 성동구 연무장5가길 25,멘야*******,,서울 성동구,일식당,성수,20201020,,성수
231E0650F8,서울특별시 성동구 연무장5가길 25,하오**,,서울 성동구,중식당,성수,20191017,,성수
F0082429E9,서울특별시 성동구 연무장5가길 25,투썸***************,커피전문점13,서울 성동구,커피전문점,성수,20180913,,성수
CC6E68F51E,서울특별시 성동구 연무장5가길 25,효자**********,,서울 성동구,한식-육류/고기,성수,20220628,,성수
F34A09F515,서울특별시 성동구 연무장5가길 25,마시***********,,서울 성동구,한식-찌개/전골,성수,20241031,,성수
B1AD8ED803,서울특별시 성동구 연무장5가길 25,성수****,,서울 성동구,한식-해물/생선,성수,20231207,,성수
20EF59F929,서울특별시 성동구 연무장5가길 25,신선*******,,서울 성동구,한식-단품요리일반,성수,20220324,,성수
FD52FCDA1B,서울특별시 성동구 연무장5가길 25,리파*****,,서울 성동구,한식-단품요리일반,성수,20230419,,성수
7FB3EF9274,서울특별시 성동구 연무장5가길 26,탐*,,서울 성동구,일식당,성수,20200409,,성수
1F514EF208,서울특별시 성동구 연무장5가길 26,탄스****,,서울 성동구,일식당,성수,20220519,,성수
4074003379,서울특별시 성동구 연무장5가길 32,베커*****,,서울 성동구,베이커리,성수,20240523,,성수
01744C5370,서울특별시 성동구 연무장5길 9-16,성수*****,,서울 성동구,한식-단품요리일반,성수,20220111,,성수
CA54464181,서울특별시 성동구 연무장9길 10-1,케익*****,,서울 성동구,카페,성수,20240603,,성수
AE0203735E,서울특별시 성동구 연무장길 109-1,한돈*****,,서울 성동구,한식-육류/고기,,20211129,,성수
B6CBC8DA9A,서울특별시 성동구 연무장길 37-17,오우*,,서울 성동구,이자카야,성수,20240513,,성수
DC3C4F794B,서울특별시 성동구 연무장길 37-18,리호********,,서울 성동구,와인바,성수,20230403,,성수
607010FDDB,서울특별시 성동구 연무장길 37-22,샤베*,,서울 성동구,이자카야,성수,20240220,,성수
C83AA6A77D,서울특별시 성동구 연무장길 39-13,성수***,,서울 성동구,요리주점,성수,20230920,,성수
53F2CA13C6,서울특별시 성동구 연무장길 39-13,목*,,서울 성동구,이자카야,성수,20231123,,성수
32B3B5A4E4,서울특별시 성동구 연무장길 39-15,소바******,,서울 성동구,일식-우동/소바/라면,성수,20230809,,성수
71C2A58868,서울특별시 성동구 연무장길 39-21,요이****,,서울 성동구,일식당,성수,20241206,,성수
6C347DBCB1,서울특별시 성동구 연무장길 39-29,레이********,,서울 성동구,카페,성수,20191128,,성수
C5DBF39698,서울특별시 성동구 연무장길 41-19,아가*******,,서울 성동구,아이스크림/빙수,성수,20230417,,성수
C3EB37225E,서울특별시 성동구 연무장길 41-19,37***********,,서울 성동구,한식-단품요리일반,성수,20230512,,성수
11C88CAEC4,서울특별시 성동구 연무장길 41-22,굿갓**********,,서울 성동구,양식,성수,20200227,,성수
36BADF35EC,서울특별시 성동구 연무장길 41-22,텐*,,서울 성동구,일식당,성수,20211209,,성수
8DD2137D28,서울특별시 성동구 연무장길 41-22,청주**,,서울 성동구,요리주점,성수,20200407,20250814.0,성수
BCC0F33208,서울특별시 성동구 연무장길 41-26,금*,,서울 성동구,백반/가정식,성수,20230504,,성수
D612EC720C,서울특별시 성동구 연무장길 41-26,성수**,,서울 성동구,한식-해물/생선,성수,20191218,,성수
42F4442B86,서울특별시 성동구 연무장길 41-26,포유***,,서울 성동구,동남아/인도음식,성수,20240216,,성수
5D0C1CAA5E,서울특별시 성동구 왕십리광장로 6,라밥******,,서울 성동구,분식,왕십리,20200925,,왕십리
3DE56E2069,서울특별시 성동구 왕십리광장로 6,방배********,,서울 성동구,분식,왕십리,20240503,,왕십리
D47A773B8E,서울특별시 성동구 왕십리광장로 6,스시****,,서울 성동구,일식당,왕십리,20200428,,왕십리
5654DA6B2C,서울특별시 성동구 왕십리로 108-1,써브*******,샌드위치/토스트2,서울 성동구,샌드위치/토스트,뚝섬,20170908,,뚝섬
26ACE594E8,서울특별시 성동구 왕십리로 215-2,플랏*********,,서울 성동구,카페,한양대,20211130,,한양대
87D1FC164F,서울특별시 성동구 왕십리로 217-1,피자**********,피자8,서울 성동구,피자,한양대,20170315,,한양대
4EF5BD22BD,서울특별시 성동구 왕십리로 219-1,제이*****,,서울 성동구,양식,한양대,20240202,,한양대
26DE9DB5A2,서울특별시 성동구 왕십리로 221-5,묵사*,,서울 성동구,한식-단품요리일반,한양대,20200602,,한양대
79D27C8940,서울특별시 성동구 왕십리로 273-1,세나*****,,서울 성동구,백반/가정식,,20240726,,왕십리
D267FDAB6F,서울특별시 성동구 왕십리로 273-1,배달****,동남아/인도음식3,서울 성동구,동남아/인도음식,,20200306,,왕십리
97BB136954,서울특별시 성동구 왕십리로 291-2,고기****,,서울 성동구,한식-육류/고기,왕십리,20200630,20240426.0,왕십리
43397BFE31,서울특별시 성동구 왕십리로 291-2,고기****,,서울 성동구,한식-육류/고기,왕십리,20240426,,왕십리
677DAF15F8,서울특별시 성동구 왕십리로 294-2,에프******,,서울 성동구,햄버거,왕십리,20210924,,왕십리
D573756B9C,서울특별시 성동구 왕십리로 311-1,프란****,,서울 성동구,요리주점,왕십리,20180417,,왕십리
D85CD85462,서울특별시 성동구 왕십리로 311-1,낭만*********,,서울 성동구,한식뷔페,왕십리,20221124,,왕십리
BA7F9E4F9A,서울특별시 성동구 왕십리로 311-1,돈카**********,,서울 성동구,일식-덮밥/돈가스,왕십리,20200508,,왕십리
CAD1383581,서울특별시 성동구 왕십리로 330-6,사파*,,서울 성동구,룸살롱/단란주점,왕십리,20231220,,왕십리
36A38785F3,서울특별시 성동구 왕십리로 381-1,동글**,,서울 성동구,분식,,20200709,,왕십리
40057A0E5A,서울특별시 성동구 왕십리로 66-10,벨라***,,서울 성동구,양식,,20220126,,왕십리
8BD25C78F3,서울특별시 성동구 왕십리로 66-26,한냄*,,서울 성동구,일식당,,20191217,,왕십리
EC4C74B567,서울특별시 성동구 왕십리로 66-26,혁신***********,,서울 성동구,한식-해물/생선,,20190711,,왕십리
6186386DED,서울특별시 성동구 왕십리로 66-29,역삼***,,서울 성동구,한식-국수/만두,,20200820,,왕십리
21B52E1F0F,서울특별시 성동구 왕십리로 66-33,단일**,,서울 성동구,카페,,20200615,,왕십리
65D60A05BA,서울특별시 성동구 왕십리로 83-21,온리******,,서울 성동구,카페,뚝섬,20240321,,뚝섬
4A347AF852,서울특별시 성동구 왕십리로10길 6,라이****,,서울 성동구,베이커리,뚝섬,20240605,,뚝섬
9287BD85F2,서울특별시 성동구 왕십리로10길 6,역전**************,호프/맥주5,서울 성동구,호프/맥주,뚝섬,20231110,,뚝섬
623E90D289,서울특별시 성동구 왕십리로10길 6,커피**************,,서울 성동구,커피전문점,뚝섬,20241010,,뚝섬
0BFA50A379,서울특별시 성동구 왕십리로10길 8,성수*********,,서울 성동구,포장마차,뚝섬,20241018,,뚝섬
692F6314A6,서울특별시 성동구 왕십리로14길 8,스시***,,서울 성동구,일식당,뚝섬,20180504,,뚝섬
33E3AC210C,서울특별시 성동구 왕십리로20길 8,크라********,요리주점2,서울 성동구,요리주점,왕십리,20240827,,왕십리
5CAFB11F16,서울특별시 성동구 왕십리로20길 8,슈엔*,,서울 성동구,일반 유흥주점,왕십리,20181015,,왕십리
E63D672DD1,서울특별시 성동구 왕십리로20길 8,오렌*,,서울 성동구,일반 유흥주점,왕십리,20221110,,왕십리
7656BE5765,서울특별시 성동구 왕십리로20길 8,왕십****,,서울 성동구,한식-육류/고기,왕십리,20190918,,왕십리
FDFE021BDE,서울특별시 성동구 왕십리로22길 3,땡*,,서울 성동구,일반 유흥주점,왕십리,20211005,,왕십리
F05B47B74E,서울특별시 성동구 왕십리로22길 6,스시***,,서울 성동구,일식당,왕십리,20211210,,왕십리
3E82760740,서울특별시 성동구 왕십리로22길 6,감성**,,서울 성동구,호프/맥주,왕십리,20200824,,왕십리
D23184A6DD,서울특별시 성동구 왕십리로22길 8,인*,,서울 성동구,한식-육류/고기,왕십리,20240625,,왕십리
BB958EC353,서울특별시 성동구 왕십리로24길 3,육*,,서울 성동구,한식-육류/고기,왕십리,20230328,,왕십리
26DA5D7B15,서울특별시 성동구 왕십리로24길 3,안동*,,서울 성동구,룸살롱/단란주점,왕십리,20191002,,왕십리
D7FE7C347D,서울특별시 성동구 왕십리로24길 5,강금****,,서울 성동구,한식-해물/생선,왕십리,20210804,,왕십리
AD98FC8B76,서울특별시 성동구 왕십리로24길 5,테*,,서울 성동구,룸살롱/단란주점,왕십리,20200403,,왕십리
D6745235EA,서울특별시 성동구 왕십리로24길 7,왕도*,,서울 성동구,요리주점,왕십리,20230919,,왕십리
91BC1C6D21,서울특별시 성동구 왕십리로24길 8,페라*,,서울 성동구,일반 유흥주점,왕십리,20240603,,왕십리
E68971A4E9,서울특별시 성동구 왕십리로24길 9,토메*****,,서울 성동구,일식당,왕십리,20240223,,왕십리
8BD86B08D1,서울특별시 성동구 왕십리로26길 8,오뚜***,,서울 성동구,백반/가정식,왕십리,20171011,,왕십리
097459D735,서울특별시 성동구 왕십리로28길 8,대원****,,서울 성동구,한식-육류/고기,왕십리,20240321,,왕십리
2E4CDEA048,서울특별시 성동구 왕십리로2길 30,라플***********,,서울 성동구,카페,뚝섬,20231102,,뚝섬
9149125725,서울특별시 성동구 왕십리로2길 34,목*,,서울 성동구,양식,성수,20200313,,성수
BBE9114104,서울특별시 성동구 왕십리로2길 34,희*,,서울 성동구,양식,성수,20210607,,성수
19DDC941DD,서울특별시 성동구 왕십리로30길 1,나능******,한식-육류/고기4,서울 성동구,한식-육류/고기,,20231122,,왕십리
360AF1A8EC,서울특별시 성동구 왕십리로30길 4,국수**,,서울 성동구,한식-국수/만두,왕십리,20200623,,왕십리
3F6CA06921,서울특별시 성동구 왕십리로31길 4,술래**,,서울 성동구,한식-단품요리일반,,20180523,,왕십리
D78D9659F1,서울특별시 성동구 왕십리로31길 6,메이***,,서울 성동구,카페,,20230208,,왕십리
9971417E96,서울특별시 성동구 왕십리로31길 8,오루********,,서울 성동구,카페,,20220826,,왕십리
E36F634F38,서울특별시 성동구 왕십리로33길 3,상왕**,,서울 성동구,한식-육류/고기,,20230227,,왕십리
730914BE0E,서울특별시 성동구 왕십리로33길 8,상왕**,,서울 성동구,카페,,20211231,,왕십리
755DCC736B,서울특별시 성동구 왕십리로4길 13,술래***,,서울 성동구,한식-감자탕,뚝섬,20190905,,뚝섬
2996AB4D5A,서울특별시 성동구 왕십리로4길 16,야몽**,,서울 성동구,양식,뚝섬,20240919,,뚝섬
025B95F178,서울특별시 성동구 왕십리로4길 16,짬뽕**,,서울 성동구,중식당,뚝섬,20170816,,뚝섬
7149E85111,서울특별시 성동구 왕십리로4길 19,맛닭*,치킨18,서울 성동구,치킨,뚝섬,20210427,,뚝섬
7C472E221F,서울특별시 성동구 왕십리로4길 24,오와***,,서울 성동구,요리주점,뚝섬,20241104,,뚝섬
092717B584,서울특별시 성동구 왕십리로4길 26,나나**,,서울 성동구,한식-해물/생선,뚝섬,20200723,,뚝섬
2D956479FE,서울특별시 성동구 왕십리로5길 10,서울********,,서울 성동구,치킨,뚝섬,20190419,,뚝섬
5712EA8578,서울특별시 성동구 왕십리로5길 11,배치*********,,서울 성동구,일반 유흥주점,뚝섬,20221230,,뚝섬
C04EA4122D,서울특별시 성동구 왕십리로5길 12,홍성*,,서울 성동구,백반/가정식,뚝섬,20240509,,뚝섬
ECCBAE7ACB,서울특별시 성동구 왕십리로5길 19,앳 **,,서울 성동구,카페,뚝섬,20230120,,뚝섬
FF329A450D,서울특별시 성동구 왕십리로5길 19,에빠******,,서울 성동구,한식-단품요리일반,뚝섬,20230210,,뚝섬
4774C089CA,서울특별시 성동구 왕십리로6길 16,이*,,서울 성동구,백반/가정식,뚝섬,20230630,,뚝섬
FB93D1F30E,서울특별시 성동구 왕십리로8길 10,고*,,서울 성동구,한식-육류/고기,뚝섬,20180503,,뚝섬
A864979D3D,서울특별시 성동구 왕십리로8길 21,까까**,,서울 성동구,양식,뚝섬,20201125,,뚝섬
A0ECC5DBE5,서울특별시 성동구 왕십리로8길 21,바타********,,서울 성동구,샌드위치/토스트,뚝섬,20240108,,뚝섬
268A868E38,서울특별시 성동구 왕십리로8길 24,이곳**********,,서울 성동구,카페,뚝섬,20211224,,뚝섬
AA00E76A54,서울특별시 성동구 용답19길 1,블레****,,서울 성동구,베이커리,,20220916,,용답
A5D4128C49,서울특별시 성동구 용답중앙11길 2,소*,,서울 성동구,한식-단품요리일반,답십리,20190108,,답십리
CDD05905F4,서울특별시 성동구 용답중앙11길 8,코뚜***,,서울 성동구,축산물,답십리,20230411,,답십리
82B3D8ED9E,서울특별시 성동구 용답중앙13길 1,송화**,,서울 성동구,호프/맥주,답십리,20170524,,답십리
3AD2A5FE6A,서울특별시 성동구 용답중앙13길 1,써니******,,서울 성동구,백반/가정식,답십리,20191021,,답십리
3D85779307,서울특별시 성동구 용답중앙13길 3,안가****,,서울 성동구,한식-육류/고기,답십리,20161226,,답십리
96A6277F2E,서울특별시 성동구 용답중앙13길 7,사계*****,,서울 성동구,한식-냉면,답십리,20221103,,답십리
0041E4E5AE,서울특별시 성동구 용답중앙15길 1,엄마****,,서울 성동구,한식-찌개/전골,답십리,20180115,,용답
47C8C40086,서울특별시 성동구 용답중앙15길 2,그릴******************,,서울 성동구,양식,답십리,20240610,,용답
162D2613BC,서울특별시 성동구 용답중앙15길 2,도네*,한식-육류/고기6,서울 성동구,한식-육류/고기,답십리,20190401,,용답
EE056F4A46,서울특별시 성동구 용답중앙15길 2,진고***********,,서울 성동구,한식-해물/생선,답십리,20221122,,용답
20AFB06A43,서울특별시 성동구 용답중앙15길 2,땅스***********,,서울 성동구,한식-단품요리일반,답십리,20220602,,용답
2FE9A7B0B7,서울특별시 성동구 용답중앙15길 2,족팔*,,서울 성동구,한식-단품요리일반,답십리,20230103,,용답
6B3AA25B77,서울특별시 성동구 용답중앙15길 3,한국**,,서울 성동구,치킨,답십리,20200612,,용답
433F5BCED5,서울특별시 성동구 용답중앙15길 3,용답**,,서울 성동구,식료품,답십리,20230915,,용답
81789768D6,서울특별시 성동구 용답중앙15길 3,하오*******,,서울 성동구,중식당,답십리,20211220,,용답
45AFE0281E,서울특별시 성동구 용답중앙15길 3,죠스********,,서울 성동구,아이스크림/빙수,답십리,20191108,,용답
6A8CEC476E,서울특별시 성동구 용답중앙15길 6,싱싱*****,한식-해물/생선5,서울 성동구,한식-해물/생선,답십리,20170913,,용답
F290935883,서울특별시 성동구 용답중앙15길 8,이디*********,커피전문점6,서울 성동구,커피전문점,답십리,20241216,,용답
C432317FC6,서울특별시 성동구 용답중앙21길 1,자연**,,서울 성동구,한식-해물/생선,답십리,20200730,,답십리
439035A9EB,서울특별시 성동구 용답중앙21길 1,미순**,,서울 성동구,한식-단품요리일반,답십리,20220112,,답십리
9B97EB469A,서울특별시 성동구 용답중앙21길 2,통영*****,,서울 성동구,분식,답십리,20240926,,답십리
4E34EC1776,서울특별시 성동구 용답중앙23길 1,서울**,,서울 성동구,떡/한과 제조,답십리,20190412,,답십리
5FAF6E0F7F,서울특별시 성동구 용답중앙23길 1,주당*****,,서울 성동구,한식-단품요리일반,답십리,20210315,,답십리
D4B36C76C4,서울특별시 성동구 용답중앙25길 2,온*,,서울 성동구,카페,답십리,20241015,,답십리
C980A72248,서울특별시 성동구 용답중앙25길 2,숭아**,,서울 성동구,농산물,답십리,20240902,,답십리
D0E89E2812,서울특별시 성동구 용답중앙27길 3,원아*********,,서울 성동구,아이스크림/빙수,답십리,20231005,,답십리
650886D9B9,서울특별시 성동구 용답중앙27길 7,인바**,,서울 성동구,테이크아웃커피,답십리,20240528,,답십리
2EAE67C0B4,서울특별시 성동구 천호대로 380-7,바나********,카페5,서울 성동구,카페,장한평자동차,20231110,,장한평자동차
1CA14FB122,서울특별시 성동구 한림말1길 15-2,정동*,,서울 성동구,한식-해물/생선,옥수,20200327,,옥수
712C4A96BB,서울특별시 성동구 한림말3길 21-1,만수**********,,서울 성동구,백반/가정식,옥수,20200511,,옥수
82951B7A54,서울특별시 성동구 한림말3길 27-1,스탠*********************,,서울 성동구,양식,옥수,20180323,,옥수
82383253D7,서울특별시 성동구 한림말3길 27-1,옥수***********,,서울 성동구,피자,옥수,20240620,,옥수
E6D2D191A3,서울특별시 성동구 한림말5길 15-1,옥수***,,서울 성동구,축산물,옥수,20180129,,옥수
A7C2991F57,서울특별시 성동구 행당로1길 14-1,뜨돈*****,,서울 성동구,일식-덮밥/돈가스,,20240202,,행당
F2B2CFC24F,서울특별시 성동구 행당로8길 41-2,샐러*****,,서울 성동구,샌드위치/토스트,,20230811,20250806.0,행당
DA38CBD132,서울특별시 성동구 고산자로12길 15,너디******,,서울 성동구,카페,왕십리,20210423,,왕십리
8DF11B2C5A,서울특별시 성동구 고산자로14길 26,곤스******,,서울 성동구,양식,왕십리,20220714,,왕십리
AAA62C4412,서울특별시 성동구 고산자로14길 26,손 ****,,서울 성동구,햄버거,왕십리,20211012,,왕십리
5BAB073DB1,서울특별시 성동구 고산자로14길 26,주 ***,,서울 성동구,백반/가정식,왕십리,20210929,,왕십리
052FDFE33E,서울특별시 성동구 고산자로14길 26,샐러***,,서울 성동구,샌드위치/토스트,왕십리,20210910,,왕십리
DC2433C636,서울특별시 성동구 고산자로24길 11,유현**,,서울 성동구,축산물,마장동,20191002,,왕십리
5ED6A6D25C,서울특별시 성동구 고산자로24길 11,미트************,,서울 성동구,축산물,마장동,20220627,,왕십리
BD97D048D7,서울특별시 성동구 고산자로24길 12,소오**,,서울 성동구,축산물,마장동,20240911,,왕십리
6744E203FD,서울특별시 성동구 고산자로24길 15,양지**,,서울 성동구,축산물,마장동,20191104,,왕십리
1109D8FCC5,서울특별시 성동구 고산자로24길 15,양지**,,서울 성동구,축산물,마장동,20240221,,왕십리
2A28E1D01A,서울특별시 성동구 고산자로24길 15,생생**,,서울 성동구,한식-육류/고기,마장동,20170801,,왕십리
B8A531489A,서울특별시 성동구 고산자로24길 16,풍원****,,서울 성동구,축산물,마장동,20240701,,왕십리
186E12F013,서울특별시 성동구 고산자로24길 17,남양**,,서울 성동구,축산물,마장동,20180508,,왕십리
A75CE5A018,서울특별시 성동구 고산자로24길 18,팔팔**,,서울 성동구,축산물,마장동,20201104,,왕십리
9476AD97B9,서울특별시 성동구 고산자로24길 18,동백******,,서울 성동구,축산물,마장동,20211103,,왕십리
40C78A09A2,서울특별시 성동구 고산자로24길 18,형제**,,서울 성동구,축산물,마장동,20221207,,왕십리
D488494DEF,서울특별시 성동구 고산자로26길 12,경원**,,서울 성동구,축산물,마장동,20181001,20240402.0,왕십리
F4013DE365,서울특별시 성동구 고산자로2길 4-1,심재**,,서울 성동구,카페,,20210719,,왕십리
801E357409,서울특별시 성동구 광나루로 142-46,잎새**,,서울 성동구,식료품,뚝섬,20200226,,뚝섬
94B04233D8,서울특별시 성동구 광나루로 303-13,군산**,,서울 성동구,한식-해물/생선,,20181008,,뚝섬
D8D358541B,서울특별시 성동구 광나루로11길 12,해*,,서울 성동구,한식-국밥/설렁탕,,20231215,,뚝섬
CD0C6BA93A,서울특별시 성동구 광나루로11길 14,위아***,,서울 성동구,양식,,20240502,,뚝섬
EB785F92A9,서울특별시 성동구 광나루로11길 15,우리***,,서울 성동구,청과물,,20190823,,뚝섬
F810BEFDDE,서울특별시 성동구 광나루로11길 20,뛰뚜**,,서울 성동구,양식,,20230705,,뚝섬
19BD32B8E8,서울특별시 성동구 광나루로11길 23,베이****,,서울 성동구,베이커리,,20220524,,뚝섬
5393B95278,서울특별시 성동구 광나루로11길 26,키노****,,서울 성동구,한식-단품요리일반,,20231117,,뚝섬
9D398728FE,서울특별시 성동구 광나루로11길 30,텍사***********,,서울 성동구,한식-단품요리일반,,20241119,,뚝섬
856F0FE484,서울특별시 성동구 광나루로11길 32,송정****,,서울 성동구,한식-국수/만두,,20170403,,뚝섬
F3C9F5931D,서울특별시 성동구 광나루로11길 41,연이*,,서울 성동구,한식-단품요리일반,,20181010,,뚝섬
8CA0382A69,서울특별시 성동구 광나루로11길 45,카페****,,서울 성동구,카페,,20240802,,뚝섬
F02766AB0A,서울특별시 성동구 광나루로11길 47,참참**,치킨29,서울 성동구,치킨,,20230803,,뚝섬
56D6494E4A,서울특별시 성동구 광나루로11길 50,토마*********,,서울 성동구,피자,,20210407,20250704.0,뚝섬
0B575BF47C,서울특별시 성동구 광나루로11길 50,삼삼***,,서울 성동구,한식-육류/고기,,20171109,,뚝섬
2831DB3C04,서울특별시 성동구 광나루로11길 52,원아*********,,서울 성동구,아이스크림/빙수,,20231005,,뚝섬
0B209E8E8B,서울특별시 성동구 광나루로11길 54,미쳐****,치킨22,서울 성동구,치킨,,20180207,,뚝섬
80839BC327,서울특별시 성동구 광나루로4가길 5,윕W****,,서울 성동구,와인바,성수,20200917,,뚝섬
019E31E4C6,서울특별시 성동구 광나루로4길 4-1,엔엠*,,서울 성동구,양식,성수,20220325,,뚝섬
DDB19C2E90,서울특별시 성동구 독서당로 296-11,소버***,,서울 성동구,요리주점,금남시장,20231102,,옥수
9656D883D6,서울특별시 성동구 독서당로 296-11,소설*,,서울 성동구,한식-육류/고기,금남시장,20191212,,옥수
DFE96F9825,서울특별시 성동구 독서당로 297-12,제일**,,서울 성동구,식품 제조,금남시장,20200420,,옥수
97583174C1,서울특별시 성동구 독서당로 297-20,사랑******,,서울 성동구,포장마차,금남시장,20210930,,옥수
CC2F434D9D,서울특별시 성동구 독서당로 301-61,양씨*,,서울 성동구,농산물,금남시장,20201027,,옥수
6B92298A76,서울특별시 성동구 독서당로 303-10,두찜*****,한식-육류/고기7,서울 성동구,한식-육류/고기,금남시장,20190731,,옥수
CB2533B6A3,서울특별시 성동구 독서당로 303-12,아구***********,,서울 성동구,한식-해물/생선,금남시장,20240507,,옥수
8710E5DDEE,서울특별시 성동구 독서당로 303-19,목포***,,서울 성동구,포장마차,금남시장,20220706,,옥수
2485494277,서울특별시 성동구 독서당로 315-13,센서*********************************,,서울 성동구,카페,금남시장,20201222,,옥수
F64AF24030,서울특별시 성동구 독서당로39길 39,89**,,서울 성동구,한식-해물/생선,옥수,20200507,,옥수
FD0DB1E115,서울특별시 성동구 독서당로39길 42,와이****,,서울 성동구,양식,옥수,20230404,,옥수
93BD9DB8F1,서울특별시 성동구 독서당로39길 48,페리**,치킨37,서울 성동구,치킨,옥수,20170927,,옥수
F05842A4EB,서울특별시 성동구 독서당로39길 48,옥수************************,,서울 성동구,카페,옥수,20240826,,옥수
4206032C42,서울특별시 성동구 독서당로39길 48,미스********,,서울 성동구,한식-해물/생선,옥수,20240208,,옥수
EA46925A64,서울특별시 성동구 독서당로40길 11,반백*************,,서울 성동구,백반/가정식,옥수,20230320,,옥수
46B8E61C45,서울특별시 성동구 독서당로40길 25,스윗*****,,서울 성동구,식품 제조,옥수,20190412,,옥수
F05E581558,서울특별시 성동구 독서당로40길 29,일품***,,서울 성동구,한식-육류/고기,옥수,20161121,,옥수
1D9B20B1B9,서울특별시 성동구 독서당로40길 37,투썸*********,커피전문점13,서울 성동구,커피전문점,옥수,20170607,,옥수
ACD79FDC67,서울특별시 성동구 독서당로40길 37,한촌********,한식-국밥/설렁탕14,서울 성동구,한식-국밥/설렁탕,옥수,20181101,,옥수
086AA2377D,서울특별시 성동구 독서당로40길 39,갑부***,,서울 성동구,분식,옥수,20240523,,옥수
79F7BABD3E,서울특별시 성동구 독서당로40길 39,하이**,카페15,서울 성동구,카페,옥수,20160621,,옥수
DE4BA13DEE,서울특별시 성동구 독서당로40길 39,와인*,,서울 성동구,와인바,옥수,20240621,,옥수
B3628DE20B,서울특별시 성동구 독서당로40길 39,와인***,,서울 성동구,와인샵,옥수,20221221,,옥수
86167864F2,서울특별시 성동구 독서당로40길 39,백소*****,,서울 성동구,일식당,옥수,20240307,,옥수
A60B207360,서울특별시 성동구 독서당로40길 39,옥수*******,,서울 성동구,한식-국수/만두,옥수,20230310,,옥수
BCCC2086A0,서울특별시 성동구 독서당로40길 39,등촌*********,한식-국수/만두4,서울 성동구,한식-국수/만두,옥수,20230619,,옥수
B1B6F5EE0C,서울특별시 성동구 독서당로51길 15,멘야*,,서울 성동구,일식당,,20201112,,옥수
E7299FA225,서울특별시 성동구 독서당로51길 29,파르*****,,서울 성동구,양식,,20221111,,옥수
7C36D7F09A,서울특별시 성동구 독서당로51길 34,수미*,,서울 성동구,떡/한과,,20200928,,옥수
08D893CAA8,서울특별시 성동구 독서당로57길 48,응봉**,,서울 성동구,카페,,20210413,,행당
777CA00C62,서울특별시 성동구 뚝섬로13길 32-1,키치**,,서울 성동구,일식-덮밥/돈가스,성수,20240306,,성수
B437763A97,서울특별시 성동구 뚝섬로15길 29-1,브루********,,서울 성동구,카페,,20240612,,성수
869B2C170B,서울특별시 성동구 뚝섬로15길 29-1,바 ***,,서울 성동구,일반 유흥주점,,20240923,,성수
58FE1BFE3D,서울특별시 성동구 뚝섬로17가길 48,지티******,,서울 성동구,햄버거,,20230227,,성수
97D87E3C1B,서울특별시 성동구 뚝섬로17가길 48,프로******************,,서울 성동구,백반/가정식,,20221020,,성수
5E93D0267B,서울특별시 성동구 마장로26길 16-1,영희***,,서울 성동구,양식,왕십리,20240201,,마장동
7E8F21B9A8,서울특별시 성동구 마장로26길 16-1,수상**********,,서울 성동구,한식-육류/고기,왕십리,20240614,,마장동
B33DBE6CAA,서울특별시 성동구 마장로26길 16-1,원조*****,,서울 성동구,한식-찌개/전골,왕십리,20170619,,마장동
216590EA3B,서울특별시 성동구 마장로27가길 28,빙고**,,서울 성동구,백반/가정식,왕십리,20170914,,마장동
975CAF71FE,서울특별시 성동구 마장로35길 48-9,용궁**,,서울 성동구,축산물,마장동,20170518,,마장동
DFCD699E8D,서울특별시 성동구 마장로35나길 39,해솔**,,서울 성동구,축산물,,20211027,,마장동
256B5CE947,서울특별시 성동구 마장로35나길 40,또와**,,서울 성동구,분식,,20190211,,마장동
B602E6FF55,서울특별시 성동구 마장로35나길 40,트리***,,서울 성동구,인삼제품,,20180620,,마장동
FF8A45E182,서울특별시 성동구 마장로35나길 40,뼈마*******,,서울 성동구,한식-감자탕,,20230605,,마장동
CE4E66121E,서울특별시 성동구 마장로35다길 10,혜인**,,서울 성동구,축산물,마장동,20240126,,마장동
16FF61FF49,서울특별시 성동구 마장로35다길 12,영주**,,서울 성동구,축산물,마장동,20230106,,마장동
5507C4D8DB,서울특별시 성동구 마장로35다길 16,착한**,,서울 성동구,축산물,마장동,20190819,,마장동
3521453C6F,서울특별시 성동구 마장로35다길 16,오성**,,서울 성동구,축산물,마장동,20230425,,마장동
BCEE2D09FD,서울특별시 성동구 마장로35다길 18,영동**,,서울 성동구,축산물,마장동,20211007,,마장동
14AAED5A5C,서울특별시 성동구 마장로35다길 18,마장****,,서울 성동구,축산물,마장동,20231228,,마장동
0624A8697D,서울특별시 성동구 마장로35라길 16,지선**,,서울 성동구,축산물,마장동,20180206,,마장동
BC1CC776B0,서울특별시 성동구 마장로35라길 16,웅이***,,서울 성동구,축산물,마장동,20240221,,마장동
FD83D6880D,서울특별시 성동구 마장로35라길 17,중앙***,,서울 성동구,축산물,마장동,20230404,,마장동
E5D4A2B7C3,서울특별시 성동구 마장로37길 35-1,정일**,,서울 성동구,축산물,마장동,20220214,,마장동
B7BCECAB53,서울특별시 성동구 마장로37길 35-1,임가*******,,서울 성동구,한식-육류/고기,마장동,20240912,,마장동
E672DE0773,서울특별시 성동구 마장로37길 36-1,영일**,,서울 성동구,축산물,,20200605,,마장동
6634FE5F13,서울특별시 성동구 마장로37길 37-1,다복**,,서울 성동구,축산물,마장동,20180531,,마장동
B7277086F3,서울특별시 성동구 마장로37길 45-1,호수****,,서울 성동구,축산물,마장동,20200902,,마장동
935994591A,서울특별시 성동구 마장로37길 45-2,동남**,,서울 성동구,축산물,마장동,20211231,,마장동
75AC755E3E,서울특별시 성동구 마장로37길 45-6,동남**,,서울 성동구,축산물,마장동,20200528,,마장동
93D9B9CC54,서울특별시 성동구 마장로37길 47-1,삼성***,,서울 성동구,축산물,마장동,20240904,,마장동
02826B57BE,서울특별시 성동구 마장로37길 51-1,다정**,,서울 성동구,축산물,마장동,20230404,,마장동
E76E810A77,서울특별시 성동구 마장로37길 53-2,삼화***,,서울 성동구,축산물,마장동,20170919,,마장동
5B2E4E2454,서울특별시 성동구 마장로37길 53-2,한*,,서울 성동구,축산물,마장동,20171124,,마장동
73ACE2A1BF,서울특별시 성동구 마장로37길 53-2,삼*,,서울 성동구,축산물,마장동,20190903,,마장동
D7F0860579,서울특별시 성동구 마장로37길 53-2,대은**,,서울 성동구,축산물,마장동,20210429,,마장동
1890D657AD,서울특별시 성동구 마장로39가길 32,경기**,,서울 성동구,축산물,,20170703,,마장동
C2F9610A34,서울특별시 성동구 마장로39가길 40,픽미**********,,서울 성동구,아이스크림/빙수,,20241223,20250710.0,마장동
F3413EEBA2,서울특별시 성동구 마장로39나길 14,신호**,,서울 성동구,축산물,,20240923,,마장동
CECDA06CB5,서울특별시 성동구 마장로40길 11-1,가보***,,서울 성동구,백반/가정식,,20190304,,마장동
95C390B637,서울특별시 성동구 마조로11길 11-1,꼬*,,서울 성동구,카페,한양대,20240129,,한양대
139D3C21E3,서울특별시 성동구 마조로15가길 23,모뇨**,,서울 성동구,식료품,,20240703,,마장동
A3729FF322,서울특별시 성동구 마조로15가길 27,순자******,,서울 성동구,한식-해물/생선,,20220525,,마장동
E2157F524A,서울특별시 성동구 무학로10길 29-1,안녕****,,서울 성동구,분식,왕십리,20211118,,왕십리
B34F7214E8,서울특별시 성동구 무학봉15길 10-1,감*,,서울 성동구,요리주점,왕십리,20231010,,왕십리
36A2BCEFD8,서울특별시 성동구 무학봉15길 17-1,비노**,,서울 성동구,주류,왕십리,20230612,,왕십리
D57855D6EF,서울특별시 성동구 무학봉15길 17-1,르미**,,서울 성동구,카페,왕십리,20220705,,왕십리
D2863D50C7,서울특별시 성동구 무학봉15길 26-1,혼밥**,,서울 성동구,백반/가정식,왕십리,20211209,,왕십리
BFD597B479,서울특별시 성동구 무학봉15길 26-1,한사**********,,서울 성동구,한식-국밥/설렁탕,왕십리,20230417,,왕십리
099CBF2425,서울특별시 성동구 무학봉15길 26-1,한사**********,,서울 성동구,한식-단품요리일반,왕십리,20190925,20230417.0,왕십리
6BE89B7997,서울특별시 성동구 무학봉15길 26-1,모두*******,,서울 성동구,한식-단품요리일반,왕십리,20240924,,왕십리
5D9E2372B7,서울특별시 성동구 무학봉15길 27-3,너찜**,,서울 성동구,한식-단품요리일반,,20220114,,왕십리
222AB6560E,서울특별시 성동구 무학봉15길 28-1,겸*,,서울 성동구,일식당,,20220602,,왕십리
338FA09E06,서울특별시 성동구 무학봉15길 28-1,전과**,,서울 성동구,요리주점,,20200608,,왕십리
AD016521BB,서울특별시 성동구 무학봉16길 24-2,향산******,치킨41,서울 성동구,치킨,왕십리,20230915,,왕십리
DDA2B18650,서울특별시 성동구 무학봉16길 24-2,모이**,,서울 성동구,백반/가정식,왕십리,20210527,,왕십리
11DA529896,서울특별시 성동구 무학봉16길 26-9,크레**********************,,서울 성동구,백반/가정식,왕십리,20230323,,왕십리
C7E3B6D61A,서울특별시 성동구 무학봉16길 26-9,크레*********,,서울 성동구,한식-단품요리일반,왕십리,20231019,,왕십리
0F17B95A3C,서울특별시 성동구 무학봉26길 10-1,세키*,,서울 성동구,일식당,왕십리,20210415,,왕십리
63D56CEF99,서울특별시 성동구 무학봉26길 12-1,곱순**,,서울 성동구,한식-육류/고기,왕십리,20200529,,왕십리
4916AD88E4,서울특별시 성동구 서울숲2길 11-12,그린****,,서울 성동구,동남아/인도음식,,20220419,,성수
1D76CBF64B,서울특별시 성동구 서울숲2길 16-12,부우*,,서울 성동구,양식,,20241002,,성수
808E997108,서울특별시 성동구 서울숲2길 16-12,글루*,,서울 성동구,카페,,20240724,,성수
EDDF492971,서울특별시 성동구 서울숲2길 18-14,서울****,,서울 성동구,양식,,20170622,20250715.0,성수
78C040B05F,서울특별시 성동구 서울숲2길 19-13,구스***,,서울 성동구,양식,,20210507,,성수
37B095C0EA,서울특별시 성동구 서울숲2길 19-13,버틀*********,,서울 성동구,양식,,20230127,,성수
8DDCE4944D,서울특별시 성동구 서울숲2길 19-17,피리**,,서울 성동구,카페,,20220816,,성수
FEAAE06C47,서울특별시 성동구 서울숲2길 19-18,블랙********,,서울 성동구,카페,,20240514,,성수
18139EA68D,서울특별시 성동구 서울숲2길 32-14,매머***************,,서울 성동구,커피전문점,뚝섬,20230724,,성수
B7AFE65713,서울특별시 성동구 서울숲2길 32-14,포메*****,동남아/인도음식4,서울 성동구,동남아/인도음식,뚝섬,20170124,,성수
EE7D3593F6,서울특별시 성동구 서울숲2길 32-14,더포*******,동남아/인도음식1,서울 성동구,동남아/인도음식,뚝섬,20230914,,성수
1D97BD1F6F,서울특별시 성동구 서울숲2길 32-14,도나********,,서울 성동구,한식-단품요리일반,뚝섬,20201020,,성수
C970710431,서울특별시 성동구 서울숲4길 16-25,핍스*******,,서울 성동구,양식,뚝섬,20221124,,성수
3115CB8448,서울특별시 성동구 서울숲4길 22-18,샌드**,,서울 성동구,카페,뚝섬,20220210,,성수
7C767063D2,서울특별시 성동구 서울숲4길 26-10,온*,,서울 성동구,양식,뚝섬,20180622,,성수
82AE38978E,서울특별시 성동구 서울숲4길 26-10,요쇼****,,서울 성동구,일식당,뚝섬,20231102,,성수
25B32948C5,서울특별시 성동구 서울숲4길 26-20,어반**,,서울 성동구,카페,뚝섬,20240726,,성수
9029249DA3,서울특별시 성동구 서울숲4길 26-24,타입*,,서울 성동구,카페,뚝섬,20240828,,성수
D529C1154C,서울특별시 성동구 성덕정11길 5-12,새들**********,,서울 성동구,샌드위치/토스트,성수,20240729,,성수
A0EB1A75A7,서울특별시 성동구 성덕정11길 5-12,새들*****************,,서울 성동구,한식-단품요리일반,성수,20210203,20240729.0,성수
0EED6D3006,서울특별시 성동구 성덕정15길 13-1,성수*,,서울 성동구,백반/가정식,성수,20230816,,성수
235958D75C,서울특별시 성동구 성덕정15길 4-11,물레*********,,서울 성동구,한식-해물/생선,성수,20190314,,성수
8D25E9227C,서울특별시 성동구 성덕정15길 4-14,물레********,,서울 성동구,한식-해물/생선,성수,20190314,,성수
17979A7FB4,서울특별시 성동구 성덕정15길 4-20,시장***,,서울 성동구,한식-국밥/설렁탕,성수,20180326,,성수
1DEEB5568D,서울특별시 성동구 성덕정15길 6-10,닭치******,,서울 성동구,한정식,성수,20231218,,성수
F276A1602F,서울특별시 성동구 성덕정15길 6-14,한일**,,서울 성동구,한식-육류/고기,성수,20240322,,성수
7F0EB59719,서울특별시 성동구 성덕정15길 6-14,빨강*,,서울 성동구,한식-단품요리일반,성수,20190313,,성수
9B75EF851F,서울특별시 성동구 성덕정15길 6-29,서울**,,서울 성동구,식료품,성수,20200521,,성수
D2FC15A5E1,서울특별시 성동구 성덕정15길 6-30,전사*,,서울 성동구,백반/가정식,성수,20181022,,성수
F3AD4E7EF8,서울특별시 성동구 성덕정15길 6-32,행복**,,서울 성동구,한식-찌개/전골,성수,20230417,,성수
47170099B7,서울특별시 성동구 성덕정15길 6-40,선숙****,,서울 성동구,반찬,성수,20200602,,성수
9C2549FF31,서울특별시 성동구 성덕정15길 6-46,호호****,,서울 성동구,농산물,성수,20170906,,성수
6010892CCE,서울특별시 성동구 성수이로10길 14,아이***,,서울 성동구,카페,성수,20201023,,성수
94795C00AE,서울특별시 성동구 성수이로10길 14,원디****,,서울 성동구,중식당,성수,20230707,,성수
E64AD4E88B,서울특별시 성동구 성수이로12길 11,금*,,서울 성동구,일식당,성수,20210630,,성수
5F2DDA0178,서울특별시 성동구 성수이로12길 13,올더***********,,서울 성동구,카페,성수,20221005,,성수
1EADD2188F,서울특별시 성동구 성수이로12길 13,그룬*,,서울 성동구,와인바,성수,20210825,,성수
4B05972847,서울특별시 성동구 성수이로12길 15,스케********,,서울 성동구,양식,성수,20240718,,성수
8C0919784F,서울특별시 성동구 성수이로14길 15,페이******************,,서울 성동구,양식,성수,20220413,,성수
F2207F8023,서울특별시 성동구 성수이로14길 15,엘레**,,서울 성동구,카페,성수,20220830,,성수
FF3AE5174C,서울특별시 성동구 성수이로18길 31,오*,,서울 성동구,카페,,20240112,,성수
B79977740A,서울특별시 성동구 성수이로20길 10,엑스*******,,서울 성동구,식료품,성수,20220504,,성수
825BEADB27,서울특별시 성동구 성수이로20길 10,멘츠*,,서울 성동구,일식당,성수,20231005,,성수
FBE1518873,서울특별시 성동구 성수이로20길 57,레이***,,서울 성동구,한식-단품요리일반,,20170320,,성수
667F7D3E48,서울특별시 성동구 성수이로20길 60,아이***,,서울 성동구,카페,,20190627,,성수
40876D8589,서울특별시 성동구 성수이로22길 31,리*,,서울 성동구,카페,,20210726,,성수
53679A769E,서울특별시 성동구 성수이로22길 37,세디*********,,서울 성동구,양식,,20210824,,성수
6B18BE9BFB,서울특별시 성동구 성수이로22길 37,소이************,,서울 성동구,백반/가정식,,20240604,,성수
1CEA3BFC5B,서울특별시 성동구 성수이로22길 61,뿐또**,,서울 성동구,한식-단품요리일반,,20181011,,성수
1DDB44FF35,서울특별시 성동구 성수이로26길 47,기미*,,서울 성동구,카페,,20210729,,성수
5113D031FD,서울특별시 성동구 성수이로26길 47,기미*,,서울 성동구,커피전문점,,20211006,,성수
DA7113101B,서울특별시 성동구 성수이로26길 61,성동*****,,서울 성동구,식료품,,20191231,,성수
6A5E5F1964,서울특별시 성동구 성수이로7가길 6,티포**************,,서울 성동구,식료품,성수,20240829,,성수
7B133114D0,서울특별시 성동구 성수이로7가길 6,등촌*********,한식-국수/만두4,서울 성동구,한식-국수/만두,성수,20191223,,성수
01D70FA491,서울특별시 성동구 성수이로7가길 6,등촌*********,한식-국수/만두4,서울 성동구,한식-국수/만두,성수,20220124,,성수
12F2E42AEC,서울특별시 성동구 성수일로10길 26,일상**,,서울 성동구,일식당,성수,20231205,,성수
EE6A4602A2,서울특별시 성동구 성수일로10길 26,탕화******,,서울 성동구,중식당,성수,20191023,,성수
D3A976635B,서울특별시 성동구 성수일로10길 26,천미*,,서울 성동구,중식당,성수,20240531,,성수
9F42371A46,서울특별시 성동구 성수일로10길 26,커피**********,커피전문점8,서울 성동구,커피전문점,성수,20190107,,성수
3AC0517B5B,서울특별시 성동구 성수일로10길 26,미분*****,,서울 성동구,기타세계요리,성수,20230613,,성수
64DAA985AE,서울특별시 성동구 성수일로10길 26,복준*,,서울 성동구,한식-국수/만두,성수,20240412,,성수
E6A2D6AB86,서울특별시 성동구 성수일로10길 26,복*,,서울 성동구,한식-육류/고기,성수,20200507,,성수
8B1D7FD077,서울특별시 성동구 성수일로10길 26,찐미****,,서울 성동구,한식-육류/고기,성수,20210824,,성수
050A4E0A6D,서울특별시 성동구 성수일로10길 26,사거****,,서울 성동구,한식-찌개/전골,성수,20240408,,성수
30888E19A2,서울특별시 성동구 성수일로10길 26,샐러*****,한식-단품요리일반8,서울 성동구,한식-단품요리일반,성수,20210610,,성수
2BF66155BC,서울특별시 성동구 성수일로10길 33,라에**,,서울 성동구,카페,성수,20220629,,성수
91BD541A0F,서울특별시 성동구 성수일로10길 35,금별******,,서울 성동구,호프/맥주,성수,20220707,,성수
CE70A9427E,서울특별시 성동구 성수일로11길 10,바인*********,,서울 성동구,일반 유흥주점,뚝섬,20220414,,성수
DA830AD4F9,서울특별시 성동구 성수일로11길 11,퍼윅**********,,서울 성동구,와인바,뚝섬,20220908,,성수
37C22962DB,서울특별시 성동구 성수일로11길 11,매머*************,,서울 성동구,커피전문점,뚝섬,20230607,,성수
09A5C8DB83,서울특별시 성동구 성수일로11길 15,누아*,,서울 성동구,카페,뚝섬,20210524,,성수
F4BEB03DA2,서울특별시 성동구 성수일로12길 17,어피*****,,서울 성동구,카페,성수,20221031,,성수
5AA50A5A64,서울특별시 성동구 성수일로12길 20,엘*,,서울 성동구,일식당,성수,20221027,,성수
BE22760D64,서울특별시 성동구 성수일로12길 20,고기*,,서울 성동구,한식-육류/고기,성수,20191108,,성수
6B61E9F331,서울특별시 성동구 성수일로12길 21,어퍼************,,서울 성동구,카페,성수,20220331,,성수
C508123D9A,서울특별시 성동구 성수일로12길 23,전자*,,서울 성동구,중식당,성수,20170731,,성수
4AB5E20EE4,서울특별시 성동구 성수일로12길 26,커피***,,서울 성동구,카페,성수,20240311,,성수
9AB9BE98E4,서울특별시 성동구 성수일로12길 26,커피******,,서울 성동구,카페,성수,20241203,,성수
5078575E67,서울특별시 성동구 성수일로12길 26,킷포*,,서울 성동구,일식당,성수,20240325,,성수
FA526A8279,서울특별시 성동구 성수일로12길 26,리사*******,,서울 성동구,커피전문점,성수,20240909,,성수
67BEA11D33,서울특별시 성동구 성수일로12길 26,메가************,커피전문점2,서울 성동구,커피전문점,성수,20240920,,성수
A6D6C995BD,서울특별시 성동구 성수일로12길 26,제로******,,서울 성동구,백반/가정식,성수,20240826,,성수
9A012C0993,서울특별시 성동구 성수일로12길 27,스위*******,,서울 성동구,식료품,성수,20210507,,성수
C2917321B5,서울특별시 성동구 성수일로12길 34,와이*,,서울 성동구,카페,성수,20230608,,성수
37AA4DBA89,서울특별시 성동구 성수일로12길 44,둘쭈****,,서울 성동구,양식,성수,20230921,,성수
2BE371C2DE,서울특별시 성동구 성수일로12길 52,카스**************,,서울 성동구,카페,성수,20240910,,성수
6ED7CA8900,서울특별시 성동구 성수일로3길 5-7,테이****************************,,서울 성동구,양식,,20230118,20250811.0,성수
9E1B58CB83,서울특별시 성동구 성수일로3길 7-1,새촌***,,서울 성동구,한식-단품요리일반,,20180622,,성수
1CC86C2EB2,서울특별시 성동구 성수일로4가길 2,창창**,,서울 성동구,카페,성수,20201214,,성수
CCC1A20AF8,서울특별시 성동구 성수일로4가길 2,벱(****,,서울 성동구,동남아/인도음식,성수,20210625,,성수
695306E501,서울특별시 성동구 성수일로6길 7-1,중앙***,,서울 성동구,백반/가정식,성수,20200113,,성수
5755CB685C,서울특별시 성동구 송정18가길 31-1,아일*****,,서울 성동구,양식,,20211026,,송정동
DEA848E3A9,서울특별시 성동구 아차산로11길 11,우리***,,서울 성동구,백반/가정식,성수,20190313,,건대입구
1F369B9364,서울특별시 성동구 아차산로11길 11,송계*****,,서울 성동구,백반/가정식,성수,20210707,20250731.0,건대입구
867564A1CD,서울특별시 성동구 아차산로11길 11,맛*,,서울 성동구,백반/가정식,성수,20240809,,건대입구
5AF671B1BF,서울특별시 성동구 아차산로11길 11,오대***,,서울 성동구,한식-국수/만두,성수,20241118,,건대입구
A2F31AB139,서울특별시 성동구 아차산로11길 12,쿠*,,서울 성동구,한식-단품요리일반,,20240710,,건대입구
3EBB8FF3EB,서울특별시 성동구 아차산로11길 26,침묵****,,서울 성동구,와인바,,20220708,,건대입구
E19551340F,서울특별시 성동구 아차산로13길 16,고로*****,,서울 성동구,일식당,,20230718,,건대입구
9DE30019C9,서울특별시 성동구 아차산로13길 16,성수*************,커피전문점11,서울 성동구,커피전문점,,20221216,,건대입구
56CCDF6E4B,서울특별시 성동구 아차산로13길 31,커피*******,,서울 성동구,카페,,20200914,,건대입구
B870F34E7B,서울특별시 성동구 아차산로13길 31,달님**,,서울 성동구,한식-냉면,,20190313,,건대입구
EAD182F319,서울특별시 성동구 아차산로13길 31,커피**,,서울 성동구,커피전문점,,20180920,,건대입구
45CCE83EBB,서울특별시 성동구 아차산로13길 33,마마**,,서울 성동구,중식당,,20170525,,건대입구
CBBE8C9ACE,서울특별시 성동구 아차산로13길 33,성*,,서울 성동구,중식당,,20210420,,건대입구
536CC51122,서울특별시 성동구 아차산로13길 37,달구***,,서울 성동구,중식당,,20211208,,건대입구
48D0F061EB,서울특별시 성동구 아차산로13길 48,카페***************,,서울 성동구,카페,,20210430,,건대입구
7D41119FA7,서울특별시 성동구 아차산로13길 48,뚝섬**,,서울 성동구,한식-육류/고기,,20241104,,건대입구
50CCBE90E1,서울특별시 성동구 아차산로15길 10,비비*******,치킨2,서울 성동구,치킨,,20211124,,건대입구
20CD5C4AB7,서울특별시 성동구 아차산로15길 10,루트*******,,서울 성동구,카페,,20210610,,건대입구
5BFB461F3A,서울특별시 성동구 아차산로15길 10,매머************,,서울 성동구,커피전문점,,20230404,,건대입구
F1F5DC5BD6,서울특별시 성동구 아차산로15길 10,성원**,,서울 성동구,백반/가정식,,20190829,,건대입구
A40A42D539,서울특별시 성동구 아차산로15길 10,사흘**,,서울 성동구,백반/가정식,,20220722,,건대입구
B5F66DDC32,서울특별시 성동구 아차산로15길 10,난바*******,,서울 성동구,일식-우동/소바/라면,,20220825,20250804.0,건대입구
3456938AFA,서울특별시 성동구 아차산로15길 19,이디*********,커피전문점6,서울 성동구,커피전문점,,20200407,,건대입구
1C1F73D604,서울특별시 성동구 아차산로17길 11,앳모***,,서울 성동구,양식,,20190213,,건대입구
5F0B05E1D7,서울특별시 성동구 아차산로17길 48,바나********,카페5,서울 성동구,카페,,20240306,,건대입구
309BDE407B,서울특별시 성동구 아차산로17길 48,쥬스************,,서울 성동구,카페,,20240802,,건대입구
821200D58F,서울특별시 성동구 아차산로17길 48,후라*******,,서울 성동구,일식당,,20241008,,건대입구
0CB94CB82A,서울특별시 성동구 아차산로17길 48,매머***********,,서울 성동구,커피전문점,,20200806,,건대입구
08BFC4265D,서울특별시 성동구 아차산로17길 49,뚜레***********,베이커리2,서울 성동구,베이커리,,20240617,,건대입구
87500B57DE,서울특별시 성동구 아차산로17길 49,반포******,동남아/인도음식2,서울 성동구,동남아/인도음식,,20201027,,건대입구
1C69DD5AFC,서울특별시 성동구 아차산로17길 57,빽다********,커피전문점4,서울 성동구,커피전문점,,20210218,,건대입구
D7EAFE3D88,서울특별시 성동구 아차산로7길 9-2,삼형*******,,서울 성동구,분식,성수,20230718,,성수
BE795585AC,서울특별시 성동구 연무장7가길 5-1,대림******,,서울 성동구,분식,성수,20210804,20250709.0,성수
D83FD7E108,서울특별시 성동구 연무장7가길 6-1,토라**,,서울 성동구,일식당,성수,20180919,,성수
257C2B26D3,서울특별시 성동구 연무장길 100-15,성수***,,서울 성동구,요리주점,,20230831,,성수
4828F279E2,서울특별시 성동구 왕십리광장로 17,히노*********,분식20,서울 성동구,분식,왕십리,20230412,,왕십리
FC11619D64,서울특별시 성동구 왕십리광장로 17,분식********,,서울 성동구,분식,왕십리,20231214,,왕십리
A7E8121B70,서울특별시 성동구 왕십리광장로 17,우리***,,서울 성동구,분식,왕십리,20240612,20250818.0,왕십리
4F0DB34622,서울특별시 성동구 왕십리광장로 17,남다****,,서울 성동구,분식,왕십리,20241010,,왕십리
7645F49DBD,서울특별시 성동구 왕십리광장로 17,케밥*,,서울 성동구,양식,왕십리,20161018,,왕십리
186BEE7C30,서울특별시 성동구 왕십리광장로 17,카이***,,서울 성동구,양식,왕십리,20230921,,왕십리
9972114004,서울특별시 성동구 왕십리광장로 17,랑데********,,서울 성동구,카페,왕십리,20210604,,왕십리
E71673016B,서울특별시 성동구 왕십리광장로 17,망고*,,서울 성동구,카페,왕십리,20220223,,왕십리
6930EE8A71,서울특별시 성동구 왕십리광장로 17,탐앤********,카페13,서울 성동구,카페,왕십리,20220517,,왕십리
C2738D1B5D,서울특별시 성동구 왕십리광장로 17,쭈꾸*****,,서울 성동구,피자,왕십리,20230317,,왕십리
458600B5F4,서울특별시 성동구 왕십리광장로 17,이자**********,일식당4,서울 성동구,일식당,왕십리,20171204,,왕십리
E57A82C28E,서울특별시 성동구 왕십리광장로 17,신기****,일식당2,서울 성동구,일식당,왕십리,20190429,,왕십리
3074DF0C17,서울특별시 성동구 왕십리광장로 17,스시*************,,서울 성동구,일식당,왕십리,20220420,,왕십리
5DB407D5B6,서울특별시 성동구 왕십리광장로 17,칸지*******,중식당7,서울 성동구,중식당,왕십리,20191104,,왕십리
4FD2CD656B,서울특별시 성동구 왕십리광장로 17,폼드*****,,서울 성동구,베이커리,왕십리,20221012,,왕십리
88DDED98E7,서울특별시 성동구 왕십리광장로 17,호두*****,,서울 성동구,베이커리,왕십리,20221219,,왕십리
B017B263BC,서울특별시 성동구 왕십리광장로 17,와플********,,서울 성동구,베이커리,왕십리,20230608,,왕십리
612C103359,서울특별시 성동구 왕십리광장로 17,파리**********,베이커리10,서울 성동구,베이커리,왕십리,20240123,,왕십리
26B2585C88,서울특별시 성동구 왕십리광장로 17,뚜레***********,베이커리2,서울 성동구,베이커리,왕십리,20240626,,왕십리
255821302B,서울특별시 성동구 왕십리광장로 17,이디********,커피전문점6,서울 성동구,커피전문점,왕십리,20180914,,왕십리
71725E8FB3,서울특별시 성동구 왕십리광장로 17,커피*************,,서울 성동구,커피전문점,왕십리,20240404,,왕십리
EB2F2101D0,서울특별시 성동구 왕십리광장로 17,할리*********,커피전문점15,서울 성동구,커피전문점,왕십리,20240417,,왕십리
C11AF827CF,서울특별시 성동구 왕십리광장로 17,담솥******,,서울 성동구,백반/가정식,왕십리,20230817,,왕십리
EFE2BD2AEE,서울특별시 성동구 왕십리광장로 17,갓잇*********,,서울 성동구,기타세계요리,왕십리,20240222,,왕십리
41D2AB65FB,서울특별시 성동구 왕십리광장로 17,청담**********,,서울 성동구,일식-샤브샤브,왕십리,20220413,,왕십리
C82F7B7133,서울특별시 성동구 왕십리광장로 17,성수********,,서울 성동구,한식-국수/만두,왕십리,20241114,,왕십리
9BA9EBEA37,서울특별시 성동구 왕십리광장로 17,홍수************,한식-육류/고기32,서울 성동구,한식-육류/고기,왕십리,20180403,,왕십리
20186EA812,서울특별시 성동구 왕십리광장로 17,한컵***,,서울 성동구,샌드위치/토스트,왕십리,20190925,,왕십리
9C1036E322,서울특별시 성동구 왕십리광장로 17,10******************,,서울 성동구,일식-덮밥/돈가스,왕십리,20190107,,왕십리
1C7B1712C9,서울특별시 성동구 왕십리광장로 17,포메********,,서울 성동구,한식-단품요리일반,왕십리,20220322,,왕십리
FA06E82AE6,서울특별시 성동구 왕십리광장로 17,북촌************,한식-단품요리일반7,서울 성동구,한식-단품요리일반,왕십리,20241011,,왕십리
E629D92144,서울특별시 성동구 왕십리로 273-16,제주***,,서울 성동구,한식-육류/고기,,20170317,,왕십리
E68206768A,서울특별시 성동구 왕십리로10길 10,타코********,,서울 성동구,양식,뚝섬,20220901,,뚝섬
A0EDA785C0,서울특별시 성동구 왕십리로10길 10,한*,,서울 성동구,요리주점,뚝섬,20220809,,뚝섬
733563490D,서울특별시 성동구 왕십리로10길 18,술있****,,서울 성동구,요리주점,뚝섬,20220802,,뚝섬
B113A0DC35,서울특별시 성동구 왕십리로10길 19,오버********,,서울 성동구,카페,뚝섬,20210115,,뚝섬
8CA6B75925,서울특별시 성동구 왕십리로10길 20,오프*******,,서울 성동구,요리주점,뚝섬,20210401,20250514.0,뚝섬
72DD5ED597,서울특별시 성동구 왕십리로10길 21,식당**,,서울 성동구,일식당,뚝섬,20241029,,뚝섬
87E8D36DE6,서울특별시 성동구 왕십리로14길 18,서울***,,서울 성동구,백반/가정식,뚝섬,20240328,,뚝섬
0335548947,서울특별시 성동구 왕십리로14길 18,샌드**,,서울 성동구,샌드위치/토스트,뚝섬,20240115,,뚝섬
1676020CB1,서울특별시 성동구 왕십리로14길 23,터틀***,,서울 성동구,카페,뚝섬,20241021,,뚝섬
553B878E02,서울특별시 성동구 왕십리로14길 23,온*,,서울 성동구,베이커리,뚝섬,20200730,,뚝섬
3F53A733C8,서울특별시 성동구 왕십리로14길 25,쿠키***,,서울 성동구,베이커리,뚝섬,20230104,20250408.0,뚝섬
9E161EE38E,서울특별시 성동구 왕십리로14길 25,탐*,,서울 성동구,동남아/인도음식,뚝섬,20240513,,뚝섬
E86582DC31,서울특별시 성동구 왕십리로14길 28,맷돌***,,서울 성동구,한식-감자탕,뚝섬,20231208,,뚝섬
033F56E9A8,서울특별시 성동구 왕십리로20길 11,금녕**,,서울 성동구,한식-국밥/설렁탕,왕십리,20200629,,왕십리
C8A02ED0B7,서울특별시 성동구 왕십리로20길 19,수랏*,,서울 성동구,한식-단품요리일반,왕십리,20200703,,왕십리
EBC1ED7CFA,서울특별시 성동구 왕십리로20길 34,수*,,서울 성동구,한식-단품요리일반,왕십리,20171127,,왕십리
4D95F03916,서울특별시 성동구 왕십리로20길 35,왕십*******,,서울 성동구,한식-육류/고기,왕십리,20241119,,왕십리
9DB54B4166,서울특별시 성동구 왕십리로20길 36,별관*,,서울 성동구,한식-육류/고기,왕십리,20190620,,왕십리
767F3362ED,서울특별시 성동구 왕십리로20길 43,다사*,,서울 성동구,호프/맥주,왕십리,20170210,,왕십리
88324FFE01,서울특별시 성동구 왕십리로20길 43,자*,,서울 성동구,백반/가정식,왕십리,20180406,,왕십리
FA849FA315,서울특별시 성동구 왕십리로20길 43,늘사*,,서울 성동구,백반/가정식,왕십리,20240703,,왕십리
5322300A3B,서울특별시 성동구 왕십리로21길 10,바우******,한식-국밥/설렁탕2,서울 성동구,한식-국밥/설렁탕,왕십리,20200827,,왕십리
5509AAD8EE,서울특별시 성동구 왕십리로21길 11,왕*,,서울 성동구,농산물,왕십리,20230817,,왕십리
86DFE48F6F,서울특별시 성동구 왕십리로21길 11,뚱타*,,서울 성동구,일식당,왕십리,20220516,,왕십리
ACEF75732F,서울특별시 성동구 왕십리로21길 11,상하*,,서울 성동구,중식당,왕십리,20180822,,왕십리
2C11204E23,서울특별시 성동구 왕십리로21길 11,수산***,,서울 성동구,포장마차,왕십리,20200204,,왕십리
5AE70815C9,서울특별시 성동구 왕십리로21길 12,구름****,,서울 성동구,식료품,왕십리,20190515,,왕십리
CFE95F9727,서울특별시 성동구 왕십리로21길 17,스컹*,,서울 성동구,치킨,왕십리,20221117,,왕십리
E05D8AE16A,서울특별시 성동구 왕십리로21길 20,쑥이*****,,서울 성동구,분식,왕십리,20221013,,왕십리
A65F31C273,서울특별시 성동구 왕십리로21길 25,아이*******,아이스크림/빙수3,서울 성동구,아이스크림/빙수,왕십리,20220706,,왕십리
5088093AFC,서울특별시 성동구 왕십리로21길 25,금계*******,,서울 성동구,한식-단품요리일반,왕십리,20240215,,왕십리
EB9EB89CB7,서울특별시 성동구 왕십리로21길 29,에릭*****,,서울 성동구,식료품,왕십리,20241128,20250714.0,왕십리
3E6DB9DC69,서울특별시 성동구 왕십리로21길 30,미각*****,,서울 성동구,한식-육류/고기,왕십리,20240418,,왕십리
AAB23F8C3E,서울특별시 성동구 왕십리로21길 50,하노*******,동남아/인도음식7,서울 성동구,동남아/인도음식,,20191111,,왕십리
79DE8BB0B3,서울특별시 성동구 왕십리로21길 56,민서*,,서울 성동구,식료품,,20220228,,왕십리
F95DBF0B74,서울특별시 성동구 왕십리로22길 10,만식*,,서울 성동구,백반/가정식,왕십리,20161230,,왕십리
16B18D234B,서울특별시 성동구 왕십리로22길 10,동*,,서울 성동구,일반 유흥주점,왕십리,20180209,,왕십리
4E56424369,서울특별시 성동구 왕십리로24길 10,구어*******,,서울 성동구,호프/맥주,왕십리,20240213,,왕십리
CCA3577DE7,서울특별시 성동구 왕십리로24길 12,한방****,,서울 성동구,한식-육류/고기,왕십리,20190423,,왕십리
71F3F05C4E,서울특별시 성동구 왕십리로24길 12,남대******,,서울 성동구,한식-단품요리일반,왕십리,20201125,,왕십리
48A60B81B9,서울특별시 성동구 왕십리로24길 13,돈까***,,서울 성동구,일식-덮밥/돈가스,왕십리,20200811,,왕십리
5FEF5885D9,서울특별시 성동구 왕십리로24길 15,수제*****,,서울 성동구,한식-국밥/설렁탕,왕십리,20230117,,왕십리
6CF34390D0,서울특별시 성동구 왕십리로24길 18,호*,,서울 성동구,양식,왕십리,20220920,,왕십리
F5A4D98110,서울특별시 성동구 왕십리로24길 18,샹츠*******,,서울 성동구,중식-훠궈/마라탕,왕십리,20220113,20240808.0,왕십리
3147BE76FA,서울특별시 성동구 왕십리로24길 18,마라****************,,서울 성동구,중식-훠궈/마라탕,왕십리,20240808,,왕십리
BFC08ED8B3,서울특별시 성동구 왕십리로24길 18,대패*******,,서울 성동구,한식-단품요리일반,왕십리,20211105,20240627.0,왕십리
98FBEBF96C,서울특별시 성동구 왕십리로24길 27,만나***,,서울 성동구,분식,왕십리,20190905,,왕십리
EF154AC797,서울특별시 성동구 왕십리로24길 29,옛날**,치킨24,서울 성동구,치킨,왕십리,20180109,,왕십리
B7C0ECA3FB,서울특별시 성동구 왕십리로24길 31,호호**,,서울 성동구,한식-국수/만두,왕십리,20170710,,왕십리
9F05CCB29C,서울특별시 성동구 왕십리로24길 34,형제**,,서울 성동구,농산물,왕십리,20200513,,왕십리
759BF53FF1,서울특별시 성동구 왕십리로24길 34,미래**,,서울 성동구,도너츠,왕십리,20220427,,왕십리
45B86F632F,서울특별시 성동구 왕십리로24길 38,브레*******,베이커리5,서울 성동구,베이커리,왕십리,20220722,,왕십리
2C6E1775F4,서울특별시 성동구 왕십리로26길 11,장안***,,서울 성동구,한식-육류/고기,왕십리,20170717,,왕십리
C6BCB34B2F,서울특별시 성동구 왕십리로26길 32,상왕******,,서울 성동구,카페,왕십리,20241024,,왕십리
6D3DAB1193,서울특별시 성동구 왕십리로28길 12,한아*,,서울 성동구,농산물,왕십리,20240312,,왕십리
DD3AD6FFFA,서울특별시 성동구 왕십리로28길 30,더블********,,서울 성동구,호프/맥주,,20200323,,왕십리
0CF1A5859F,서울특별시 성동구 왕십리로30길 12,데일***,,서울 성동구,농산물,,20220418,,왕십리
48E55F5235,서울특별시 성동구 왕십리로31길 16,피자***,,서울 성동구,피자,,20230830,,왕십리
75E1602760,서울특별시 성동구 왕십리로31길 21,오저*,,서울 성동구,테마카페,,20230914,,왕십리
02EECADFE6,서울특별시 성동구 왕십리로4가길 3,아이*,,서울 성동구,카페,뚝섬,20240430,,뚝섬
BA6E1B1FB4,서울특별시 성동구 왕십리로4가길 3,진도*****,,서울 성동구,이자카야,뚝섬,20240214,,뚝섬
71E8C02B1A,서울특별시 성동구 왕십리로4가길 3,한양****,,서울 성동구,떡/한과 제조,뚝섬,20240123,,뚝섬
000F03E44A,서울특별시 성동구 왕십리로4가길 9,육육**,,서울 성동구,중식-딤섬/중식만두,뚝섬,20220225,,뚝섬
81C9699D0D,서울특별시 성동구 왕십리로5길 9-2,은준***,,서울 성동구,동남아/인도음식,뚝섬,20200319,,뚝섬
7A193CFDAB,서울특별시 성동구 왕십리로6길 4-5,간빠*****,,서울 성동구,이자카야,뚝섬,20240517,,뚝섬
E9CAEBD784,서울특별시 성동구 용답중앙11길 13,남원***,한식-해물/생선2,서울 성동구,한식-해물/생선,답십리,20180514,20231127.0,답십리
7D3670AAC1,서울특별시 성동구 용답중앙11길 13,남원***,한식-해물/생선2,서울 성동구,한식-해물/생선,답십리,20231127,,답십리
41865131B6,서울특별시 성동구 용답중앙13길 14,배떡*****,,서울 성동구,분식,답십리,20230504,,답십리
848399AA13,서울특별시 성동구 용답중앙13길 15,대도****,,서울 성동구,한식-육류/고기,답십리,20230821,,답십리
6780FF33B7,서울특별시 성동구 용답중앙15길 10,행복*********,,서울 성동구,한식-육류/고기,답십리,20240828,,용답
003AC99735,서울특별시 성동구 용답중앙15길 12,메가************,커피전문점2,서울 성동구,커피전문점,답십리,20191017,,용답
ABB4516DD1,서울특별시 성동구 용답중앙15길 14,치커*****,,서울 성동구,축산물,답십리,20230127,,용답
9734D7A3A7,서울특별시 성동구 용답중앙15길 14,다우*************,,서울 성동구,한식뷔페,답십리,20190904,,용답
2B355A80CB,서울특별시 성동구 용답중앙15길 14,치커****,,서울 성동구,한식-육류/고기,답십리,20220525,,용답
B215092E54,서울특별시 성동구 용답중앙15길 15,사보******,,서울 성동구,분식,답십리,20231128,,용답
86B7149C4A,서울특별시 성동구 용답중앙15길 16,혁이*,,서울 성동구,분식,답십리,20230804,,용답
A248404D2E,서울특별시 성동구 용답중앙15길 17,하마*,,서울 성동구,이자카야,답십리,20200629,,용답
0D2FB82EB4,서울특별시 성동구 용답중앙15길 17,원할**********,한식-육류/고기19,서울 성동구,한식-육류/고기,답십리,20180109,,용답
86129404BB,서울특별시 성동구 용답중앙15길 18,빽다********,커피전문점4,서울 성동구,커피전문점,답십리,20210324,,용답
6C3AFD20C1,서울특별시 성동구 용답중앙길 45-2,노워***************,,서울 성동구,카페,답십리,20231222,,답십리
19D3456A64,서울특별시 성동구 용답중앙길 47-1,타*,,서울 성동구,일식당,답십리,20170511,,답십리
1395C1AB53,서울특별시 성동구 용답중앙길 47-1,타*,,서울 성동구,이자카야,답십리,20240828,,답십리
40555676A3,서울특별시 성동구 용답중앙길 57-1,한우**,,서울 성동구,한식-육류/고기,답십리,20240327,,답십리
A3550D0BEC,서울특별시 성동구 용답중앙길 57-1,5오***,,서울 성동구,일식-덮밥/돈가스,답십리,20240502,,답십리
68F1BBE833,서울특별시 성동구 용답중앙길 87-1,수동*,,서울 성동구,중식당,답십리,20200108,,답십리
79EBBF0E89,서울특별시 성동구 자동차시장길 42,그늘*,,서울 성동구,카페,,20220302,,용답
BB0E64E609,서울특별시 성동구 자동차시장길 49,그린****************,,서울 성동구,한식뷔페,,20230918,,용답
064F68DA7E,서울특별시 성동구 한림말3길 15-12,엄마**,,서울 성동구,백반/가정식,옥수,20221118,,옥수
EA1657CCD1,서울특별시 성동구 한림말3길 15-16,심플********,,서울 성동구,백반/가정식,옥수,20240119,,옥수
093D848452,서울특별시 성동구 한림말3길 15-16,치카***,,서울 성동구,일식-우동/소바/라면,옥수,20231221,,옥수
C1A729DDD7,서울특별시 성동구 행당로17길 1-45,에이******,,서울 성동구,요리주점,왕십리,20191017,,행당
EA734570C0,서울특별시 성동구 행당로17길 13-1,꽁당*****,백반/가정식5,서울 성동구,백반/가정식,왕십리,20190522,,행당
DB1E0B5C1E,서울특별시 성동구 행당로17길 19-1,술에*****,,서울 성동구,호프/맥주,왕십리,20180404,,행당
5960275B4D,서울특별시 성동구 행당로17길 19-2,오빠********,,서울 성동구,이자카야,왕십리,20240308,,행당
28718E3BF1,서울특별시 성동구 행당로17길 22-1,행당**,,서울 성동구,호프/맥주,왕십리,20161201,,행당
D02B6565D1,서울특별시 성동구 행당로17길 23-1,마왕**,한식-단품요리일반4,서울 성동구,한식-단품요리일반,왕십리,20180604,,행당
1F4203EA83,서울특별시 성동구 행당로1길 21-10,카페**,,서울 성동구,카페,,20210324,,행당
4207B38494,서울특별시 성동구 행당로8길 15-13,인생**,,서울 성동구,백반/가정식,행당,20190522,,행당
3C57E8E398,서울 성동구 마장로37길 40 (마장동),온다***,,서울 성동구,축산물,,20231101,,마장동
E427B5E29F,서울특별시 성동구 고산자로12길 1-1,뜨아******,,서울 성동구,커피전문점,왕십리,20210322,,왕십리
155590DFC1,서울특별시 성동구 고산자로18길 5-1,그린**,,서울 성동구,축산물,,20231218,,왕십리
A7429A4A77,서울특별시 성동구 고산자로24길 4-1,현대**,,서울 성동구,축산물,마장동,20190910,,왕십리
5F0AAEF5DF,서울특별시 성동구 고산자로2길 10-4,치킨***,치킨32,서울 성동구,치킨,,20200902,,왕십리
9C5E0BDC5F,서울특별시 성동구 고산자로2길 10-5,봉앗*,,서울 성동구,농산물,,20210531,,왕십리
30BB73F860,서울특별시 성동구 고산자로2길 10-7,비에***********,치킨3,서울 성동구,치킨,,20230809,,왕십리
3F995F0EF7,서울특별시 성동구 고산자로6가길 21,얼음********,,서울 성동구,식료품,,20230605,,왕십리
EA3F4A792D,서울특별시 성동구 고산자로6길 31-1,닥엔*******,치킨12,서울 성동구,치킨,,20210311,,왕십리
40AA7DDA7E,서울특별시 성동구 고산자로6길 31-2,또야*,,서울 성동구,백반/가정식,왕십리,20210409,20250811.0,왕십리
F8A788D183,서울특별시 성동구 광나루로4가길 13,본지*****,,서울 성동구,카페,성수,20240118,,뚝섬
7D42A19B65,서울특별시 성동구 광나루로4가길 13,본지*****,,서울 성동구,베이커리,성수,20231019,,뚝섬
10BF2110CC,서울특별시 성동구 광나루로4길 1-10,올드*********,,서울 성동구,커피전문점,성수,20240805,,뚝섬
FA4EC253FD,서울특별시 성동구 광나루로4길 1-16,우오*******,,서울 성동구,양식,성수,20210428,,뚝섬
8A9ADB6743,서울특별시 성동구 광나루로4길 1-16,우오*****,,서울 성동구,양식,성수,20240610,,뚝섬
9A56B5D116,서울특별시 성동구 독서당로 301-101,미*,,서울 성동구,백반/가정식,금남시장,20240709,,옥수
31F9AECFCC,서울특별시 성동구 독서당로48길 8-1,메밀*******,,서울 성동구,한식-국수/만두,금남시장,20201208,,옥수
C058744372,서울특별시 성동구 독서당로59다길 8,벧엘****,,서울 성동구,식료품,,20200526,,옥수
F0CC0C4D8F,서울특별시 성동구 독서당로60길 6-1,성동*******,,서울 성동구,농산물,,20180406,,옥수
4FF5BC13EF,서울특별시 성동구 마장로33길 37-13,대박**,,서울 성동구,백반/가정식,마장동,20180315,,마장동
5C58B2EF46,서울특별시 성동구 마장로35길 112-1,일우**,,서울 성동구,식료품,,20211202,,마장동
B2FEC8DC0B,서울특별시 성동구 마장로35길 112-4,한나*******,,서울 성동구,축산물,,20220225,,마장동
9A9106F100,서울특별시 성동구 마장로35나길 3-7,수민**,,서울 성동구,축산물,마장동,20230515,,마장동
E24BAE6F44,서울특별시 성동구 마장로35다길 4-9,하경**,,서울 성동구,축산물,마장동,20211216,,마장동
809BEAA13A,서울특별시 성동구 성덕정17길 4,럭럭**,,서울 성동구,카페,성수,20220616,,성수
A806AFD650,서울특별시 성동구 성수이로12길 8-1,월스*******,,서울 성동구,베이커리,성수,20240521,,성수
5B0E07A8BA,서울특별시 성동구 성수이로3길 10-1,성수******************,,서울 성동구,카페,성수,20230912,,성수
15CFCB9040,서울특별시 성동구 성수이로7길 41-1,옹근*,,서울 성동구,카페,성수,20200326,,성수
260F71BF9B,서울특별시 성동구 성수일로10가길 4,올드**,,서울 성동구,기타세계요리,성수,20240206,20250722.0,성수
DF5E6C949C,서울특별시 성동구 성수일로11길 6-1,소바*,,서울 성동구,한식-해물/생선,뚝섬,20170320,,성수
FCC34C30CB,서울특별시 성동구 성수일로3길 4-13,아도*******,,서울 성동구,양식,,20240423,,성수
36CF6C8B70,서울특별시 성동구 성수일로3길 4-13,핀*,,서울 성동구,베이커리,,20220623,,성수
BBD2264CC9,서울특별시 성동구 성수일로3길 5-12,바*,,서울 성동구,요리주점,,20211220,,성수
F0EEF6ECD0,서울특별시 성동구 성수일로3길 5-12,퍼멘******,,서울 성동구,요리주점,,20220427,,성수
5BE0890F4A,서울특별시 성동구 성수일로4가길 10,더블*********,,서울 성동구,카페,성수,20221109,,성수
E72B5A0A41,서울특별시 성동구 성수일로8길 39-1,이트****,,서울 성동구,카페,성수,20220823,,성수
1BE8E3CE79,서울특별시 성동구 성수일로8길 40-1,무근*,,서울 성동구,일반 유흥주점,성수,20210708,,성수
EBE76155D3,서울특별시 성동구 아차산로1가길 10,플로*********,,서울 성동구,카페,뚝섬,20230224,,건대입구
43B89D891C,서울특별시 성동구 아차산로1가길 11,아워**,,서울 성동구,카페,뚝섬,20231023,,건대입구
8453597178,서울특별시 성동구 아차산로1길 11-1,피자*,,서울 성동구,피자,뚝섬,20221110,,건대입구
656E1E70AF,서울특별시 성동구 아차산로7가길 21,귀농**,,서울 성동구,식료품,성수,20230105,,건대입구
75C9AC2BFE,서울특별시 성동구 아차산로7길 14-1,모*,,서울 성동구,일반 유흥주점,성수,20230407,,성수
E02749FC67,서울특별시 성동구 아차산로7길 17-1,삼*,,서울 성동구,카페,성수,20230113,,성수
C4B01C15B0,서울특별시 성동구 아차산로7길 17-1,착한**,,서울 성동구,중식당,성수,20220729,,성수
6B7B1EE6FA,서울특별시 성동구 아차산로7길 42-1,온유*****,,서울 성동구,카페,성수,20220203,,성수
252CF56BC1,서울특별시 성동구 아차산로7나길 18,피자*****,피자9,서울 성동구,피자,성수,20220920,,건대입구
0239C4D2D3,서울특별시 성동구 아차산로7나길 18,밥플***********,,서울 성동구,백반/가정식,성수,20190927,,건대입구
E823EBBA3A,서울특별시 성동구 아차산로7나길 18,개성**,,서울 성동구,한식-단품요리일반,성수,20181218,,건대입구
57DEE6D415,서울특별시 성동구 아차산로9길 30-9,오씨******************************,,서울 성동구,카페,성수,20220719,,건대입구
D21FE6A7B4,서울특별시 성동구 연무장5가길 22-1,브루******,,서울 성동구,카페,성수,20190731,,성수
696BDA4E25,서울특별시 성동구 왕십리로 지하300,제이***,,서울 성동구,식료품,왕십리,20240228,,왕십리
605655C22D,서울특별시 성동구 왕십리로 지하300,어묵**********,,서울 성동구,한식-단품요리일반,왕십리,20231208,,왕십리
97F4462B0F,서울특별시 성동구 왕십리로10길 5-1,간다****,,서울 성동구,한식-단품요리일반,뚝섬,20240510,,뚝섬
3B4CB64E6A,서울특별시 성동구 왕십리로10길 5-6,세븐******************************,,서울 성동구,햄버거,뚝섬,20231120,,뚝섬
4ECBDBFE0C,서울특별시 성동구 왕십리로10길 5-9,브샤*****,,서울 성동구,일식-샤브샤브,뚝섬,20241211,,뚝섬
06283FED4E,서울특별시 성동구 왕십리로10길 9-9,어린*,,서울 성동구,요리주점,뚝섬,20231212,,뚝섬
37BCC1D215,서울특별시 성동구 왕십리로10길 9-9,제*,,서울 성동구,백반/가정식,뚝섬,20170810,,뚝섬
77E55DE284,서울특별시 성동구 왕십리로21가길 1,려기****,,서울 성동구,중식당,왕십리,20231030,,왕십리
DF938C1210,서울특별시 성동구 왕십리로21가길 3,별*,,서울 성동구,중식당,왕십리,20240730,,왕십리
10D9319CCB,서울특별시 성동구 왕십리로21나길 5,더블*,,서울 성동구,카페,왕십리,20240201,,왕십리
1FE0562759,서울특별시 성동구 왕십리로21나길 9,꼬팡**************,,서울 성동구,베이커리,왕십리,20230414,,왕십리
A1A28A186C,서울특별시 성동구 왕십리로24길 1-1,시크***,,서울 성동구,일반 유흥주점,왕십리,20231123,,왕십리
F744DF2779,서울특별시 성동구 왕십리로24길 7-1,왕십*****,,서울 성동구,한식-해물/생선,왕십리,20171110,,왕십리
A42F386CE4,서울특별시 성동구 왕십리로24길 7-2,동네**,,서울 성동구,포장마차,왕십리,20181212,,왕십리
C1D8EF8820,서울특별시 성동구 왕십리로24나길 4,키친***,,서울 성동구,이자카야,왕십리,20210126,,왕십리
B6B2A9463B,서울특별시 성동구 왕십리로24나길 8,숙성**,,서울 성동구,일식당,왕십리,20240701,,왕십리
2E13DF4A8E,서울특별시 성동구 왕십리로24나길 8,일품*****,한식-국밥/설렁탕10,서울 성동구,한식-국밥/설렁탕,왕십리,20171016,,왕십리
89D9C04122,서울특별시 성동구 왕십리로26길 7-2,카츠***,,서울 성동구,일식당,왕십리,20240729,,왕십리
D6BA8B518B,서울특별시 성동구 왕십리로30길 2-1,보리**,,서울 성동구,백반/가정식,왕십리,20230314,,왕십리
CF851F9D05,서울특별시 성동구 왕십리로4길 10-1,멘야******,,서울 성동구,한식-단품요리일반,뚝섬,20191030,,뚝섬
CFA4B1B1C8,서울특별시 성동구 왕십리로4길 10-9,밤토*,,서울 성동구,요리주점,뚝섬,20230308,,뚝섬
AE73D0174A,서울특별시 성동구 왕십리로4길 13-1,유메**,,서울 성동구,일식당,뚝섬,20180402,,뚝섬
E42018568E,서울특별시 성동구 왕십리로4길 13-1,춘배**,,서울 성동구,햄버거,뚝섬,20221021,,뚝섬
4888E1AE6C,서울특별시 성동구 왕십리로4길 13-1,다*,,서울 성동구,요리주점,뚝섬,20240509,,뚝섬
4A98122A06,서울특별시 성동구 왕십리로4길 13-1,신*,,서울 성동구,요리주점,뚝섬,20241203,,뚝섬
98C7FA4198,서울특별시 성동구 왕십리로4길 13-1,성수*,,서울 성동구,백반/가정식,뚝섬,20230621,,뚝섬
60ABA7FA01,서울특별시 성동구 왕십리로4길 19-1,또보******,,서울 성동구,분식,뚝섬,20230626,,뚝섬
0C290BC270,서울특별시 성동구 왕십리로4길 19-1,이태*****,,서울 성동구,민속주점,뚝섬,20241002,,뚝섬
F99B9D223F,서울특별시 성동구 왕십리로4길 22-1,성수**,,서울 성동구,백반/가정식,뚝섬,20231220,,뚝섬
E17006A999,서울특별시 성동구 왕십리로4길 23-1,홍화*,,서울 성동구,한식-육류/고기,뚝섬,20200210,,뚝섬
9FA86D6876,서울특별시 성동구 왕십리로4길 24-3,면화****,,서울 성동구,한식-국수/만두,뚝섬,20230518,,뚝섬
96728A7226,서울특별시 성동구 왕십리로4길 24-7,비도*******,,서울 성동구,카페,뚝섬,20230216,,뚝섬
02886FCA36,서울특별시 성동구 왕십리로4길 24-7,현 ****,,서울 성동구,이자카야,뚝섬,20221220,,뚝섬
B0C882072B,서울특별시 성동구 왕십리로4길 24-8,제이****,,서울 성동구,호프/맥주,뚝섬,20181221,,뚝섬
6FCAE1B526,서울특별시 성동구 왕십리로4길 26-7,아카*****,,서울 성동구,와인바,뚝섬,20221013,,뚝섬
B2FF6DD7D1,서울특별시 성동구 왕십리로4길 26-7,카타***,,서울 성동구,일반 유흥주점,뚝섬,20230707,,뚝섬
6385DDECF1,서울특별시 성동구 왕십리로4길 28-2,넘버***,,서울 성동구,양식,뚝섬,20200218,,뚝섬
F79C44E620,서울특별시 성동구 왕십리로4길 28-2,양복*,,서울 성동구,꼬치구이,뚝섬,20200701,,뚝섬
02FE4FD151,서울특별시 성동구 왕십리로4길 28-2,로우*****,,서울 성동구,커피전문점,뚝섬,20180814,,뚝섬
7EC6C6C075,서울특별시 성동구 왕십리로4길 28-8,다이********,,서울 성동구,이자카야,뚝섬,20210615,,뚝섬
4C9FAA2C92,서울특별시 성동구 왕십리로4길 28-8,감성**,,서울 성동구,한식-단품요리일반,뚝섬,20200316,,뚝섬
86D8C44904,서울특별시 성동구 왕십리로5길 12-1,성수****,,서울 성동구,양식,뚝섬,20180328,,뚝섬
FF55272DEB,서울특별시 성동구 왕십리로5길 12-2,수원****,,서울 성동구,한식-육류/고기,뚝섬,20211129,,뚝섬
26F68BFF02,서울특별시 성동구 왕십리로5길 12-3,뚝섬****,,서울 성동구,한식-육류/고기,뚝섬,20180817,,뚝섬
728530513F,서울특별시 성동구 왕십리로5길 9-10,버섯*,,서울 성동구,한식-단품요리일반,뚝섬,20161215,,뚝섬
C256EA2AC7,서울특별시 성동구 왕십리로5길 9-16,화포*,,서울 성동구,중식당,뚝섬,20241029,,뚝섬
609DC095EC,서울특별시 성동구 왕십리로5길 9-16,소녀**********,,서울 성동구,백반/가정식,뚝섬,20171102,,뚝섬
A8A809016A,서울특별시 성동구 왕십리로5길 9-20,뉴앳*,,서울 성동구,카페,뚝섬,20241014,,뚝섬
14DC63223D,서울특별시 성동구 왕십리로5길 9-20,Se************,,서울 성동구,식료품,뚝섬,20180116,,뚝섬
9DFF61DC0F,서울특별시 성동구 왕십리로5길 9-20,핫쵸****,,서울 성동구,일식당,뚝섬,20221223,,뚝섬
487926887C,서울특별시 성동구 왕십리로8길 18-1,뱅인**,,서울 성동구,양식,뚝섬,20240624,,뚝섬
7D48C168B3,서울특별시 성동구 왕십리로8길 18-1,모피*,,서울 성동구,카페,뚝섬,20240415,,뚝섬
7571EA0116,서울특별시 성동구 왕십리로8길 19-4,뚝섬**,,서울 성동구,한식-해물/생선,뚝섬,20220223,,뚝섬
9E3D0E7F50,서울특별시 성동구 왕십리로8길 19-4,마하*******,,서울 성동구,동남아/인도음식,뚝섬,20240412,,뚝섬
1C0AE3E10C,서울특별시 성동구 왕십리로8길 19-6,하우***,,서울 성동구,카페,뚝섬,20240329,,뚝섬
2E0CA58847,서울특별시 성동구 왕십리로8길 19-6,경주**,,서울 성동구,한식-단품요리일반,뚝섬,20230428,,뚝섬
EEFB21D12B,서울특별시 성동구 왕십리로8길 21-1,카페**************,,서울 성동구,카페,뚝섬,20240201,,뚝섬
8F726BF561,서울특별시 성동구 왕십리로8길 21-1,채마****,,서울 성동구,한정식,뚝섬,20241218,,뚝섬
E27C1862C9,서울특별시 성동구 용답중앙13길 6-1,교촌******,치킨6,서울 성동구,치킨,답십리,20230503,,답십리
E7A7211476,서울특별시 성동구 용답중앙13길 6-3,죽토*********,,서울 성동구,백반/가정식,답십리,20230327,,답십리
DB02976DF2,서울특별시 성동구 용답중앙13길 7-1,건영**,,서울 성동구,축산물,답십리,20210120,,답십리
DF334CC79E,서울특별시 성동구 용답중앙15길 7-1,가장***********,한식-육류/고기1,서울 성동구,한식-육류/고기,답십리,20180827,,용답
D4DF58F26D,서울특별시 성동구 용답중앙15길 8-1,탑*,,서울 성동구,호프/맥주,답십리,20211126,,용답
CED8E4AEE5,서울특별시 성동구 자동차시장1길 30,이도**,,서울 성동구,카페,장한평자동차,20200612,,장한평자동차
FB53D5547B,서울특별시 성동구 자동차시장1길 30,고*,,서울 성동구,백반/가정식,장한평자동차,20240328,,장한평자동차
01EDD97C21,서울특별시 성동구 자동차시장1길 39,일카*,,서울 성동구,커피전문점,장한평자동차,20190208,,장한평자동차
239818D1A0,서울특별시 성동구 자동차시장1길 39,의정*****,한식-찌개/전골2,서울 성동구,한식-찌개/전골,장한평자동차,20230817,,장한평자동차
3CFB121A76,서울특별시 성동구 자동차시장1길 41,한컵**,,서울 성동구,청과물,장한평자동차,20231012,,장한평자동차
34ADC7D5B3,서울특별시 성동구 자동차시장1길 70,카페**,,서울 성동구,카페,장한평자동차,20231117,,장한평자동차
88E81CCBFD,서울특별시 성동구 자동차시장1길 70,코롱**,,서울 성동구,식료품,장한평자동차,20221129,,장한평자동차
E6C9F20B2C,서울특별시 성동구 자동차시장1길 70,다*,,서울 성동구,한정식,장한평자동차,20171031,,장한평자동차
D8D8741AE4,서울특별시 성동구 자동차시장1길 70,밀물**,,서울 성동구,백반/가정식,장한평자동차,20190422,,장한평자동차
CACF934A33,서울특별시 성동구 자동차시장1길 70,남도**,,서울 성동구,백반/가정식,장한평자동차,20191202,,장한평자동차
D757DF77E2,서울특별시 성동구 자동차시장1길 70,전라***,,서울 성동구,백반/가정식,장한평자동차,20210330,,장한평자동차
3D56F4D9D7,서울특별시 성동구 자동차시장1길 70,영광**,,서울 성동구,백반/가정식,장한평자동차,20221031,,장한평자동차
EB8CAF5738,서울특별시 성동구 자동차시장1길 70,삼천***,,서울 성동구,백반/가정식,장한평자동차,20230426,,장한평자동차
056644D0B0,서울특별시 성동구 자동차시장1길 70,광주**,,서울 성동구,백반/가정식,장한평자동차,20240913,,장한평자동차
4912143622,서울특별시 성동구 자동차시장1길 70,장평**,,서울 성동구,한식-육류/고기,장한평자동차,20240226,,장한평자동차
5811A8E05B,서울특별시 성동구 자동차시장1길 70,이일******,,서울 성동구,한식-단품요리일반,장한평자동차,20171205,,장한평자동차
C0B5FF000E,서울특별시 성동구 자동차시장1길 70,시골******,,서울 성동구,한식-단품요리일반,장한평자동차,20210112,,장한평자동차
B16991A830,서울특별시 성동구 자동차시장1길 70,서울**,,서울 성동구,한식-단품요리일반,장한평자동차,20240618,,장한평자동차
C71D78655F,서울특별시 성동구 자동차시장1길 85,그레******,,서울 성동구,카페,장한평자동차,20220324,20231018.0,장한평자동차
41FCF57F43,서울특별시 성동구 자동차시장1길 85,그레*****,,서울 성동구,카페,장한평자동차,20231018,,장한평자동차
43343735BB,서울특별시 성동구 천호대로 지하300,어묵**,,서울 성동구,식료품,답십리,20200826,,답십리
D6F0487E3E,서울특별시 성동구 청계천로10다길 1,가나**,,서울 성동구,축산물,,20220811,,마장동
23E87CC0C5,서울특별시 성동구 고산자로24길 11-1,경원**,,서울 성동구,축산물,마장동,20160817,,왕십리
01AB37892D,서울특별시 성동구 고산자로24길 11-1,구공**,,서울 성동구,축산물,마장동,20210712,,왕십리
513A8B50FC,서울특별시 성동구 고산자로24길 12-1,내일***,,서울 성동구,축산물,마장동,20210812,,왕십리
F12638FC09,서울특별시 성동구 고산자로24길 14-2,보경**,,서울 성동구,축산물,마장동,20231229,,왕십리
2BE8E6A10C,서울특별시 성동구 고산자로24길 14-7,소지****,,서울 성동구,식료품,마장동,20191104,,왕십리
D1AB16DDC4,서울특별시 성동구 고산자로24길 15-1,영화**,,서울 성동구,축산물,마장동,20211116,,왕십리
2D732BFF98,서울특별시 성동구 고산자로24길 16-2,풍원**,,서울 성동구,축산물,마장동,20191230,,왕십리
1C55BF6FB8,서울특별시 성동구 광나루로11길 13-1,구구**,,서울 성동구,치킨,,20230308,,뚝섬
2BFD9CB05E,서울특별시 성동구 광나루로11길 17-1,묘*,,서울 성동구,백반/가정식,,20230927,,뚝섬
51AD83F917,서울특별시 성동구 광나루로11길 17-1,자매****,,서울 성동구,한식-해물/생선,,20220701,,뚝섬
E9E34248AB,서울특별시 성동구 광나루로11길 22-1,부산******,,서울 성동구,한식-육류/고기,,20230315,,뚝섬
035ADB2AA8,서울특별시 성동구 광나루로11길 52-1,리커******,,서울 성동구,커피전문점,,20220805,,뚝섬
78E08EABED,서울특별시 성동구 금호산길 60-1,삼형*******,,서울 성동구,분식,신금호,20230327,,신금호
EC91C206FC,서울특별시 성동구 독서당로39길 43-1,오렌********,,서울 성동구,주류,옥수,20201231,,옥수
E1DF41CE78,서울특별시 성동구 독서당로39길 43-1,소림******,,서울 성동구,중식당,옥수,20220316,,옥수
B723E3740D,서울특별시 성동구 독서당로39길 43-1,연스***,,서울 성동구,일식-참치회,옥수,20200710,,옥수
F16D48C37E,서울특별시 성동구 독서당로40길 25-1,부부*****,,서울 성동구,한식-육류/고기,옥수,20201204,,옥수
289F79B6BC,서울특별시 성동구 독서당로46가길 28,더빌**,,서울 성동구,한식-단품요리일반,금남시장,20220418,,옥수
0E47B24887,서울특별시 성동구 독서당로46길 38-1,라파**,,서울 성동구,카페,금남시장,20221216,,옥수
40D0F833AA,서울특별시 성동구 독서당로47길 12-1,곽쓰*,,서울 성동구,중식당,금남시장,20231204,,옥수
DECBA9ED42,서울특별시 성동구 독서당로51길 22-1,카운***,,서울 성동구,카페,,20230927,,옥수
BECBEDC4A9,서울특별시 성동구 독서당로51길 29-1,오부**,,서울 성동구,양식,,20200924,20240528.0,옥수
EC0642694D,서울특별시 성동구 독서당로51길 29-1,오부**,,서울 성동구,양식,,20240528,,옥수
0E8F0CC5D8,서울특별시 성동구 독서당로51길 34-1,37******,,서울 성동구,한식-단품요리일반,,20190617,,옥수
7D6E8687AA,서울특별시 성동구 독서당로59나길 36,정성**,,서울 성동구,백반/가정식,,20171024,,행당
62E7A755DC,서울특별시 성동구 독서당로59다길 21,오뚜****,,서울 성동구,식료품,,20230222,,옥수
8D50B47A2E,서울특별시 성동구 독서당로59다길 34,진하**,,서울 성동구,미곡상,,20170918,,옥수
0F0676C7F0,서울특별시 성동구 독서당로60가길 20,이레**,,서울 성동구,농산물,,20230110,,행당
18A1E81F1B,서울특별시 성동구 뚝섬로15길 31,매*,,서울 성동구,양식,,20220428,,성수
44410D0CB8,서울특별시 성동구 마장로35나길 3-22,거승**,,서울 성동구,축산물,마장동,20180321,,마장동
E0B79043DA,서울특별시 성동구 마장로35나길 3-29,신안**,,서울 성동구,축산물,마장동,20211216,,마장동
42591F7AE9,서울특별시 성동구 마장로35나길 3-33,비앙*********,,서울 성동구,축산물,마장동,20240116,,마장동
E9372BF2CE,서울특별시 성동구 마장로35나길 3-60,남도**,,서울 성동구,축산물,마장동,20181106,,마장동
44CA6EDFE3,서울특별시 성동구 마장로35나길 3-60,정육**,,서울 성동구,축산물,마장동,20200513,,마장동
549B0B52D3,서울특별시 성동구 살곶이2가길 27-19,파로*,,서울 성동구,청과물,,20221117,,마장동
DF8B176772,서울특별시 성동구 성수일로12길 18-1,예셰*************,,서울 성동구,카페,성수,20210419,,성수
225DC4C12C,서울특별시 성동구 성수일로12길 19-1,카페***,,서울 성동구,카페,성수,20200707,,성수
DD406CC456,서울특별시 성동구 성수일로1길 12-12,20****,,서울 성동구,양식,,20230530,,성수
F58CA84077,서울특별시 성동구 성수일로4길 35-11,커피********,,서울 성동구,커피전문점,성수,20230925,,성수
D5A688AFCD,서울특별시 성동구 아차산로13길 23-1,제일***,,서울 성동구,한식-국밥/설렁탕,,20210903,,건대입구
6FDC82A57D,서울특별시 성동구 왕십리로10길 10-1,우불**,,서울 성동구,한식-단품요리일반,뚝섬,20220630,,뚝섬
BC04FDC81C,서울특별시 성동구 왕십리로10길 18-1,미디***,,서울 성동구,카페,뚝섬,20200911,,뚝섬
C829E2FF48,서울특별시 성동구 왕십리로10길 18-1,토리**,,서울 성동구,일식당,뚝섬,20240628,,뚝섬
0A1F11604A,서울특별시 성동구 왕십리로10길 20-1,아끄*************,,서울 성동구,양식,뚝섬,20191029,,뚝섬
4C8A0648B0,서울특별시 성동구 왕십리로10길 9-14,갓잇**************,,서울 성동구,기타세계요리,뚝섬,20231220,,뚝섬
150889572A,서울특별시 성동구 왕십리로10길 9-31,스트*****,,서울 성동구,베이커리,뚝섬,20211217,20250814.0,뚝섬
BC7E71B9C9,서울특별시 성동구 왕십리로10길 9-31,스트*********,,서울 성동구,한식-단품요리일반,뚝섬,20230728,,뚝섬
54A86F9105,서울특별시 성동구 왕십리로14길 12-1,온센*******,,서울 성동구,일식당,뚝섬,20210129,,뚝섬
8B4134D934,서울특별시 성동구 왕십리로14길 19-2,칠*,,서울 성동구,일반 유흥주점,뚝섬,20240328,,뚝섬
E655648F43,서울특별시 성동구 왕십리로14길 30-1,구*,,서울 성동구,카페,뚝섬,20200709,,뚝섬
9BF052D283,서울특별시 성동구 왕십리로14길 30-1,파이*******,,서울 성동구,식료품,뚝섬,20211001,,뚝섬
129842CE2F,서울특별시 성동구 왕십리로14길 32-3,홍천**,,서울 성동구,백반/가정식,뚝섬,20200821,,뚝섬
4F91DC078E,서울특별시 성동구 왕십리로16가길 10,리커*******,,서울 성동구,커피전문점,뚝섬,20200918,,뚝섬
4F374EBA09,서울특별시 성동구 왕십리로16길 13-1,아뜰***,,서울 성동구,카페,뚝섬,20220707,,뚝섬
46409ECD04,서울특별시 성동구 왕십리로16길 15-1,젤코**********************,,서울 성동구,와인바,뚝섬,20231017,,뚝섬
CC8638F044,서울특별시 성동구 왕십리로21길 10-1,반찬**,,서울 성동구,반찬,왕십리,20231124,,왕십리
1E9761FB09,서울특별시 성동구 왕십리로21길 10-1,알맹*******,,서울 성동구,한식-단품요리일반,왕십리,20211230,,왕십리
0667DA4B74,서울특별시 성동구 왕십리로21길 39-1,오블*************,,서울 성동구,양식,행당,20221028,,행당
255EEC201D,서울특별시 성동구 왕십리로21길 39-1,호남**,,서울 성동구,한식-찌개/전골,행당,20190524,,행당
20540DA43D,서울특별시 성동구 왕십리로21길 45-1,연디**,,서울 성동구,베이커리,행당,20200408,,행당
053AF8AE28,서울특별시 성동구 왕십리로21다길 39,수제******,,서울 성동구,한식-국수/만두,왕십리,20230717,,왕십리
C818CC20CF,서울특별시 성동구 왕십리로22길 10-1,능한**,,서울 성동구,한식-육류/고기,왕십리,20230712,,왕십리
407EA64E55,서울특별시 성동구 왕십리로24길 10-2,고깃****,,서울 성동구,한식-육류/고기,왕십리,20190314,,왕십리
FE30B6645E,서울특별시 성동구 왕십리로24길 27-1,후라**************,치킨40,서울 성동구,치킨,왕십리,20190124,20230321.0,왕십리
1AC8580FC6,서울특별시 성동구 왕십리로24길 27-1,후라**************,치킨40,서울 성동구,치킨,왕십리,20230321,,왕십리
3E09B1E315,서울특별시 성동구 왕십리로24길 39-1,황토**,,서울 성동구,한식-육류/고기,왕십리,20190910,,왕십리
091DB36DAA,서울특별시 성동구 왕십리로24나길 10,중화*****,,서울 성동구,중식당,왕십리,20210916,,왕십리
07E06697D9,서울특별시 성동구 왕십리로24나길 14,류가***,,서울 성동구,꼬치구이,왕십리,20230918,,왕십리
7D27EA6A09,서울특별시 성동구 왕십리로24나길 20,춘리********,,서울 성동구,중식당,왕십리,20230512,,왕십리
6FEFF6CAA0,서울특별시 성동구 왕십리로31나길 21,프레********,,서울 성동구,피자,,20220608,,왕십리
CCD21AE0A4,서울특별시 성동구 왕십리로31나길 21,서울**,,서울 성동구,한식-단품요리일반,,20220805,,왕십리
A7BC78E695,서울특별시 성동구 왕십리로4가길 2-9,바버******,,서울 성동구,카페,뚝섬,20230711,,뚝섬
5FE5C42B70,서울특별시 성동구 왕십리로4길 10-12,칼리*****************,,서울 성동구,양식,뚝섬,20230706,,뚝섬
D98E86E1EF,서울특별시 성동구 왕십리로4길 10-12,제비*,,서울 성동구,한식-단품요리일반,뚝섬,20211125,,뚝섬
75F892EF1E,서울특별시 성동구 왕십리로4길 10-12,서울**,,서울 성동구,한식-단품요리일반,뚝섬,20240514,,뚝섬
4C9BC35AD4,서울특별시 성동구 왕십리로4길 24-19,파머********,,서울 성동구,샌드위치/토스트,뚝섬,20240507,,뚝섬
D9C06C8643,서울특별시 성동구 왕십리로4길 26-14,성수**,,서울 성동구,한식-단품요리일반,뚝섬,20210819,,뚝섬
DD282F5170,서울특별시 성동구 왕십리로4길 26-18,식당*,,서울 성동구,일식당,뚝섬,20241023,,뚝섬
47654FAE2A,서울특별시 성동구 왕십리로4길 26-18,엘*,,서울 성동구,식품 제조,뚝섬,20190530,,뚝섬
BCB8BCC1D2,서울특별시 성동구 왕십리로4길 26-18,스윗***,,서울 성동구,커피전문점,뚝섬,20220930,,뚝섬
B01C36F034,서울특별시 성동구 왕십리로4길 26-20,소바**,,서울 성동구,일식당,뚝섬,20211021,,뚝섬
A6324E2F43,서울특별시 성동구 왕십리로4길 26-22,맥문*,,서울 성동구,한식-단품요리일반,뚝섬,20190605,,뚝섬
3C5DFF3840,서울특별시 성동구 용답중앙11길 16-1,소담**,,서울 성동구,분식,답십리,20190415,,답십리
451CF53207,서울특별시 성동구 용답중앙11길 18-1,왕갈****,,서울 성동구,한식-국수/만두,답십리,20220715,,답십리
20E4760A74,서울특별시 성동구 용답중앙13길 14-1,푸짐*****,,서울 성동구,백반/가정식,답십리,20200814,,답십리
E825CDB209,서울특별시 성동구 용답중앙13길 16-1,황우**,,서울 성동구,한식뷔페,답십리,20230927,,답십리
877441E8F5,서울특별시 성동구 용답중앙15길 15-2,심봉******,베이커리7,서울 성동구,베이커리,답십리,20220809,,용답
2B06E192A3,서울특별시 성동구 용답중앙23길 16-2,모찌*****,,서울 성동구,마카롱,답십리,20230417,,답십리
94AC53C528,서울특별시 성동구 장터길 21-1 .,고기***********,,서울 성동구,한식-육류/고기,,20230411,,금남시장
C7D707F1E2,서울특별시 성동구 청계천로10가길 38,고박*******,,서울 성동구,축산물,,20220811,,마장동
85630A8BAA,서울특별시 성동구 청계천로10나길 24,고기**,,서울 성동구,축산물,,20180129,,마장동
EE7B25452C,서울특별시 성동구 청계천로10나길 33,본금***,,서울 성동구,축산물,,20240315,,마장동
09D2771DD5,서울특별시 성동구 청계천로10나길 56,신우****,,서울 성동구,축산물,마장동,20230519,,마장동
7FC483F27A,서울특별시 성동구 청계천로10나길 79,중국***,,서울 성동구,식료품,마장동,20240725,20250725.0,마장동
2C4B01EA60,서울특별시 성동구 청계천로10나길 79,고기*,,서울 성동구,한식-육류/고기,마장동,20190515,,마장동
39A0648E6F,서울특별시 성동구 청계천로10나길 80,주향****,,서울 성동구,꼬치구이,마장동,20210329,,마장동
CFA3039DF1,서울특별시 성동구 청계천로10다길 19,하*,,서울 성동구,축산물,,20170927,,마장동
C30C25CDA5,서울특별시 성동구 청계천로10다길 24,누가**,,서울 성동구,축산물,,20210608,,마장동
7D29798181,서울특별시 성동구 청계천로10다길 61,마천*********,,서울 성동구,축산물,마장동,20171019,,마장동
FC94397B9D,서울특별시 성동구 청계천로12가길 51,한결**,,서울 성동구,축산물,마장동,20220221,,마장동
02080D3457,서울특별시 성동구 금호산2길 21-1,앂.**************,,서울 성동구,양식,금남시장,20221011,,금남시장
4CC519E81E,서울특별시 성동구 독서당로62길 22-11,얌이**,,서울 성동구,백반/가정식,,20200520,,행당
F74D26733C,서울특별시 성동구 왕십리로14길 28-15,플디**********,,서울 성동구,베이커리,뚝섬,20240731,,뚝섬
7B038FEF47,서울특별시 성동구 왕십리로14길 30-11,포어**,,서울 성동구,카페,뚝섬,20220705,,뚝섬
671826BB1A,서울특별시 성동구 왕십리로21가길 3-1,옥이*,,서울 성동구,포장마차,왕십리,20191002,,왕십리
01EBAA3D0F,서울특별시 성동구 왕십리로8길 15,샐러****************,,서울 성동구,샌드위치/토스트,뚝섬,20210614,,뚝섬
2477DC6A37,서울특별시 성동구 성수이로7가길 21-17,하람**,,서울 성동구,청과물,성수,20170525,,성수
9E4161542A,서울특별시 성동구 성수일로4가길 10-14,스켓******,,서울 성동구,식료품,성수,20241008,,성수
DF67DE190B,서울특별시 성동구 왕십리로31가길 10-2,브렛********,,서울 성동구,한식-단품요리일반,,20190405,,왕십리
295F1DE887,서울특별시 성동구 청계천로10가길 10-9,마장*********,,서울 성동구,한식-국밥/설렁탕,,20240130,,마장동
1F8450ED67,서울특별시 성동구 청계천로12가길 40-3,신영****,,서울 성동구,축산물,마장동,20210805,,마장동
667E63F3BC,서울특별시 성동구 청계천로12가길 6-24,금복**,,서울 성동구,식료품,,20190725,,마장동
4A2D564D9B,서울특별시 성동구 청계천로12가길 75-3,브이****,,서울 성동구,룸살롱/단란주점,마장동,20201123,,마장동
D5909AB680,서울특별시 성동구 고산자로6가길 21,레*,,서울 성동구,식료품,,20210205,,왕십리
2F44EA8AEB,서울특별시 성동구 아차산로 153,성수**,,서울 성동구,백반/가정식,,20231005,,건대입구
142D8C5954,서울특별시 성동구 왕십리로16가길 10-30,뻬따*******,,서울 성동구,양식,뚝섬,20230913,,뚝섬
7D86CADAA6,서울특별시 성동구 청계천로10가길 10-13,제일***,,서울 성동구,축산물,,20210514,,마장동
365914E11C,서울특별시 성동구 청계천로10가길 64-12,청계**,,서울 성동구,카페,,20210408,20230913.0,마장동
71C48EDE85,서울특별시 성동구 청계천로10가길 64-12,청계**,,서울 성동구,카페,,20230913,,마장동
3845CA9FE8,서울특별시 성동구 청계천로10다길 34-14,태민**,,서울 성동구,축산물,,20171208,,마장동
FE3D949A0E,서울 성동구 왕십리로 363-1 (하왕십리동),꼬치***,,서울 성동구,호프/맥주,,19991101,,왕십리
E945237BD4,서울 성동구 용답길 157-31,장성**,,서울 성동구,백반/가정식,답십리,20200827,,용답
2F190FBDCA,서울특별시 성동구 아차산로13길 37,쉭앤****,,서울 성동구,카페,,20230721,,건대입구
665886A952,서울특별시 성동구 청계천로10가길 38,고박******,,서울 성동구,백반/가정식,,20220808,,마장동
F4696BFFD9,서울특별시 성동구 고산자로 284,그린*,,서울 성동구,백반/가정식,왕십리,20221124,,왕십리
CC85B20721,서울특별시 성동구 마장로44길 8-18,카페******,,서울 성동구,베이커리,,20230919,,마장동
8F05244173,서울 성동구 고산자로8가길 12,소예*****,,서울 성동구,베이커리,,20191206,,왕십리
491274748A,서울 성동구 성수일로12길 34,오니******,한식-단품요리일반9,서울 성동구,한식-단품요리일반,성수,20100113,,성수
428FFBD76A,서울특별시 성동구 광나루로 296,퓨엘**,,서울 성동구,카페,,20230130,,뚝섬
1E7A13BB3E,서울특별시 성동구 금호로 82-1,더 ****,,서울 성동구,청과물,,20230502,,신금호
6E8496E346,서울특별시 성동구 마장로 137,언코*****,,서울 성동구,백반/가정식,,20231025,,마장동
FF079A30CE,서울특별시 성동구 금호로11길 3,금호***,,서울 성동구,한식-육류/고기,신금호,20220415,,신금호
FCCA295301,서울특별시 성동구 무학봉길 53-1,비비***,치킨2,서울 성동구,치킨,,20221117,,왕십리
58B1DEEE5D,서울특별시 성동구 용답29길 28 ,럼프**************,,서울 성동구,카페,답십리,20230504,,답십리
AEF0DF6708,서울특별시 성동구 아차산로17길 57,컴포**********,커피전문점11,서울 성동구,커피전문점,,20210831,,건대입구
7FCF23E6F3,서울특별시 성동구 마장로 137,아이**********,,서울 성동구,아이스크림/빙수,,20230821,,마장동
9743B78531,서울 성동구 독서당로 223,어반**,,서울 성동구,양식,,20130305,,옥수
C2261977A8,서울특별시 성동구 마장로35길 76,한성**,,서울 성동구,축산물,,20230517,,마장동
F1C69918DF,서울 성동구 왕십리로 410,국수**,한식-국수/만두3,서울 성동구,한식-국수/만두,,20211007,,왕십리
58B8C943BF,서울특별시 성동구 매봉길 50,아이******,,서울 성동구,아이스크림/빙수,,20230303,,옥수
